ISO-10303-21;
HEADER;
/* Generated by software containing ST-Developer
 * from STEP Tools, Inc. (www.steptools.com) 
 */

FILE_DESCRIPTION(
/* description */ ('KiCad electronic assembly'),
/* implementation_level */ '2;1');

FILE_NAME(
/* name */ 'Top of case.step',
/* time_stamp */ '2026-08-17T23:20:54-04:00',
/* author */ (''),
/* organization */ (''),
/* preprocessor_version */ 'ST-DEVELOPER v20.1',
/* originating_system */ 'Autodesk Translation Framework v15.8.0.0',
/* authorisation */ '');

FILE_SCHEMA (('AUTOMOTIVE_DESIGN { 1 0 10303 214 3 1 1 }'));
ENDSEC;

DATA;
#10=MECHANICAL_DESIGN_GEOMETRIC_PRESENTATION_REPRESENTATION('',(#13),#12039);
#11=SHAPE_REPRESENTATION_RELATIONSHIP('SRR','None',#12045,#12);
#12=ADVANCED_BREP_SHAPE_REPRESENTATION('',(#14),#12038);
#13=STYLED_ITEM('',(#12054),#14);
#14=MANIFOLD_SOLID_BREP('Body8',#7731);
#15=SPHERICAL_SURFACE('',#7775,2.);
#16=SPHERICAL_SURFACE('',#7777,2.);
#17=SPHERICAL_SURFACE('',#7786,2.);
#18=SPHERICAL_SURFACE('',#7790,2.);
#19=FACE_BOUND('',#593,.T.);
#20=FACE_BOUND('',#594,.T.);
#21=FACE_BOUND('',#595,.T.);
#22=FACE_BOUND('',#596,.T.);
#23=FACE_BOUND('',#597,.T.);
#24=FACE_BOUND('',#598,.T.);
#25=FACE_BOUND('',#599,.T.);
#26=FACE_BOUND('',#600,.T.);
#27=FACE_BOUND('',#601,.T.);
#28=FACE_BOUND('',#602,.T.);
#29=FACE_BOUND('',#603,.T.);
#30=FACE_BOUND('',#604,.T.);
#31=FACE_BOUND('',#605,.T.);
#32=FACE_BOUND('',#606,.T.);
#33=FACE_BOUND('',#607,.T.);
#34=FACE_BOUND('',#608,.T.);
#35=FACE_BOUND('',#609,.T.);
#36=FACE_BOUND('',#610,.T.);
#37=FACE_BOUND('',#611,.T.);
#38=FACE_BOUND('',#612,.T.);
#39=FACE_BOUND('',#613,.T.);
#40=FACE_BOUND('',#614,.T.);
#41=FACE_BOUND('',#615,.T.);
#42=FACE_BOUND('',#616,.T.);
#43=FACE_BOUND('',#617,.T.);
#44=FACE_BOUND('',#618,.T.);
#45=FACE_BOUND('',#619,.T.);
#46=FACE_BOUND('',#620,.T.);
#47=FACE_BOUND('',#621,.T.);
#48=FACE_BOUND('',#622,.T.);
#49=FACE_BOUND('',#623,.T.);
#50=FACE_BOUND('',#624,.T.);
#51=FACE_BOUND('',#625,.T.);
#52=FACE_BOUND('',#626,.T.);
#53=FACE_BOUND('',#627,.T.);
#54=FACE_BOUND('',#628,.T.);
#55=FACE_BOUND('',#629,.T.);
#56=FACE_BOUND('',#630,.T.);
#57=FACE_BOUND('',#631,.T.);
#58=FACE_BOUND('',#632,.T.);
#59=FACE_BOUND('',#633,.T.);
#60=FACE_BOUND('',#634,.T.);
#61=FACE_BOUND('',#635,.T.);
#62=FACE_BOUND('',#636,.T.);
#63=FACE_BOUND('',#637,.T.);
#64=FACE_BOUND('',#638,.T.);
#65=FACE_BOUND('',#639,.T.);
#66=FACE_BOUND('',#640,.T.);
#67=FACE_BOUND('',#641,.T.);
#68=FACE_BOUND('',#642,.T.);
#69=FACE_BOUND('',#643,.T.);
#70=FACE_BOUND('',#644,.T.);
#71=FACE_BOUND('',#645,.T.);
#72=FACE_BOUND('',#646,.T.);
#73=FACE_BOUND('',#647,.T.);
#74=FACE_BOUND('',#648,.T.);
#75=FACE_BOUND('',#649,.T.);
#76=FACE_BOUND('',#650,.T.);
#77=FACE_BOUND('',#651,.T.);
#78=FACE_BOUND('',#652,.T.);
#79=FACE_BOUND('',#653,.T.);
#80=FACE_BOUND('',#654,.T.);
#81=FACE_BOUND('',#655,.T.);
#82=FACE_BOUND('',#656,.T.);
#83=FACE_BOUND('',#657,.T.);
#84=FACE_BOUND('',#658,.T.);
#85=FACE_BOUND('',#659,.T.);
#86=FACE_BOUND('',#660,.T.);
#87=FACE_BOUND('',#661,.T.);
#88=FACE_BOUND('',#662,.T.);
#89=FACE_BOUND('',#663,.T.);
#90=FACE_BOUND('',#664,.T.);
#91=FACE_BOUND('',#665,.T.);
#92=FACE_BOUND('',#666,.T.);
#93=FACE_BOUND('',#667,.T.);
#94=FACE_BOUND('',#668,.T.);
#95=FACE_BOUND('',#669,.T.);
#96=FACE_BOUND('',#670,.T.);
#97=FACE_BOUND('',#671,.T.);
#98=FACE_BOUND('',#672,.T.);
#99=FACE_BOUND('',#675,.T.);
#100=FACE_BOUND('',#676,.T.);
#101=FACE_BOUND('',#677,.T.);
#102=FACE_BOUND('',#678,.T.);
#103=FACE_BOUND('',#679,.T.);
#104=FACE_BOUND('',#680,.T.);
#105=FACE_BOUND('',#681,.T.);
#106=FACE_BOUND('',#682,.T.);
#107=FACE_BOUND('',#683,.T.);
#108=FACE_BOUND('',#684,.T.);
#109=FACE_BOUND('',#685,.T.);
#110=FACE_BOUND('',#686,.T.);
#111=FACE_BOUND('',#687,.T.);
#112=FACE_BOUND('',#688,.T.);
#113=FACE_BOUND('',#689,.T.);
#114=FACE_BOUND('',#690,.T.);
#115=FACE_BOUND('',#691,.T.);
#116=FACE_BOUND('',#692,.T.);
#117=FACE_BOUND('',#693,.T.);
#118=FACE_BOUND('',#694,.T.);
#119=FACE_BOUND('',#695,.T.);
#120=FACE_BOUND('',#696,.T.);
#121=FACE_BOUND('',#697,.T.);
#122=FACE_BOUND('',#698,.T.);
#123=FACE_BOUND('',#699,.T.);
#124=FACE_BOUND('',#700,.T.);
#125=FACE_BOUND('',#701,.T.);
#126=FACE_BOUND('',#702,.T.);
#127=FACE_BOUND('',#703,.T.);
#128=FACE_BOUND('',#704,.T.);
#129=FACE_BOUND('',#705,.T.);
#130=FACE_BOUND('',#706,.T.);
#131=FACE_BOUND('',#707,.T.);
#132=FACE_BOUND('',#708,.T.);
#133=FACE_BOUND('',#709,.T.);
#134=FACE_BOUND('',#710,.T.);
#135=FACE_BOUND('',#711,.T.);
#136=FACE_BOUND('',#712,.T.);
#137=FACE_BOUND('',#713,.T.);
#138=FACE_BOUND('',#714,.T.);
#139=FACE_BOUND('',#715,.T.);
#140=FACE_BOUND('',#716,.T.);
#141=FACE_BOUND('',#717,.T.);
#142=FACE_BOUND('',#718,.T.);
#143=FACE_BOUND('',#719,.T.);
#144=FACE_BOUND('',#720,.T.);
#145=FACE_BOUND('',#721,.T.);
#146=FACE_BOUND('',#722,.T.);
#147=FACE_BOUND('',#723,.T.);
#148=FACE_BOUND('',#724,.T.);
#149=FACE_BOUND('',#725,.T.);
#150=FACE_BOUND('',#726,.T.);
#151=FACE_BOUND('',#727,.T.);
#152=FACE_BOUND('',#728,.T.);
#153=FACE_BOUND('',#729,.T.);
#154=FACE_BOUND('',#730,.T.);
#155=FACE_BOUND('',#731,.T.);
#156=FACE_BOUND('',#732,.T.);
#157=FACE_BOUND('',#733,.T.);
#158=FACE_BOUND('',#734,.T.);
#159=FACE_BOUND('',#735,.T.);
#160=FACE_BOUND('',#736,.T.);
#161=FACE_BOUND('',#737,.T.);
#162=FACE_BOUND('',#738,.T.);
#163=FACE_BOUND('',#739,.T.);
#164=FACE_BOUND('',#740,.T.);
#165=FACE_BOUND('',#741,.T.);
#166=FACE_BOUND('',#742,.T.);
#167=FACE_BOUND('',#743,.T.);
#168=FACE_BOUND('',#744,.T.);
#169=FACE_BOUND('',#745,.T.);
#170=FACE_BOUND('',#746,.T.);
#171=FACE_BOUND('',#747,.T.);
#172=FACE_BOUND('',#748,.T.);
#173=FACE_BOUND('',#749,.T.);
#174=FACE_BOUND('',#750,.T.);
#175=FACE_BOUND('',#751,.T.);
#176=FACE_BOUND('',#752,.T.);
#177=FACE_BOUND('',#753,.T.);
#178=FACE_BOUND('',#754,.T.);
#179=CIRCLE('',#7735,2.);
#180=CIRCLE('',#7736,1.99999999999999);
#181=CIRCLE('',#7739,2.);
#182=CIRCLE('',#7740,2.00000000000003);
#183=CIRCLE('',#7743,2.);
#184=CIRCLE('',#7744,2.);
#185=CIRCLE('',#7747,2.);
#186=CIRCLE('',#7749,2.);
#187=CIRCLE('',#7750,2.);
#188=CIRCLE('',#7754,2.);
#189=CIRCLE('',#7755,2.);
#190=CIRCLE('',#7756,2.);
#191=CIRCLE('',#7761,2.);
#192=CIRCLE('',#7764,2.);
#193=CIRCLE('',#7766,2.);
#194=CIRCLE('',#7768,2.);
#195=CIRCLE('',#7771,2.);
#196=CIRCLE('',#7773,2.);
#197=CIRCLE('',#7774,1.99999999999999);
#198=CIRCLE('',#7776,1.99999999999999);
#199=CIRCLE('',#7778,2.);
#200=CIRCLE('',#7783,1.99999999999999);
#201=CIRCLE('',#7785,2.);
#202=CIRCLE('',#7787,1.99999999999999);
#203=CIRCLE('',#7789,2.);
#204=CYLINDRICAL_SURFACE('',#7734,2.);
#205=CYLINDRICAL_SURFACE('',#7738,2.);
#206=CYLINDRICAL_SURFACE('',#7742,2.);
#207=CYLINDRICAL_SURFACE('',#7748,2.);
#208=CYLINDRICAL_SURFACE('',#7753,2.);
#209=CYLINDRICAL_SURFACE('',#7770,2.);
#210=CYLINDRICAL_SURFACE('',#7772,2.);
#211=CYLINDRICAL_SURFACE('',#7780,2.);
#212=CYLINDRICAL_SURFACE('',#7782,2.);
#213=CYLINDRICAL_SURFACE('',#7784,2.);
#214=CYLINDRICAL_SURFACE('',#7788,2.);
#215=FACE_OUTER_BOUND('',#574,.T.);
#216=FACE_OUTER_BOUND('',#575,.T.);
#217=FACE_OUTER_BOUND('',#576,.T.);
#218=FACE_OUTER_BOUND('',#577,.T.);
#219=FACE_OUTER_BOUND('',#578,.T.);
#220=FACE_OUTER_BOUND('',#579,.T.);
#221=FACE_OUTER_BOUND('',#580,.T.);
#222=FACE_OUTER_BOUND('',#581,.T.);
#223=FACE_OUTER_BOUND('',#582,.T.);
#224=FACE_OUTER_BOUND('',#583,.T.);
#225=FACE_OUTER_BOUND('',#584,.T.);
#226=FACE_OUTER_BOUND('',#585,.T.);
#227=FACE_OUTER_BOUND('',#586,.T.);
#228=FACE_OUTER_BOUND('',#587,.T.);
#229=FACE_OUTER_BOUND('',#588,.T.);
#230=FACE_OUTER_BOUND('',#589,.T.);
#231=FACE_OUTER_BOUND('',#590,.T.);
#232=FACE_OUTER_BOUND('',#591,.T.);
#233=FACE_OUTER_BOUND('',#592,.T.);
#234=FACE_OUTER_BOUND('',#673,.T.);
#235=FACE_OUTER_BOUND('',#674,.T.);
#236=FACE_OUTER_BOUND('',#755,.T.);
#237=FACE_OUTER_BOUND('',#756,.T.);
#238=FACE_OUTER_BOUND('',#757,.T.);
#239=FACE_OUTER_BOUND('',#758,.T.);
#240=FACE_OUTER_BOUND('',#759,.T.);
#241=FACE_OUTER_BOUND('',#760,.T.);
#242=FACE_OUTER_BOUND('',#761,.T.);
#243=FACE_OUTER_BOUND('',#762,.T.);
#244=FACE_OUTER_BOUND('',#763,.T.);
#245=FACE_OUTER_BOUND('',#764,.T.);
#246=FACE_OUTER_BOUND('',#765,.T.);
#247=FACE_OUTER_BOUND('',#766,.T.);
#248=FACE_OUTER_BOUND('',#767,.T.);
#249=FACE_OUTER_BOUND('',#768,.T.);
#250=FACE_OUTER_BOUND('',#769,.T.);
#251=FACE_OUTER_BOUND('',#770,.T.);
#252=FACE_OUTER_BOUND('',#771,.T.);
#253=FACE_OUTER_BOUND('',#772,.T.);
#254=FACE_OUTER_BOUND('',#773,.T.);
#255=FACE_OUTER_BOUND('',#774,.T.);
#256=FACE_OUTER_BOUND('',#775,.T.);
#257=FACE_OUTER_BOUND('',#776,.T.);
#258=FACE_OUTER_BOUND('',#777,.T.);
#259=FACE_OUTER_BOUND('',#778,.T.);
#260=FACE_OUTER_BOUND('',#779,.T.);
#261=FACE_OUTER_BOUND('',#780,.T.);
#262=FACE_OUTER_BOUND('',#781,.T.);
#263=FACE_OUTER_BOUND('',#782,.T.);
#264=FACE_OUTER_BOUND('',#783,.T.);
#265=FACE_OUTER_BOUND('',#784,.T.);
#266=FACE_OUTER_BOUND('',#785,.T.);
#267=FACE_OUTER_BOUND('',#786,.T.);
#268=FACE_OUTER_BOUND('',#787,.T.);
#269=FACE_OUTER_BOUND('',#788,.T.);
#270=FACE_OUTER_BOUND('',#789,.T.);
#271=FACE_OUTER_BOUND('',#790,.T.);
#272=FACE_OUTER_BOUND('',#791,.T.);
#273=FACE_OUTER_BOUND('',#792,.T.);
#274=FACE_OUTER_BOUND('',#793,.T.);
#275=FACE_OUTER_BOUND('',#794,.T.);
#276=FACE_OUTER_BOUND('',#795,.T.);
#277=FACE_OUTER_BOUND('',#796,.T.);
#278=FACE_OUTER_BOUND('',#797,.T.);
#279=FACE_OUTER_BOUND('',#798,.T.);
#280=FACE_OUTER_BOUND('',#799,.T.);
#281=FACE_OUTER_BOUND('',#800,.T.);
#282=FACE_OUTER_BOUND('',#801,.T.);
#283=FACE_OUTER_BOUND('',#802,.T.);
#284=FACE_OUTER_BOUND('',#803,.T.);
#285=FACE_OUTER_BOUND('',#804,.T.);
#286=FACE_OUTER_BOUND('',#805,.T.);
#287=FACE_OUTER_BOUND('',#806,.T.);
#288=FACE_OUTER_BOUND('',#807,.T.);
#289=FACE_OUTER_BOUND('',#808,.T.);
#290=FACE_OUTER_BOUND('',#809,.T.);
#291=FACE_OUTER_BOUND('',#810,.T.);
#292=FACE_OUTER_BOUND('',#811,.T.);
#293=FACE_OUTER_BOUND('',#812,.T.);
#294=FACE_OUTER_BOUND('',#813,.T.);
#295=FACE_OUTER_BOUND('',#814,.T.);
#296=FACE_OUTER_BOUND('',#815,.T.);
#297=FACE_OUTER_BOUND('',#816,.T.);
#298=FACE_OUTER_BOUND('',#817,.T.);
#299=FACE_OUTER_BOUND('',#818,.T.);
#300=FACE_OUTER_BOUND('',#819,.T.);
#301=FACE_OUTER_BOUND('',#820,.T.);
#302=FACE_OUTER_BOUND('',#821,.T.);
#303=FACE_OUTER_BOUND('',#822,.T.);
#304=FACE_OUTER_BOUND('',#823,.T.);
#305=FACE_OUTER_BOUND('',#824,.T.);
#306=FACE_OUTER_BOUND('',#825,.T.);
#307=FACE_OUTER_BOUND('',#826,.T.);
#308=FACE_OUTER_BOUND('',#827,.T.);
#309=FACE_OUTER_BOUND('',#828,.T.);
#310=FACE_OUTER_BOUND('',#829,.T.);
#311=FACE_OUTER_BOUND('',#830,.T.);
#312=FACE_OUTER_BOUND('',#831,.T.);
#313=FACE_OUTER_BOUND('',#832,.T.);
#314=FACE_OUTER_BOUND('',#833,.T.);
#315=FACE_OUTER_BOUND('',#834,.T.);
#316=FACE_OUTER_BOUND('',#835,.T.);
#317=FACE_OUTER_BOUND('',#836,.T.);
#318=FACE_OUTER_BOUND('',#837,.T.);
#319=FACE_OUTER_BOUND('',#838,.T.);
#320=FACE_OUTER_BOUND('',#839,.T.);
#321=FACE_OUTER_BOUND('',#840,.T.);
#322=FACE_OUTER_BOUND('',#841,.T.);
#323=FACE_OUTER_BOUND('',#842,.T.);
#324=FACE_OUTER_BOUND('',#843,.T.);
#325=FACE_OUTER_BOUND('',#844,.T.);
#326=FACE_OUTER_BOUND('',#845,.T.);
#327=FACE_OUTER_BOUND('',#846,.T.);
#328=FACE_OUTER_BOUND('',#847,.T.);
#329=FACE_OUTER_BOUND('',#848,.T.);
#330=FACE_OUTER_BOUND('',#849,.T.);
#331=FACE_OUTER_BOUND('',#850,.T.);
#332=FACE_OUTER_BOUND('',#851,.T.);
#333=FACE_OUTER_BOUND('',#852,.T.);
#334=FACE_OUTER_BOUND('',#853,.T.);
#335=FACE_OUTER_BOUND('',#854,.T.);
#336=FACE_OUTER_BOUND('',#855,.T.);
#337=FACE_OUTER_BOUND('',#856,.T.);
#338=FACE_OUTER_BOUND('',#857,.T.);
#339=FACE_OUTER_BOUND('',#858,.T.);
#340=FACE_OUTER_BOUND('',#859,.T.);
#341=FACE_OUTER_BOUND('',#860,.T.);
#342=FACE_OUTER_BOUND('',#861,.T.);
#343=FACE_OUTER_BOUND('',#862,.T.);
#344=FACE_OUTER_BOUND('',#863,.T.);
#345=FACE_OUTER_BOUND('',#864,.T.);
#346=FACE_OUTER_BOUND('',#865,.T.);
#347=FACE_OUTER_BOUND('',#866,.T.);
#348=FACE_OUTER_BOUND('',#867,.T.);
#349=FACE_OUTER_BOUND('',#868,.T.);
#350=FACE_OUTER_BOUND('',#869,.T.);
#351=FACE_OUTER_BOUND('',#870,.T.);
#352=FACE_OUTER_BOUND('',#871,.T.);
#353=FACE_OUTER_BOUND('',#872,.T.);
#354=FACE_OUTER_BOUND('',#873,.T.);
#355=FACE_OUTER_BOUND('',#874,.T.);
#356=FACE_OUTER_BOUND('',#875,.T.);
#357=FACE_OUTER_BOUND('',#876,.T.);
#358=FACE_OUTER_BOUND('',#877,.T.);
#359=FACE_OUTER_BOUND('',#878,.T.);
#360=FACE_OUTER_BOUND('',#879,.T.);
#361=FACE_OUTER_BOUND('',#880,.T.);
#362=FACE_OUTER_BOUND('',#881,.T.);
#363=FACE_OUTER_BOUND('',#882,.T.);
#364=FACE_OUTER_BOUND('',#883,.T.);
#365=FACE_OUTER_BOUND('',#884,.T.);
#366=FACE_OUTER_BOUND('',#885,.T.);
#367=FACE_OUTER_BOUND('',#886,.T.);
#368=FACE_OUTER_BOUND('',#887,.T.);
#369=FACE_OUTER_BOUND('',#888,.T.);
#370=FACE_OUTER_BOUND('',#889,.T.);
#371=FACE_OUTER_BOUND('',#890,.T.);
#372=FACE_OUTER_BOUND('',#891,.T.);
#373=FACE_OUTER_BOUND('',#892,.T.);
#374=FACE_OUTER_BOUND('',#893,.T.);
#375=FACE_OUTER_BOUND('',#894,.T.);
#376=FACE_OUTER_BOUND('',#895,.T.);
#377=FACE_OUTER_BOUND('',#896,.T.);
#378=FACE_OUTER_BOUND('',#897,.T.);
#379=FACE_OUTER_BOUND('',#898,.T.);
#380=FACE_OUTER_BOUND('',#899,.T.);
#381=FACE_OUTER_BOUND('',#900,.T.);
#382=FACE_OUTER_BOUND('',#901,.T.);
#383=FACE_OUTER_BOUND('',#902,.T.);
#384=FACE_OUTER_BOUND('',#903,.T.);
#385=FACE_OUTER_BOUND('',#904,.T.);
#386=FACE_OUTER_BOUND('',#905,.T.);
#387=FACE_OUTER_BOUND('',#906,.T.);
#388=FACE_OUTER_BOUND('',#907,.T.);
#389=FACE_OUTER_BOUND('',#908,.T.);
#390=FACE_OUTER_BOUND('',#909,.T.);
#391=FACE_OUTER_BOUND('',#910,.T.);
#392=FACE_OUTER_BOUND('',#911,.T.);
#393=FACE_OUTER_BOUND('',#912,.T.);
#394=FACE_OUTER_BOUND('',#913,.T.);
#395=FACE_OUTER_BOUND('',#914,.T.);
#396=FACE_OUTER_BOUND('',#915,.T.);
#397=FACE_OUTER_BOUND('',#916,.T.);
#398=FACE_OUTER_BOUND('',#917,.T.);
#399=FACE_OUTER_BOUND('',#918,.T.);
#400=FACE_OUTER_BOUND('',#919,.T.);
#401=FACE_OUTER_BOUND('',#920,.T.);
#402=FACE_OUTER_BOUND('',#921,.T.);
#403=FACE_OUTER_BOUND('',#922,.T.);
#404=FACE_OUTER_BOUND('',#923,.T.);
#405=FACE_OUTER_BOUND('',#924,.T.);
#406=FACE_OUTER_BOUND('',#925,.T.);
#407=FACE_OUTER_BOUND('',#926,.T.);
#408=FACE_OUTER_BOUND('',#927,.T.);
#409=FACE_OUTER_BOUND('',#928,.T.);
#410=FACE_OUTER_BOUND('',#929,.T.);
#411=FACE_OUTER_BOUND('',#930,.T.);
#412=FACE_OUTER_BOUND('',#931,.T.);
#413=FACE_OUTER_BOUND('',#932,.T.);
#414=FACE_OUTER_BOUND('',#933,.T.);
#415=FACE_OUTER_BOUND('',#934,.T.);
#416=FACE_OUTER_BOUND('',#935,.T.);
#417=FACE_OUTER_BOUND('',#936,.T.);
#418=FACE_OUTER_BOUND('',#937,.T.);
#419=FACE_OUTER_BOUND('',#938,.T.);
#420=FACE_OUTER_BOUND('',#939,.T.);
#421=FACE_OUTER_BOUND('',#940,.T.);
#422=FACE_OUTER_BOUND('',#941,.T.);
#423=FACE_OUTER_BOUND('',#942,.T.);
#424=FACE_OUTER_BOUND('',#943,.T.);
#425=FACE_OUTER_BOUND('',#944,.T.);
#426=FACE_OUTER_BOUND('',#945,.T.);
#427=FACE_OUTER_BOUND('',#946,.T.);
#428=FACE_OUTER_BOUND('',#947,.T.);
#429=FACE_OUTER_BOUND('',#948,.T.);
#430=FACE_OUTER_BOUND('',#949,.T.);
#431=FACE_OUTER_BOUND('',#950,.T.);
#432=FACE_OUTER_BOUND('',#951,.T.);
#433=FACE_OUTER_BOUND('',#952,.T.);
#434=FACE_OUTER_BOUND('',#953,.T.);
#435=FACE_OUTER_BOUND('',#954,.T.);
#436=FACE_OUTER_BOUND('',#955,.T.);
#437=FACE_OUTER_BOUND('',#956,.T.);
#438=FACE_OUTER_BOUND('',#957,.T.);
#439=FACE_OUTER_BOUND('',#958,.T.);
#440=FACE_OUTER_BOUND('',#959,.T.);
#441=FACE_OUTER_BOUND('',#960,.T.);
#442=FACE_OUTER_BOUND('',#961,.T.);
#443=FACE_OUTER_BOUND('',#962,.T.);
#444=FACE_OUTER_BOUND('',#963,.T.);
#445=FACE_OUTER_BOUND('',#964,.T.);
#446=FACE_OUTER_BOUND('',#965,.T.);
#447=FACE_OUTER_BOUND('',#966,.T.);
#448=FACE_OUTER_BOUND('',#967,.T.);
#449=FACE_OUTER_BOUND('',#968,.T.);
#450=FACE_OUTER_BOUND('',#969,.T.);
#451=FACE_OUTER_BOUND('',#970,.T.);
#452=FACE_OUTER_BOUND('',#971,.T.);
#453=FACE_OUTER_BOUND('',#972,.T.);
#454=FACE_OUTER_BOUND('',#973,.T.);
#455=FACE_OUTER_BOUND('',#974,.T.);
#456=FACE_OUTER_BOUND('',#975,.T.);
#457=FACE_OUTER_BOUND('',#976,.T.);
#458=FACE_OUTER_BOUND('',#977,.T.);
#459=FACE_OUTER_BOUND('',#978,.T.);
#460=FACE_OUTER_BOUND('',#979,.T.);
#461=FACE_OUTER_BOUND('',#980,.T.);
#462=FACE_OUTER_BOUND('',#981,.T.);
#463=FACE_OUTER_BOUND('',#982,.T.);
#464=FACE_OUTER_BOUND('',#983,.T.);
#465=FACE_OUTER_BOUND('',#984,.T.);
#466=FACE_OUTER_BOUND('',#985,.T.);
#467=FACE_OUTER_BOUND('',#986,.T.);
#468=FACE_OUTER_BOUND('',#987,.T.);
#469=FACE_OUTER_BOUND('',#988,.T.);
#470=FACE_OUTER_BOUND('',#989,.T.);
#471=FACE_OUTER_BOUND('',#990,.T.);
#472=FACE_OUTER_BOUND('',#991,.T.);
#473=FACE_OUTER_BOUND('',#992,.T.);
#474=FACE_OUTER_BOUND('',#993,.T.);
#475=FACE_OUTER_BOUND('',#994,.T.);
#476=FACE_OUTER_BOUND('',#995,.T.);
#477=FACE_OUTER_BOUND('',#996,.T.);
#478=FACE_OUTER_BOUND('',#997,.T.);
#479=FACE_OUTER_BOUND('',#998,.T.);
#480=FACE_OUTER_BOUND('',#999,.T.);
#481=FACE_OUTER_BOUND('',#1000,.T.);
#482=FACE_OUTER_BOUND('',#1001,.T.);
#483=FACE_OUTER_BOUND('',#1002,.T.);
#484=FACE_OUTER_BOUND('',#1003,.T.);
#485=FACE_OUTER_BOUND('',#1004,.T.);
#486=FACE_OUTER_BOUND('',#1005,.T.);
#487=FACE_OUTER_BOUND('',#1006,.T.);
#488=FACE_OUTER_BOUND('',#1007,.T.);
#489=FACE_OUTER_BOUND('',#1008,.T.);
#490=FACE_OUTER_BOUND('',#1009,.T.);
#491=FACE_OUTER_BOUND('',#1010,.T.);
#492=FACE_OUTER_BOUND('',#1011,.T.);
#493=FACE_OUTER_BOUND('',#1012,.T.);
#494=FACE_OUTER_BOUND('',#1013,.T.);
#495=FACE_OUTER_BOUND('',#1014,.T.);
#496=FACE_OUTER_BOUND('',#1015,.T.);
#497=FACE_OUTER_BOUND('',#1016,.T.);
#498=FACE_OUTER_BOUND('',#1017,.T.);
#499=FACE_OUTER_BOUND('',#1018,.T.);
#500=FACE_OUTER_BOUND('',#1019,.T.);
#501=FACE_OUTER_BOUND('',#1020,.T.);
#502=FACE_OUTER_BOUND('',#1021,.T.);
#503=FACE_OUTER_BOUND('',#1022,.T.);
#504=FACE_OUTER_BOUND('',#1023,.T.);
#505=FACE_OUTER_BOUND('',#1024,.T.);
#506=FACE_OUTER_BOUND('',#1025,.T.);
#507=FACE_OUTER_BOUND('',#1026,.T.);
#508=FACE_OUTER_BOUND('',#1027,.T.);
#509=FACE_OUTER_BOUND('',#1028,.T.);
#510=FACE_OUTER_BOUND('',#1029,.T.);
#511=FACE_OUTER_BOUND('',#1030,.T.);
#512=FACE_OUTER_BOUND('',#1031,.T.);
#513=FACE_OUTER_BOUND('',#1032,.T.);
#514=FACE_OUTER_BOUND('',#1033,.T.);
#515=FACE_OUTER_BOUND('',#1034,.T.);
#516=FACE_OUTER_BOUND('',#1035,.T.);
#517=FACE_OUTER_BOUND('',#1036,.T.);
#518=FACE_OUTER_BOUND('',#1037,.T.);
#519=FACE_OUTER_BOUND('',#1038,.T.);
#520=FACE_OUTER_BOUND('',#1039,.T.);
#521=FACE_OUTER_BOUND('',#1040,.T.);
#522=FACE_OUTER_BOUND('',#1041,.T.);
#523=FACE_OUTER_BOUND('',#1042,.T.);
#524=FACE_OUTER_BOUND('',#1043,.T.);
#525=FACE_OUTER_BOUND('',#1044,.T.);
#526=FACE_OUTER_BOUND('',#1045,.T.);
#527=FACE_OUTER_BOUND('',#1046,.T.);
#528=FACE_OUTER_BOUND('',#1047,.T.);
#529=FACE_OUTER_BOUND('',#1048,.T.);
#530=FACE_OUTER_BOUND('',#1049,.T.);
#531=FACE_OUTER_BOUND('',#1050,.T.);
#532=FACE_OUTER_BOUND('',#1051,.T.);
#533=FACE_OUTER_BOUND('',#1052,.T.);
#534=FACE_OUTER_BOUND('',#1053,.T.);
#535=FACE_OUTER_BOUND('',#1054,.T.);
#536=FACE_OUTER_BOUND('',#1055,.T.);
#537=FACE_OUTER_BOUND('',#1056,.T.);
#538=FACE_OUTER_BOUND('',#1057,.T.);
#539=FACE_OUTER_BOUND('',#1058,.T.);
#540=FACE_OUTER_BOUND('',#1059,.T.);
#541=FACE_OUTER_BOUND('',#1060,.T.);
#542=FACE_OUTER_BOUND('',#1061,.T.);
#543=FACE_OUTER_BOUND('',#1062,.T.);
#544=FACE_OUTER_BOUND('',#1063,.T.);
#545=FACE_OUTER_BOUND('',#1064,.T.);
#546=FACE_OUTER_BOUND('',#1065,.T.);
#547=FACE_OUTER_BOUND('',#1066,.T.);
#548=FACE_OUTER_BOUND('',#1067,.T.);
#549=FACE_OUTER_BOUND('',#1068,.T.);
#550=FACE_OUTER_BOUND('',#1069,.T.);
#551=FACE_OUTER_BOUND('',#1070,.T.);
#552=FACE_OUTER_BOUND('',#1071,.T.);
#553=FACE_OUTER_BOUND('',#1072,.T.);
#554=FACE_OUTER_BOUND('',#1073,.T.);
#555=FACE_OUTER_BOUND('',#1074,.T.);
#556=FACE_OUTER_BOUND('',#1075,.T.);
#557=FACE_OUTER_BOUND('',#1076,.T.);
#558=FACE_OUTER_BOUND('',#1077,.T.);
#559=FACE_OUTER_BOUND('',#1078,.T.);
#560=FACE_OUTER_BOUND('',#1079,.T.);
#561=FACE_OUTER_BOUND('',#1080,.T.);
#562=FACE_OUTER_BOUND('',#1081,.T.);
#563=FACE_OUTER_BOUND('',#1082,.T.);
#564=FACE_OUTER_BOUND('',#1083,.T.);
#565=FACE_OUTER_BOUND('',#1084,.T.);
#566=FACE_OUTER_BOUND('',#1085,.T.);
#567=FACE_OUTER_BOUND('',#1086,.T.);
#568=FACE_OUTER_BOUND('',#1087,.T.);
#569=FACE_OUTER_BOUND('',#1088,.T.);
#570=FACE_OUTER_BOUND('',#1089,.T.);
#571=FACE_OUTER_BOUND('',#1090,.T.);
#572=FACE_OUTER_BOUND('',#1091,.T.);
#573=FACE_OUTER_BOUND('',#1092,.T.);
#574=EDGE_LOOP('',(#4914,#4915,#4916,#4917));
#575=EDGE_LOOP('',(#4918,#4919,#4920,#4921));
#576=EDGE_LOOP('',(#4922,#4923,#4924,#4925));
#577=EDGE_LOOP('',(#4926,#4927,#4928,#4929));
#578=EDGE_LOOP('',(#4930,#4931,#4932,#4933));
#579=EDGE_LOOP('',(#4934,#4935,#4936,#4937));
#580=EDGE_LOOP('',(#4938,#4939,#4940,#4941));
#581=EDGE_LOOP('',(#4942,#4943,#4944,#4945,#4946,#4947,#4948));
#582=EDGE_LOOP('',(#4949,#4950,#4951,#4952));
#583=EDGE_LOOP('',(#4953,#4954,#4955,#4956));
#584=EDGE_LOOP('',(#4957,#4958,#4959,#4960,#4961));
#585=EDGE_LOOP('',(#4962,#4963,#4964,#4965,#4966));
#586=EDGE_LOOP('',(#4967,#4968,#4969,#4970,#4971,#4972));
#587=EDGE_LOOP('',(#4973,#4974,#4975,#4976,#4977,#4978,#4979));
#588=EDGE_LOOP('',(#4980,#4981,#4982,#4983));
#589=EDGE_LOOP('',(#4984,#4985,#4986,#4987,#4988));
#590=EDGE_LOOP('',(#4989,#4990,#4991,#4992));
#591=EDGE_LOOP('',(#4993,#4994,#4995,#4996,#4997));
#592=EDGE_LOOP('',(#4998,#4999,#5000,#5001,#5002,#5003,#5004,#5005,#5006,
#5007,#5008,#5009,#5010,#5011,#5012));
#593=EDGE_LOOP('',(#5013,#5014,#5015,#5016,#5017));
#594=EDGE_LOOP('',(#5018,#5019,#5020));
#595=EDGE_LOOP('',(#5021,#5022,#5023));
#596=EDGE_LOOP('',(#5024,#5025,#5026,#5027,#5028));
#597=EDGE_LOOP('',(#5029,#5030,#5031,#5032));
#598=EDGE_LOOP('',(#5033,#5034,#5035,#5036));
#599=EDGE_LOOP('',(#5037,#5038,#5039,#5040));
#600=EDGE_LOOP('',(#5041,#5042,#5043,#5044));
#601=EDGE_LOOP('',(#5045,#5046,#5047,#5048));
#602=EDGE_LOOP('',(#5049,#5050,#5051,#5052));
#603=EDGE_LOOP('',(#5053,#5054,#5055,#5056));
#604=EDGE_LOOP('',(#5057,#5058,#5059,#5060));
#605=EDGE_LOOP('',(#5061,#5062,#5063,#5064));
#606=EDGE_LOOP('',(#5065,#5066,#5067,#5068));
#607=EDGE_LOOP('',(#5069,#5070,#5071,#5072));
#608=EDGE_LOOP('',(#5073,#5074,#5075,#5076));
#609=EDGE_LOOP('',(#5077,#5078,#5079,#5080));
#610=EDGE_LOOP('',(#5081,#5082,#5083,#5084));
#611=EDGE_LOOP('',(#5085,#5086,#5087,#5088));
#612=EDGE_LOOP('',(#5089,#5090,#5091,#5092));
#613=EDGE_LOOP('',(#5093,#5094,#5095,#5096));
#614=EDGE_LOOP('',(#5097,#5098,#5099,#5100));
#615=EDGE_LOOP('',(#5101,#5102,#5103,#5104));
#616=EDGE_LOOP('',(#5105,#5106,#5107,#5108));
#617=EDGE_LOOP('',(#5109,#5110,#5111,#5112));
#618=EDGE_LOOP('',(#5113,#5114,#5115,#5116));
#619=EDGE_LOOP('',(#5117,#5118,#5119,#5120));
#620=EDGE_LOOP('',(#5121,#5122,#5123,#5124));
#621=EDGE_LOOP('',(#5125,#5126,#5127,#5128));
#622=EDGE_LOOP('',(#5129,#5130,#5131,#5132));
#623=EDGE_LOOP('',(#5133,#5134,#5135,#5136));
#624=EDGE_LOOP('',(#5137,#5138,#5139,#5140));
#625=EDGE_LOOP('',(#5141,#5142,#5143,#5144));
#626=EDGE_LOOP('',(#5145,#5146,#5147,#5148));
#627=EDGE_LOOP('',(#5149,#5150,#5151,#5152));
#628=EDGE_LOOP('',(#5153,#5154,#5155,#5156));
#629=EDGE_LOOP('',(#5157,#5158,#5159,#5160));
#630=EDGE_LOOP('',(#5161,#5162,#5163,#5164));
#631=EDGE_LOOP('',(#5165,#5166,#5167,#5168));
#632=EDGE_LOOP('',(#5169,#5170,#5171,#5172));
#633=EDGE_LOOP('',(#5173,#5174,#5175,#5176));
#634=EDGE_LOOP('',(#5177,#5178,#5179,#5180));
#635=EDGE_LOOP('',(#5181,#5182,#5183,#5184));
#636=EDGE_LOOP('',(#5185,#5186,#5187,#5188));
#637=EDGE_LOOP('',(#5189,#5190,#5191,#5192));
#638=EDGE_LOOP('',(#5193,#5194,#5195,#5196));
#639=EDGE_LOOP('',(#5197,#5198,#5199,#5200));
#640=EDGE_LOOP('',(#5201,#5202,#5203,#5204));
#641=EDGE_LOOP('',(#5205,#5206,#5207,#5208));
#642=EDGE_LOOP('',(#5209,#5210,#5211,#5212));
#643=EDGE_LOOP('',(#5213,#5214,#5215,#5216));
#644=EDGE_LOOP('',(#5217,#5218,#5219,#5220));
#645=EDGE_LOOP('',(#5221,#5222,#5223,#5224));
#646=EDGE_LOOP('',(#5225,#5226,#5227,#5228));
#647=EDGE_LOOP('',(#5229,#5230,#5231,#5232));
#648=EDGE_LOOP('',(#5233,#5234,#5235,#5236));
#649=EDGE_LOOP('',(#5237,#5238,#5239,#5240));
#650=EDGE_LOOP('',(#5241,#5242,#5243,#5244));
#651=EDGE_LOOP('',(#5245,#5246,#5247,#5248));
#652=EDGE_LOOP('',(#5249,#5250,#5251,#5252));
#653=EDGE_LOOP('',(#5253,#5254,#5255,#5256));
#654=EDGE_LOOP('',(#5257,#5258,#5259,#5260));
#655=EDGE_LOOP('',(#5261,#5262,#5263,#5264));
#656=EDGE_LOOP('',(#5265,#5266,#5267,#5268));
#657=EDGE_LOOP('',(#5269,#5270,#5271,#5272));
#658=EDGE_LOOP('',(#5273,#5274,#5275,#5276));
#659=EDGE_LOOP('',(#5277,#5278,#5279,#5280));
#660=EDGE_LOOP('',(#5281,#5282,#5283,#5284));
#661=EDGE_LOOP('',(#5285,#5286,#5287,#5288));
#662=EDGE_LOOP('',(#5289,#5290,#5291,#5292));
#663=EDGE_LOOP('',(#5293,#5294,#5295,#5296));
#664=EDGE_LOOP('',(#5297,#5298,#5299,#5300));
#665=EDGE_LOOP('',(#5301,#5302,#5303,#5304));
#666=EDGE_LOOP('',(#5305,#5306,#5307,#5308));
#667=EDGE_LOOP('',(#5309,#5310,#5311,#5312));
#668=EDGE_LOOP('',(#5313,#5314,#5315,#5316));
#669=EDGE_LOOP('',(#5317,#5318,#5319,#5320));
#670=EDGE_LOOP('',(#5321,#5322,#5323,#5324));
#671=EDGE_LOOP('',(#5325,#5326,#5327,#5328));
#672=EDGE_LOOP('',(#5329,#5330,#5331,#5332));
#673=EDGE_LOOP('',(#5333,#5334,#5335,#5336,#5337));
#674=EDGE_LOOP('',(#5338,#5339,#5340,#5341,#5342,#5343,#5344,#5345));
#675=EDGE_LOOP('',(#5346,#5347,#5348));
#676=EDGE_LOOP('',(#5349,#5350,#5351,#5352,#5353));
#677=EDGE_LOOP('',(#5354,#5355,#5356,#5357,#5358));
#678=EDGE_LOOP('',(#5359,#5360,#5361,#5362));
#679=EDGE_LOOP('',(#5363,#5364,#5365,#5366));
#680=EDGE_LOOP('',(#5367,#5368,#5369,#5370));
#681=EDGE_LOOP('',(#5371,#5372,#5373,#5374));
#682=EDGE_LOOP('',(#5375,#5376,#5377,#5378));
#683=EDGE_LOOP('',(#5379,#5380,#5381,#5382));
#684=EDGE_LOOP('',(#5383,#5384,#5385,#5386));
#685=EDGE_LOOP('',(#5387,#5388,#5389,#5390));
#686=EDGE_LOOP('',(#5391,#5392,#5393,#5394));
#687=EDGE_LOOP('',(#5395,#5396,#5397,#5398));
#688=EDGE_LOOP('',(#5399,#5400,#5401,#5402));
#689=EDGE_LOOP('',(#5403,#5404,#5405,#5406));
#690=EDGE_LOOP('',(#5407,#5408,#5409,#5410));
#691=EDGE_LOOP('',(#5411,#5412,#5413,#5414));
#692=EDGE_LOOP('',(#5415,#5416,#5417,#5418));
#693=EDGE_LOOP('',(#5419,#5420,#5421,#5422));
#694=EDGE_LOOP('',(#5423,#5424,#5425,#5426));
#695=EDGE_LOOP('',(#5427,#5428,#5429,#5430));
#696=EDGE_LOOP('',(#5431,#5432,#5433,#5434));
#697=EDGE_LOOP('',(#5435,#5436,#5437,#5438));
#698=EDGE_LOOP('',(#5439,#5440,#5441,#5442));
#699=EDGE_LOOP('',(#5443,#5444,#5445,#5446));
#700=EDGE_LOOP('',(#5447,#5448,#5449,#5450));
#701=EDGE_LOOP('',(#5451,#5452,#5453,#5454));
#702=EDGE_LOOP('',(#5455,#5456,#5457,#5458));
#703=EDGE_LOOP('',(#5459,#5460,#5461,#5462));
#704=EDGE_LOOP('',(#5463,#5464,#5465,#5466));
#705=EDGE_LOOP('',(#5467,#5468,#5469,#5470));
#706=EDGE_LOOP('',(#5471,#5472,#5473,#5474));
#707=EDGE_LOOP('',(#5475,#5476,#5477,#5478));
#708=EDGE_LOOP('',(#5479,#5480,#5481,#5482));
#709=EDGE_LOOP('',(#5483,#5484,#5485,#5486));
#710=EDGE_LOOP('',(#5487,#5488,#5489,#5490));
#711=EDGE_LOOP('',(#5491,#5492,#5493,#5494));
#712=EDGE_LOOP('',(#5495,#5496,#5497,#5498));
#713=EDGE_LOOP('',(#5499,#5500,#5501,#5502));
#714=EDGE_LOOP('',(#5503,#5504,#5505,#5506));
#715=EDGE_LOOP('',(#5507,#5508,#5509,#5510));
#716=EDGE_LOOP('',(#5511,#5512,#5513,#5514));
#717=EDGE_LOOP('',(#5515,#5516,#5517,#5518));
#718=EDGE_LOOP('',(#5519,#5520,#5521,#5522));
#719=EDGE_LOOP('',(#5523,#5524,#5525,#5526));
#720=EDGE_LOOP('',(#5527,#5528,#5529,#5530));
#721=EDGE_LOOP('',(#5531,#5532,#5533,#5534));
#722=EDGE_LOOP('',(#5535,#5536,#5537,#5538));
#723=EDGE_LOOP('',(#5539,#5540,#5541,#5542));
#724=EDGE_LOOP('',(#5543,#5544,#5545,#5546));
#725=EDGE_LOOP('',(#5547,#5548,#5549,#5550));
#726=EDGE_LOOP('',(#5551,#5552,#5553,#5554));
#727=EDGE_LOOP('',(#5555,#5556,#5557,#5558));
#728=EDGE_LOOP('',(#5559,#5560,#5561,#5562));
#729=EDGE_LOOP('',(#5563,#5564,#5565,#5566));
#730=EDGE_LOOP('',(#5567,#5568,#5569,#5570));
#731=EDGE_LOOP('',(#5571,#5572,#5573,#5574));
#732=EDGE_LOOP('',(#5575,#5576,#5577,#5578));
#733=EDGE_LOOP('',(#5579,#5580,#5581,#5582));
#734=EDGE_LOOP('',(#5583,#5584,#5585,#5586));
#735=EDGE_LOOP('',(#5587,#5588,#5589,#5590));
#736=EDGE_LOOP('',(#5591,#5592,#5593,#5594));
#737=EDGE_LOOP('',(#5595,#5596,#5597,#5598));
#738=EDGE_LOOP('',(#5599,#5600,#5601,#5602));
#739=EDGE_LOOP('',(#5603,#5604,#5605,#5606));
#740=EDGE_LOOP('',(#5607,#5608,#5609,#5610));
#741=EDGE_LOOP('',(#5611,#5612,#5613,#5614));
#742=EDGE_LOOP('',(#5615,#5616,#5617,#5618));
#743=EDGE_LOOP('',(#5619,#5620,#5621,#5622));
#744=EDGE_LOOP('',(#5623,#5624,#5625,#5626));
#745=EDGE_LOOP('',(#5627,#5628,#5629,#5630));
#746=EDGE_LOOP('',(#5631,#5632,#5633,#5634));
#747=EDGE_LOOP('',(#5635,#5636,#5637,#5638));
#748=EDGE_LOOP('',(#5639,#5640,#5641,#5642));
#749=EDGE_LOOP('',(#5643,#5644,#5645,#5646));
#750=EDGE_LOOP('',(#5647,#5648,#5649,#5650));
#751=EDGE_LOOP('',(#5651,#5652,#5653,#5654));
#752=EDGE_LOOP('',(#5655,#5656,#5657,#5658));
#753=EDGE_LOOP('',(#5659,#5660,#5661,#5662));
#754=EDGE_LOOP('',(#5663,#5664,#5665));
#755=EDGE_LOOP('',(#5666,#5667,#5668,#5669,#5670,#5671));
#756=EDGE_LOOP('',(#5672,#5673,#5674,#5675));
#757=EDGE_LOOP('',(#5676,#5677,#5678));
#758=EDGE_LOOP('',(#5679,#5680,#5681));
#759=EDGE_LOOP('',(#5682,#5683,#5684,#5685,#5686));
#760=EDGE_LOOP('',(#5687,#5688,#5689,#5690,#5691));
#761=EDGE_LOOP('',(#5692,#5693,#5694,#5695,#5696,#5697,#5698,#5699,#5700,
#5701,#5702,#5703));
#762=EDGE_LOOP('',(#5704,#5705,#5706,#5707));
#763=EDGE_LOOP('',(#5708,#5709,#5710,#5711));
#764=EDGE_LOOP('',(#5712,#5713,#5714));
#765=EDGE_LOOP('',(#5715,#5716,#5717,#5718));
#766=EDGE_LOOP('',(#5719,#5720,#5721));
#767=EDGE_LOOP('',(#5722,#5723,#5724,#5725));
#768=EDGE_LOOP('',(#5726,#5727,#5728,#5729));
#769=EDGE_LOOP('',(#5730,#5731,#5732,#5733));
#770=EDGE_LOOP('',(#5734,#5735,#5736,#5737));
#771=EDGE_LOOP('',(#5738,#5739,#5740,#5741,#5742,#5743));
#772=EDGE_LOOP('',(#5744,#5745,#5746,#5747));
#773=EDGE_LOOP('',(#5748,#5749,#5750,#5751));
#774=EDGE_LOOP('',(#5752,#5753,#5754,#5755));
#775=EDGE_LOOP('',(#5756,#5757,#5758,#5759));
#776=EDGE_LOOP('',(#5760,#5761,#5762,#5763));
#777=EDGE_LOOP('',(#5764,#5765,#5766,#5767));
#778=EDGE_LOOP('',(#5768,#5769,#5770,#5771));
#779=EDGE_LOOP('',(#5772,#5773,#5774,#5775));
#780=EDGE_LOOP('',(#5776,#5777,#5778,#5779));
#781=EDGE_LOOP('',(#5780,#5781,#5782,#5783));
#782=EDGE_LOOP('',(#5784,#5785,#5786,#5787));
#783=EDGE_LOOP('',(#5788,#5789,#5790,#5791));
#784=EDGE_LOOP('',(#5792,#5793,#5794,#5795));
#785=EDGE_LOOP('',(#5796,#5797,#5798,#5799));
#786=EDGE_LOOP('',(#5800,#5801,#5802,#5803));
#787=EDGE_LOOP('',(#5804,#5805,#5806,#5807));
#788=EDGE_LOOP('',(#5808,#5809,#5810,#5811));
#789=EDGE_LOOP('',(#5812,#5813,#5814,#5815));
#790=EDGE_LOOP('',(#5816,#5817,#5818,#5819));
#791=EDGE_LOOP('',(#5820,#5821,#5822,#5823));
#792=EDGE_LOOP('',(#5824,#5825,#5826,#5827));
#793=EDGE_LOOP('',(#5828,#5829,#5830,#5831));
#794=EDGE_LOOP('',(#5832,#5833,#5834,#5835));
#795=EDGE_LOOP('',(#5836,#5837,#5838,#5839));
#796=EDGE_LOOP('',(#5840,#5841,#5842,#5843));
#797=EDGE_LOOP('',(#5844,#5845,#5846,#5847));
#798=EDGE_LOOP('',(#5848,#5849,#5850,#5851));
#799=EDGE_LOOP('',(#5852,#5853,#5854,#5855));
#800=EDGE_LOOP('',(#5856,#5857,#5858,#5859));
#801=EDGE_LOOP('',(#5860,#5861,#5862,#5863));
#802=EDGE_LOOP('',(#5864,#5865,#5866,#5867));
#803=EDGE_LOOP('',(#5868,#5869,#5870,#5871));
#804=EDGE_LOOP('',(#5872,#5873,#5874,#5875));
#805=EDGE_LOOP('',(#5876,#5877,#5878,#5879));
#806=EDGE_LOOP('',(#5880,#5881,#5882,#5883));
#807=EDGE_LOOP('',(#5884,#5885,#5886,#5887));
#808=EDGE_LOOP('',(#5888,#5889,#5890,#5891));
#809=EDGE_LOOP('',(#5892,#5893,#5894,#5895));
#810=EDGE_LOOP('',(#5896,#5897,#5898,#5899));
#811=EDGE_LOOP('',(#5900,#5901,#5902,#5903));
#812=EDGE_LOOP('',(#5904,#5905,#5906,#5907));
#813=EDGE_LOOP('',(#5908,#5909,#5910,#5911));
#814=EDGE_LOOP('',(#5912,#5913,#5914,#5915));
#815=EDGE_LOOP('',(#5916,#5917,#5918,#5919));
#816=EDGE_LOOP('',(#5920,#5921,#5922,#5923));
#817=EDGE_LOOP('',(#5924,#5925,#5926,#5927));
#818=EDGE_LOOP('',(#5928,#5929,#5930,#5931));
#819=EDGE_LOOP('',(#5932,#5933,#5934,#5935));
#820=EDGE_LOOP('',(#5936,#5937,#5938,#5939));
#821=EDGE_LOOP('',(#5940,#5941,#5942,#5943));
#822=EDGE_LOOP('',(#5944,#5945,#5946,#5947));
#823=EDGE_LOOP('',(#5948,#5949,#5950,#5951));
#824=EDGE_LOOP('',(#5952,#5953,#5954,#5955));
#825=EDGE_LOOP('',(#5956,#5957,#5958,#5959));
#826=EDGE_LOOP('',(#5960,#5961,#5962,#5963));
#827=EDGE_LOOP('',(#5964,#5965,#5966,#5967));
#828=EDGE_LOOP('',(#5968,#5969,#5970,#5971));
#829=EDGE_LOOP('',(#5972,#5973,#5974,#5975));
#830=EDGE_LOOP('',(#5976,#5977,#5978,#5979));
#831=EDGE_LOOP('',(#5980,#5981,#5982,#5983));
#832=EDGE_LOOP('',(#5984,#5985,#5986,#5987));
#833=EDGE_LOOP('',(#5988,#5989,#5990,#5991));
#834=EDGE_LOOP('',(#5992,#5993,#5994,#5995));
#835=EDGE_LOOP('',(#5996,#5997,#5998,#5999));
#836=EDGE_LOOP('',(#6000,#6001,#6002,#6003));
#837=EDGE_LOOP('',(#6004,#6005,#6006,#6007));
#838=EDGE_LOOP('',(#6008,#6009,#6010,#6011));
#839=EDGE_LOOP('',(#6012,#6013,#6014,#6015));
#840=EDGE_LOOP('',(#6016,#6017,#6018,#6019));
#841=EDGE_LOOP('',(#6020,#6021,#6022,#6023));
#842=EDGE_LOOP('',(#6024,#6025,#6026,#6027));
#843=EDGE_LOOP('',(#6028,#6029,#6030,#6031));
#844=EDGE_LOOP('',(#6032,#6033,#6034,#6035));
#845=EDGE_LOOP('',(#6036,#6037,#6038,#6039));
#846=EDGE_LOOP('',(#6040,#6041,#6042,#6043));
#847=EDGE_LOOP('',(#6044,#6045,#6046,#6047));
#848=EDGE_LOOP('',(#6048,#6049,#6050,#6051));
#849=EDGE_LOOP('',(#6052,#6053,#6054,#6055));
#850=EDGE_LOOP('',(#6056,#6057,#6058,#6059));
#851=EDGE_LOOP('',(#6060,#6061,#6062,#6063));
#852=EDGE_LOOP('',(#6064,#6065,#6066,#6067));
#853=EDGE_LOOP('',(#6068,#6069,#6070,#6071));
#854=EDGE_LOOP('',(#6072,#6073,#6074,#6075));
#855=EDGE_LOOP('',(#6076,#6077,#6078,#6079));
#856=EDGE_LOOP('',(#6080,#6081,#6082,#6083));
#857=EDGE_LOOP('',(#6084,#6085,#6086,#6087));
#858=EDGE_LOOP('',(#6088,#6089,#6090,#6091));
#859=EDGE_LOOP('',(#6092,#6093,#6094,#6095));
#860=EDGE_LOOP('',(#6096,#6097,#6098,#6099));
#861=EDGE_LOOP('',(#6100,#6101,#6102,#6103));
#862=EDGE_LOOP('',(#6104,#6105,#6106,#6107));
#863=EDGE_LOOP('',(#6108,#6109,#6110,#6111));
#864=EDGE_LOOP('',(#6112,#6113,#6114,#6115));
#865=EDGE_LOOP('',(#6116,#6117,#6118,#6119));
#866=EDGE_LOOP('',(#6120,#6121,#6122,#6123));
#867=EDGE_LOOP('',(#6124,#6125,#6126,#6127));
#868=EDGE_LOOP('',(#6128,#6129,#6130,#6131));
#869=EDGE_LOOP('',(#6132,#6133,#6134,#6135));
#870=EDGE_LOOP('',(#6136,#6137,#6138,#6139));
#871=EDGE_LOOP('',(#6140,#6141,#6142,#6143));
#872=EDGE_LOOP('',(#6144,#6145,#6146,#6147));
#873=EDGE_LOOP('',(#6148,#6149,#6150,#6151));
#874=EDGE_LOOP('',(#6152,#6153,#6154,#6155));
#875=EDGE_LOOP('',(#6156,#6157,#6158,#6159));
#876=EDGE_LOOP('',(#6160,#6161,#6162,#6163));
#877=EDGE_LOOP('',(#6164,#6165,#6166,#6167));
#878=EDGE_LOOP('',(#6168,#6169,#6170,#6171));
#879=EDGE_LOOP('',(#6172,#6173,#6174,#6175));
#880=EDGE_LOOP('',(#6176,#6177,#6178,#6179));
#881=EDGE_LOOP('',(#6180,#6181,#6182,#6183));
#882=EDGE_LOOP('',(#6184,#6185,#6186,#6187));
#883=EDGE_LOOP('',(#6188,#6189,#6190,#6191));
#884=EDGE_LOOP('',(#6192,#6193,#6194,#6195));
#885=EDGE_LOOP('',(#6196,#6197,#6198,#6199));
#886=EDGE_LOOP('',(#6200,#6201,#6202,#6203));
#887=EDGE_LOOP('',(#6204,#6205,#6206,#6207));
#888=EDGE_LOOP('',(#6208,#6209,#6210,#6211));
#889=EDGE_LOOP('',(#6212,#6213,#6214,#6215));
#890=EDGE_LOOP('',(#6216,#6217,#6218,#6219));
#891=EDGE_LOOP('',(#6220,#6221,#6222,#6223));
#892=EDGE_LOOP('',(#6224,#6225,#6226,#6227));
#893=EDGE_LOOP('',(#6228,#6229,#6230,#6231));
#894=EDGE_LOOP('',(#6232,#6233,#6234,#6235));
#895=EDGE_LOOP('',(#6236,#6237,#6238,#6239));
#896=EDGE_LOOP('',(#6240,#6241,#6242,#6243));
#897=EDGE_LOOP('',(#6244,#6245,#6246,#6247));
#898=EDGE_LOOP('',(#6248,#6249,#6250,#6251));
#899=EDGE_LOOP('',(#6252,#6253,#6254,#6255));
#900=EDGE_LOOP('',(#6256,#6257,#6258,#6259));
#901=EDGE_LOOP('',(#6260,#6261,#6262,#6263));
#902=EDGE_LOOP('',(#6264,#6265,#6266,#6267));
#903=EDGE_LOOP('',(#6268,#6269,#6270,#6271));
#904=EDGE_LOOP('',(#6272,#6273,#6274,#6275));
#905=EDGE_LOOP('',(#6276,#6277,#6278,#6279));
#906=EDGE_LOOP('',(#6280,#6281,#6282,#6283));
#907=EDGE_LOOP('',(#6284,#6285,#6286,#6287));
#908=EDGE_LOOP('',(#6288,#6289,#6290,#6291));
#909=EDGE_LOOP('',(#6292,#6293,#6294,#6295));
#910=EDGE_LOOP('',(#6296,#6297,#6298,#6299));
#911=EDGE_LOOP('',(#6300,#6301,#6302,#6303));
#912=EDGE_LOOP('',(#6304,#6305,#6306,#6307));
#913=EDGE_LOOP('',(#6308,#6309,#6310,#6311));
#914=EDGE_LOOP('',(#6312,#6313,#6314,#6315));
#915=EDGE_LOOP('',(#6316,#6317,#6318,#6319));
#916=EDGE_LOOP('',(#6320,#6321,#6322,#6323));
#917=EDGE_LOOP('',(#6324,#6325,#6326,#6327));
#918=EDGE_LOOP('',(#6328,#6329,#6330,#6331));
#919=EDGE_LOOP('',(#6332,#6333,#6334,#6335));
#920=EDGE_LOOP('',(#6336,#6337,#6338,#6339));
#921=EDGE_LOOP('',(#6340,#6341,#6342,#6343));
#922=EDGE_LOOP('',(#6344,#6345,#6346,#6347));
#923=EDGE_LOOP('',(#6348,#6349,#6350,#6351));
#924=EDGE_LOOP('',(#6352,#6353,#6354,#6355));
#925=EDGE_LOOP('',(#6356,#6357,#6358,#6359));
#926=EDGE_LOOP('',(#6360,#6361,#6362,#6363));
#927=EDGE_LOOP('',(#6364,#6365,#6366,#6367));
#928=EDGE_LOOP('',(#6368,#6369,#6370,#6371));
#929=EDGE_LOOP('',(#6372,#6373,#6374,#6375));
#930=EDGE_LOOP('',(#6376,#6377,#6378,#6379));
#931=EDGE_LOOP('',(#6380,#6381,#6382,#6383));
#932=EDGE_LOOP('',(#6384,#6385,#6386,#6387));
#933=EDGE_LOOP('',(#6388,#6389,#6390,#6391));
#934=EDGE_LOOP('',(#6392,#6393,#6394,#6395));
#935=EDGE_LOOP('',(#6396,#6397,#6398,#6399));
#936=EDGE_LOOP('',(#6400,#6401,#6402,#6403));
#937=EDGE_LOOP('',(#6404,#6405,#6406,#6407));
#938=EDGE_LOOP('',(#6408,#6409,#6410,#6411));
#939=EDGE_LOOP('',(#6412,#6413,#6414,#6415));
#940=EDGE_LOOP('',(#6416,#6417,#6418,#6419));
#941=EDGE_LOOP('',(#6420,#6421,#6422,#6423));
#942=EDGE_LOOP('',(#6424,#6425,#6426,#6427));
#943=EDGE_LOOP('',(#6428,#6429,#6430,#6431));
#944=EDGE_LOOP('',(#6432,#6433,#6434,#6435));
#945=EDGE_LOOP('',(#6436,#6437,#6438,#6439));
#946=EDGE_LOOP('',(#6440,#6441,#6442,#6443));
#947=EDGE_LOOP('',(#6444,#6445,#6446,#6447));
#948=EDGE_LOOP('',(#6448,#6449,#6450,#6451));
#949=EDGE_LOOP('',(#6452,#6453,#6454,#6455));
#950=EDGE_LOOP('',(#6456,#6457,#6458,#6459));
#951=EDGE_LOOP('',(#6460,#6461,#6462,#6463));
#952=EDGE_LOOP('',(#6464,#6465,#6466,#6467));
#953=EDGE_LOOP('',(#6468,#6469,#6470,#6471));
#954=EDGE_LOOP('',(#6472,#6473,#6474,#6475));
#955=EDGE_LOOP('',(#6476,#6477,#6478,#6479));
#956=EDGE_LOOP('',(#6480,#6481,#6482,#6483));
#957=EDGE_LOOP('',(#6484,#6485,#6486,#6487));
#958=EDGE_LOOP('',(#6488,#6489,#6490,#6491));
#959=EDGE_LOOP('',(#6492,#6493,#6494,#6495));
#960=EDGE_LOOP('',(#6496,#6497,#6498,#6499));
#961=EDGE_LOOP('',(#6500,#6501,#6502,#6503));
#962=EDGE_LOOP('',(#6504,#6505,#6506,#6507));
#963=EDGE_LOOP('',(#6508,#6509,#6510,#6511));
#964=EDGE_LOOP('',(#6512,#6513,#6514,#6515));
#965=EDGE_LOOP('',(#6516,#6517,#6518,#6519));
#966=EDGE_LOOP('',(#6520,#6521,#6522,#6523));
#967=EDGE_LOOP('',(#6524,#6525,#6526,#6527));
#968=EDGE_LOOP('',(#6528,#6529,#6530,#6531));
#969=EDGE_LOOP('',(#6532,#6533,#6534,#6535));
#970=EDGE_LOOP('',(#6536,#6537,#6538,#6539));
#971=EDGE_LOOP('',(#6540,#6541,#6542,#6543));
#972=EDGE_LOOP('',(#6544,#6545,#6546,#6547));
#973=EDGE_LOOP('',(#6548,#6549,#6550,#6551));
#974=EDGE_LOOP('',(#6552,#6553,#6554,#6555));
#975=EDGE_LOOP('',(#6556,#6557,#6558,#6559));
#976=EDGE_LOOP('',(#6560,#6561,#6562,#6563));
#977=EDGE_LOOP('',(#6564,#6565,#6566,#6567));
#978=EDGE_LOOP('',(#6568,#6569,#6570,#6571));
#979=EDGE_LOOP('',(#6572,#6573,#6574,#6575));
#980=EDGE_LOOP('',(#6576,#6577,#6578,#6579));
#981=EDGE_LOOP('',(#6580,#6581,#6582,#6583));
#982=EDGE_LOOP('',(#6584,#6585,#6586,#6587));
#983=EDGE_LOOP('',(#6588,#6589,#6590,#6591));
#984=EDGE_LOOP('',(#6592,#6593,#6594,#6595));
#985=EDGE_LOOP('',(#6596,#6597,#6598,#6599));
#986=EDGE_LOOP('',(#6600,#6601,#6602,#6603));
#987=EDGE_LOOP('',(#6604,#6605,#6606,#6607));
#988=EDGE_LOOP('',(#6608,#6609,#6610,#6611));
#989=EDGE_LOOP('',(#6612,#6613,#6614,#6615));
#990=EDGE_LOOP('',(#6616,#6617,#6618,#6619));
#991=EDGE_LOOP('',(#6620,#6621,#6622,#6623));
#992=EDGE_LOOP('',(#6624,#6625,#6626,#6627));
#993=EDGE_LOOP('',(#6628,#6629,#6630,#6631));
#994=EDGE_LOOP('',(#6632,#6633,#6634,#6635));
#995=EDGE_LOOP('',(#6636,#6637,#6638,#6639));
#996=EDGE_LOOP('',(#6640,#6641,#6642,#6643));
#997=EDGE_LOOP('',(#6644,#6645,#6646,#6647));
#998=EDGE_LOOP('',(#6648,#6649,#6650,#6651));
#999=EDGE_LOOP('',(#6652,#6653,#6654,#6655));
#1000=EDGE_LOOP('',(#6656,#6657,#6658,#6659));
#1001=EDGE_LOOP('',(#6660,#6661,#6662,#6663));
#1002=EDGE_LOOP('',(#6664,#6665,#6666,#6667));
#1003=EDGE_LOOP('',(#6668,#6669,#6670,#6671));
#1004=EDGE_LOOP('',(#6672,#6673,#6674,#6675));
#1005=EDGE_LOOP('',(#6676,#6677,#6678,#6679));
#1006=EDGE_LOOP('',(#6680,#6681,#6682,#6683));
#1007=EDGE_LOOP('',(#6684,#6685,#6686,#6687));
#1008=EDGE_LOOP('',(#6688,#6689,#6690,#6691));
#1009=EDGE_LOOP('',(#6692,#6693,#6694,#6695));
#1010=EDGE_LOOP('',(#6696,#6697,#6698,#6699));
#1011=EDGE_LOOP('',(#6700,#6701,#6702,#6703));
#1012=EDGE_LOOP('',(#6704,#6705,#6706,#6707));
#1013=EDGE_LOOP('',(#6708,#6709,#6710,#6711));
#1014=EDGE_LOOP('',(#6712,#6713,#6714,#6715));
#1015=EDGE_LOOP('',(#6716,#6717,#6718,#6719));
#1016=EDGE_LOOP('',(#6720,#6721,#6722,#6723));
#1017=EDGE_LOOP('',(#6724,#6725,#6726,#6727));
#1018=EDGE_LOOP('',(#6728,#6729,#6730,#6731));
#1019=EDGE_LOOP('',(#6732,#6733,#6734,#6735));
#1020=EDGE_LOOP('',(#6736,#6737,#6738,#6739));
#1021=EDGE_LOOP('',(#6740,#6741,#6742,#6743));
#1022=EDGE_LOOP('',(#6744,#6745,#6746,#6747));
#1023=EDGE_LOOP('',(#6748,#6749,#6750,#6751));
#1024=EDGE_LOOP('',(#6752,#6753,#6754,#6755));
#1025=EDGE_LOOP('',(#6756,#6757,#6758,#6759));
#1026=EDGE_LOOP('',(#6760,#6761,#6762,#6763));
#1027=EDGE_LOOP('',(#6764,#6765,#6766,#6767));
#1028=EDGE_LOOP('',(#6768,#6769,#6770,#6771));
#1029=EDGE_LOOP('',(#6772,#6773,#6774,#6775));
#1030=EDGE_LOOP('',(#6776,#6777,#6778,#6779));
#1031=EDGE_LOOP('',(#6780,#6781,#6782,#6783));
#1032=EDGE_LOOP('',(#6784,#6785,#6786,#6787));
#1033=EDGE_LOOP('',(#6788,#6789,#6790,#6791));
#1034=EDGE_LOOP('',(#6792,#6793,#6794,#6795));
#1035=EDGE_LOOP('',(#6796,#6797,#6798,#6799));
#1036=EDGE_LOOP('',(#6800,#6801,#6802,#6803));
#1037=EDGE_LOOP('',(#6804,#6805,#6806,#6807));
#1038=EDGE_LOOP('',(#6808,#6809,#6810,#6811));
#1039=EDGE_LOOP('',(#6812,#6813,#6814,#6815));
#1040=EDGE_LOOP('',(#6816,#6817,#6818,#6819));
#1041=EDGE_LOOP('',(#6820,#6821,#6822,#6823));
#1042=EDGE_LOOP('',(#6824,#6825,#6826,#6827));
#1043=EDGE_LOOP('',(#6828,#6829,#6830,#6831));
#1044=EDGE_LOOP('',(#6832,#6833,#6834,#6835));
#1045=EDGE_LOOP('',(#6836,#6837,#6838,#6839));
#1046=EDGE_LOOP('',(#6840,#6841,#6842,#6843));
#1047=EDGE_LOOP('',(#6844,#6845,#6846,#6847));
#1048=EDGE_LOOP('',(#6848,#6849,#6850,#6851));
#1049=EDGE_LOOP('',(#6852,#6853,#6854,#6855));
#1050=EDGE_LOOP('',(#6856,#6857,#6858,#6859));
#1051=EDGE_LOOP('',(#6860,#6861,#6862,#6863));
#1052=EDGE_LOOP('',(#6864,#6865,#6866,#6867));
#1053=EDGE_LOOP('',(#6868,#6869,#6870,#6871));
#1054=EDGE_LOOP('',(#6872,#6873,#6874,#6875));
#1055=EDGE_LOOP('',(#6876,#6877,#6878,#6879));
#1056=EDGE_LOOP('',(#6880,#6881,#6882,#6883));
#1057=EDGE_LOOP('',(#6884,#6885,#6886,#6887));
#1058=EDGE_LOOP('',(#6888,#6889,#6890,#6891));
#1059=EDGE_LOOP('',(#6892,#6893,#6894,#6895));
#1060=EDGE_LOOP('',(#6896,#6897,#6898,#6899));
#1061=EDGE_LOOP('',(#6900,#6901,#6902,#6903));
#1062=EDGE_LOOP('',(#6904,#6905,#6906,#6907));
#1063=EDGE_LOOP('',(#6908,#6909,#6910,#6911));
#1064=EDGE_LOOP('',(#6912,#6913,#6914,#6915));
#1065=EDGE_LOOP('',(#6916,#6917,#6918,#6919));
#1066=EDGE_LOOP('',(#6920,#6921,#6922,#6923));
#1067=EDGE_LOOP('',(#6924,#6925,#6926,#6927));
#1068=EDGE_LOOP('',(#6928,#6929,#6930,#6931));
#1069=EDGE_LOOP('',(#6932,#6933,#6934,#6935));
#1070=EDGE_LOOP('',(#6936,#6937,#6938,#6939));
#1071=EDGE_LOOP('',(#6940,#6941,#6942,#6943));
#1072=EDGE_LOOP('',(#6944,#6945,#6946,#6947));
#1073=EDGE_LOOP('',(#6948,#6949,#6950,#6951));
#1074=EDGE_LOOP('',(#6952,#6953,#6954,#6955));
#1075=EDGE_LOOP('',(#6956,#6957,#6958,#6959));
#1076=EDGE_LOOP('',(#6960,#6961,#6962,#6963));
#1077=EDGE_LOOP('',(#6964,#6965,#6966,#6967));
#1078=EDGE_LOOP('',(#6968,#6969,#6970,#6971));
#1079=EDGE_LOOP('',(#6972,#6973,#6974,#6975));
#1080=EDGE_LOOP('',(#6976,#6977,#6978,#6979));
#1081=EDGE_LOOP('',(#6980,#6981,#6982,#6983));
#1082=EDGE_LOOP('',(#6984,#6985,#6986,#6987));
#1083=EDGE_LOOP('',(#6988,#6989,#6990,#6991));
#1084=EDGE_LOOP('',(#6992,#6993,#6994,#6995));
#1085=EDGE_LOOP('',(#6996,#6997,#6998,#6999));
#1086=EDGE_LOOP('',(#7000,#7001,#7002,#7003));
#1087=EDGE_LOOP('',(#7004,#7005,#7006,#7007));
#1088=EDGE_LOOP('',(#7008,#7009,#7010,#7011));
#1089=EDGE_LOOP('',(#7012,#7013,#7014,#7015));
#1090=EDGE_LOOP('',(#7016,#7017,#7018,#7019));
#1091=EDGE_LOOP('',(#7020,#7021,#7022,#7023));
#1092=EDGE_LOOP('',(#7024,#7025,#7026,#7027));
#1093=LINE('',#9923,#2125);
#1094=LINE('',#9925,#2126);
#1095=LINE('',#9927,#2127);
#1096=LINE('',#9928,#2128);
#1097=LINE('',#9933,#2129);
#1098=LINE('',#9937,#2130);
#1099=LINE('',#9939,#2131);
#1100=LINE('',#9940,#2132);
#1101=LINE('',#9945,#2133);
#1102=LINE('',#9949,#2134);
#1103=LINE('',#9951,#2135);
#1104=LINE('',#9952,#2136);
#1105=LINE('',#9957,#2137);
#1106=LINE('',#9961,#2138);
#1107=LINE('',#9963,#2139);
#1108=LINE('',#9964,#2140);
#1109=LINE('',#9967,#2141);
#1110=LINE('',#9969,#2142);
#1111=LINE('',#9971,#2143);
#1112=LINE('',#9973,#2144);
#1113=LINE('',#9975,#2145);
#1114=LINE('',#9982,#2146);
#1115=LINE('',#9985,#2147);
#1116=LINE('',#9988,#2148);
#1117=LINE('',#9990,#2149);
#1118=LINE('',#9991,#2150);
#1119=LINE('',#9995,#2151);
#1120=LINE('',#9996,#2152);
#1121=LINE('',#9998,#2153);
#1122=LINE('',#9999,#2154);
#1123=LINE('',#10005,#2155);
#1124=LINE('',#10009,#2156);
#1125=LINE('',#10013,#2157);
#1126=LINE('',#10014,#2158);
#1127=LINE('',#10016,#2159);
#1128=LINE('',#10017,#2160);
#1129=LINE('',#10020,#2161);
#1130=LINE('',#10022,#2162);
#1131=LINE('',#10024,#2163);
#1132=LINE('',#10026,#2164);
#1133=LINE('',#10027,#2165);
#1134=LINE('',#10030,#2166);
#1135=LINE('',#10031,#2167);
#1136=LINE('',#10036,#2168);
#1137=LINE('',#10037,#2169);
#1138=LINE('',#10039,#2170);
#1139=LINE('',#10044,#2171);
#1140=LINE('',#10045,#2172);
#1141=LINE('',#10047,#2173);
#1142=LINE('',#10051,#2174);
#1143=LINE('',#10053,#2175);
#1144=LINE('',#10055,#2176);
#1145=LINE('',#10057,#2177);
#1146=LINE('',#10058,#2178);
#1147=LINE('',#10061,#2179);
#1148=LINE('',#10063,#2180);
#1149=LINE('',#10064,#2181);
#1150=LINE('',#10067,#2182);
#1151=LINE('',#10069,#2183);
#1152=LINE('',#10070,#2184);
#1153=LINE('',#10073,#2185);
#1154=LINE('',#10075,#2186);
#1155=LINE('',#10077,#2187);
#1156=LINE('',#10079,#2188);
#1157=LINE('',#10080,#2189);
#1158=LINE('',#10083,#2190);
#1159=LINE('',#10085,#2191);
#1160=LINE('',#10087,#2192);
#1161=LINE('',#10088,#2193);
#1162=LINE('',#10091,#2194);
#1163=LINE('',#10093,#2195);
#1164=LINE('',#10095,#2196);
#1165=LINE('',#10096,#2197);
#1166=LINE('',#10099,#2198);
#1167=LINE('',#10101,#2199);
#1168=LINE('',#10103,#2200);
#1169=LINE('',#10104,#2201);
#1170=LINE('',#10107,#2202);
#1171=LINE('',#10109,#2203);
#1172=LINE('',#10111,#2204);
#1173=LINE('',#10112,#2205);
#1174=LINE('',#10115,#2206);
#1175=LINE('',#10117,#2207);
#1176=LINE('',#10119,#2208);
#1177=LINE('',#10120,#2209);
#1178=LINE('',#10123,#2210);
#1179=LINE('',#10125,#2211);
#1180=LINE('',#10127,#2212);
#1181=LINE('',#10128,#2213);
#1182=LINE('',#10131,#2214);
#1183=LINE('',#10133,#2215);
#1184=LINE('',#10135,#2216);
#1185=LINE('',#10136,#2217);
#1186=LINE('',#10139,#2218);
#1187=LINE('',#10141,#2219);
#1188=LINE('',#10143,#2220);
#1189=LINE('',#10144,#2221);
#1190=LINE('',#10147,#2222);
#1191=LINE('',#10149,#2223);
#1192=LINE('',#10151,#2224);
#1193=LINE('',#10152,#2225);
#1194=LINE('',#10155,#2226);
#1195=LINE('',#10157,#2227);
#1196=LINE('',#10159,#2228);
#1197=LINE('',#10160,#2229);
#1198=LINE('',#10163,#2230);
#1199=LINE('',#10165,#2231);
#1200=LINE('',#10167,#2232);
#1201=LINE('',#10168,#2233);
#1202=LINE('',#10171,#2234);
#1203=LINE('',#10173,#2235);
#1204=LINE('',#10175,#2236);
#1205=LINE('',#10176,#2237);
#1206=LINE('',#10179,#2238);
#1207=LINE('',#10181,#2239);
#1208=LINE('',#10183,#2240);
#1209=LINE('',#10184,#2241);
#1210=LINE('',#10187,#2242);
#1211=LINE('',#10189,#2243);
#1212=LINE('',#10191,#2244);
#1213=LINE('',#10192,#2245);
#1214=LINE('',#10195,#2246);
#1215=LINE('',#10197,#2247);
#1216=LINE('',#10199,#2248);
#1217=LINE('',#10200,#2249);
#1218=LINE('',#10203,#2250);
#1219=LINE('',#10205,#2251);
#1220=LINE('',#10207,#2252);
#1221=LINE('',#10208,#2253);
#1222=LINE('',#10211,#2254);
#1223=LINE('',#10213,#2255);
#1224=LINE('',#10215,#2256);
#1225=LINE('',#10216,#2257);
#1226=LINE('',#10219,#2258);
#1227=LINE('',#10221,#2259);
#1228=LINE('',#10223,#2260);
#1229=LINE('',#10224,#2261);
#1230=LINE('',#10227,#2262);
#1231=LINE('',#10229,#2263);
#1232=LINE('',#10231,#2264);
#1233=LINE('',#10232,#2265);
#1234=LINE('',#10235,#2266);
#1235=LINE('',#10237,#2267);
#1236=LINE('',#10239,#2268);
#1237=LINE('',#10240,#2269);
#1238=LINE('',#10243,#2270);
#1239=LINE('',#10245,#2271);
#1240=LINE('',#10247,#2272);
#1241=LINE('',#10248,#2273);
#1242=LINE('',#10251,#2274);
#1243=LINE('',#10253,#2275);
#1244=LINE('',#10255,#2276);
#1245=LINE('',#10256,#2277);
#1246=LINE('',#10259,#2278);
#1247=LINE('',#10261,#2279);
#1248=LINE('',#10263,#2280);
#1249=LINE('',#10264,#2281);
#1250=LINE('',#10267,#2282);
#1251=LINE('',#10269,#2283);
#1252=LINE('',#10271,#2284);
#1253=LINE('',#10272,#2285);
#1254=LINE('',#10275,#2286);
#1255=LINE('',#10277,#2287);
#1256=LINE('',#10279,#2288);
#1257=LINE('',#10280,#2289);
#1258=LINE('',#10283,#2290);
#1259=LINE('',#10285,#2291);
#1260=LINE('',#10287,#2292);
#1261=LINE('',#10288,#2293);
#1262=LINE('',#10291,#2294);
#1263=LINE('',#10293,#2295);
#1264=LINE('',#10295,#2296);
#1265=LINE('',#10296,#2297);
#1266=LINE('',#10299,#2298);
#1267=LINE('',#10301,#2299);
#1268=LINE('',#10303,#2300);
#1269=LINE('',#10304,#2301);
#1270=LINE('',#10307,#2302);
#1271=LINE('',#10309,#2303);
#1272=LINE('',#10311,#2304);
#1273=LINE('',#10312,#2305);
#1274=LINE('',#10315,#2306);
#1275=LINE('',#10317,#2307);
#1276=LINE('',#10319,#2308);
#1277=LINE('',#10320,#2309);
#1278=LINE('',#10323,#2310);
#1279=LINE('',#10325,#2311);
#1280=LINE('',#10327,#2312);
#1281=LINE('',#10328,#2313);
#1282=LINE('',#10331,#2314);
#1283=LINE('',#10333,#2315);
#1284=LINE('',#10335,#2316);
#1285=LINE('',#10336,#2317);
#1286=LINE('',#10339,#2318);
#1287=LINE('',#10341,#2319);
#1288=LINE('',#10343,#2320);
#1289=LINE('',#10344,#2321);
#1290=LINE('',#10347,#2322);
#1291=LINE('',#10349,#2323);
#1292=LINE('',#10351,#2324);
#1293=LINE('',#10352,#2325);
#1294=LINE('',#10355,#2326);
#1295=LINE('',#10357,#2327);
#1296=LINE('',#10359,#2328);
#1297=LINE('',#10360,#2329);
#1298=LINE('',#10363,#2330);
#1299=LINE('',#10365,#2331);
#1300=LINE('',#10367,#2332);
#1301=LINE('',#10368,#2333);
#1302=LINE('',#10371,#2334);
#1303=LINE('',#10373,#2335);
#1304=LINE('',#10375,#2336);
#1305=LINE('',#10376,#2337);
#1306=LINE('',#10379,#2338);
#1307=LINE('',#10381,#2339);
#1308=LINE('',#10383,#2340);
#1309=LINE('',#10384,#2341);
#1310=LINE('',#10387,#2342);
#1311=LINE('',#10389,#2343);
#1312=LINE('',#10391,#2344);
#1313=LINE('',#10392,#2345);
#1314=LINE('',#10395,#2346);
#1315=LINE('',#10397,#2347);
#1316=LINE('',#10399,#2348);
#1317=LINE('',#10400,#2349);
#1318=LINE('',#10403,#2350);
#1319=LINE('',#10405,#2351);
#1320=LINE('',#10407,#2352);
#1321=LINE('',#10408,#2353);
#1322=LINE('',#10411,#2354);
#1323=LINE('',#10413,#2355);
#1324=LINE('',#10415,#2356);
#1325=LINE('',#10416,#2357);
#1326=LINE('',#10419,#2358);
#1327=LINE('',#10421,#2359);
#1328=LINE('',#10423,#2360);
#1329=LINE('',#10424,#2361);
#1330=LINE('',#10427,#2362);
#1331=LINE('',#10429,#2363);
#1332=LINE('',#10431,#2364);
#1333=LINE('',#10432,#2365);
#1334=LINE('',#10435,#2366);
#1335=LINE('',#10437,#2367);
#1336=LINE('',#10439,#2368);
#1337=LINE('',#10440,#2369);
#1338=LINE('',#10443,#2370);
#1339=LINE('',#10445,#2371);
#1340=LINE('',#10447,#2372);
#1341=LINE('',#10448,#2373);
#1342=LINE('',#10451,#2374);
#1343=LINE('',#10453,#2375);
#1344=LINE('',#10455,#2376);
#1345=LINE('',#10456,#2377);
#1346=LINE('',#10459,#2378);
#1347=LINE('',#10461,#2379);
#1348=LINE('',#10463,#2380);
#1349=LINE('',#10464,#2381);
#1350=LINE('',#10467,#2382);
#1351=LINE('',#10469,#2383);
#1352=LINE('',#10471,#2384);
#1353=LINE('',#10472,#2385);
#1354=LINE('',#10475,#2386);
#1355=LINE('',#10477,#2387);
#1356=LINE('',#10479,#2388);
#1357=LINE('',#10480,#2389);
#1358=LINE('',#10483,#2390);
#1359=LINE('',#10485,#2391);
#1360=LINE('',#10487,#2392);
#1361=LINE('',#10488,#2393);
#1362=LINE('',#10491,#2394);
#1363=LINE('',#10493,#2395);
#1364=LINE('',#10495,#2396);
#1365=LINE('',#10496,#2397);
#1366=LINE('',#10499,#2398);
#1367=LINE('',#10501,#2399);
#1368=LINE('',#10503,#2400);
#1369=LINE('',#10504,#2401);
#1370=LINE('',#10507,#2402);
#1371=LINE('',#10509,#2403);
#1372=LINE('',#10511,#2404);
#1373=LINE('',#10512,#2405);
#1374=LINE('',#10515,#2406);
#1375=LINE('',#10517,#2407);
#1376=LINE('',#10519,#2408);
#1377=LINE('',#10520,#2409);
#1378=LINE('',#10523,#2410);
#1379=LINE('',#10525,#2411);
#1380=LINE('',#10527,#2412);
#1381=LINE('',#10528,#2413);
#1382=LINE('',#10531,#2414);
#1383=LINE('',#10533,#2415);
#1384=LINE('',#10535,#2416);
#1385=LINE('',#10536,#2417);
#1386=LINE('',#10539,#2418);
#1387=LINE('',#10541,#2419);
#1388=LINE('',#10543,#2420);
#1389=LINE('',#10544,#2421);
#1390=LINE('',#10547,#2422);
#1391=LINE('',#10549,#2423);
#1392=LINE('',#10551,#2424);
#1393=LINE('',#10552,#2425);
#1394=LINE('',#10555,#2426);
#1395=LINE('',#10557,#2427);
#1396=LINE('',#10559,#2428);
#1397=LINE('',#10560,#2429);
#1398=LINE('',#10563,#2430);
#1399=LINE('',#10565,#2431);
#1400=LINE('',#10567,#2432);
#1401=LINE('',#10568,#2433);
#1402=LINE('',#10571,#2434);
#1403=LINE('',#10573,#2435);
#1404=LINE('',#10575,#2436);
#1405=LINE('',#10576,#2437);
#1406=LINE('',#10579,#2438);
#1407=LINE('',#10581,#2439);
#1408=LINE('',#10583,#2440);
#1409=LINE('',#10584,#2441);
#1410=LINE('',#10587,#2442);
#1411=LINE('',#10589,#2443);
#1412=LINE('',#10591,#2444);
#1413=LINE('',#10592,#2445);
#1414=LINE('',#10595,#2446);
#1415=LINE('',#10597,#2447);
#1416=LINE('',#10599,#2448);
#1417=LINE('',#10600,#2449);
#1418=LINE('',#10603,#2450);
#1419=LINE('',#10605,#2451);
#1420=LINE('',#10607,#2452);
#1421=LINE('',#10608,#2453);
#1422=LINE('',#10611,#2454);
#1423=LINE('',#10613,#2455);
#1424=LINE('',#10615,#2456);
#1425=LINE('',#10616,#2457);
#1426=LINE('',#10619,#2458);
#1427=LINE('',#10621,#2459);
#1428=LINE('',#10623,#2460);
#1429=LINE('',#10624,#2461);
#1430=LINE('',#10627,#2462);
#1431=LINE('',#10629,#2463);
#1432=LINE('',#10631,#2464);
#1433=LINE('',#10632,#2465);
#1434=LINE('',#10635,#2466);
#1435=LINE('',#10637,#2467);
#1436=LINE('',#10639,#2468);
#1437=LINE('',#10640,#2469);
#1438=LINE('',#10643,#2470);
#1439=LINE('',#10645,#2471);
#1440=LINE('',#10647,#2472);
#1441=LINE('',#10648,#2473);
#1442=LINE('',#10651,#2474);
#1443=LINE('',#10653,#2475);
#1444=LINE('',#10655,#2476);
#1445=LINE('',#10656,#2477);
#1446=LINE('',#10659,#2478);
#1447=LINE('',#10661,#2479);
#1448=LINE('',#10663,#2480);
#1449=LINE('',#10664,#2481);
#1450=LINE('',#10667,#2482);
#1451=LINE('',#10669,#2483);
#1452=LINE('',#10671,#2484);
#1453=LINE('',#10672,#2485);
#1454=LINE('',#10675,#2486);
#1455=LINE('',#10677,#2487);
#1456=LINE('',#10679,#2488);
#1457=LINE('',#10680,#2489);
#1458=LINE('',#10683,#2490);
#1459=LINE('',#10685,#2491);
#1460=LINE('',#10687,#2492);
#1461=LINE('',#10688,#2493);
#1462=LINE('',#10692,#2494);
#1463=LINE('',#10695,#2495);
#1464=LINE('',#10697,#2496);
#1465=LINE('',#10699,#2497);
#1466=LINE('',#10701,#2498);
#1467=LINE('',#10702,#2499);
#1468=LINE('',#10703,#2500);
#1469=LINE('',#10706,#2501);
#1470=LINE('',#10708,#2502);
#1471=LINE('',#10709,#2503);
#1472=LINE('',#10712,#2504);
#1473=LINE('',#10714,#2505);
#1474=LINE('',#10716,#2506);
#1475=LINE('',#10718,#2507);
#1476=LINE('',#10719,#2508);
#1477=LINE('',#10722,#2509);
#1478=LINE('',#10724,#2510);
#1479=LINE('',#10726,#2511);
#1480=LINE('',#10728,#2512);
#1481=LINE('',#10729,#2513);
#1482=LINE('',#10732,#2514);
#1483=LINE('',#10734,#2515);
#1484=LINE('',#10736,#2516);
#1485=LINE('',#10737,#2517);
#1486=LINE('',#10740,#2518);
#1487=LINE('',#10742,#2519);
#1488=LINE('',#10744,#2520);
#1489=LINE('',#10745,#2521);
#1490=LINE('',#10748,#2522);
#1491=LINE('',#10750,#2523);
#1492=LINE('',#10752,#2524);
#1493=LINE('',#10753,#2525);
#1494=LINE('',#10756,#2526);
#1495=LINE('',#10758,#2527);
#1496=LINE('',#10760,#2528);
#1497=LINE('',#10761,#2529);
#1498=LINE('',#10764,#2530);
#1499=LINE('',#10766,#2531);
#1500=LINE('',#10768,#2532);
#1501=LINE('',#10769,#2533);
#1502=LINE('',#10772,#2534);
#1503=LINE('',#10774,#2535);
#1504=LINE('',#10776,#2536);
#1505=LINE('',#10777,#2537);
#1506=LINE('',#10780,#2538);
#1507=LINE('',#10782,#2539);
#1508=LINE('',#10784,#2540);
#1509=LINE('',#10785,#2541);
#1510=LINE('',#10788,#2542);
#1511=LINE('',#10790,#2543);
#1512=LINE('',#10792,#2544);
#1513=LINE('',#10793,#2545);
#1514=LINE('',#10796,#2546);
#1515=LINE('',#10798,#2547);
#1516=LINE('',#10800,#2548);
#1517=LINE('',#10801,#2549);
#1518=LINE('',#10804,#2550);
#1519=LINE('',#10806,#2551);
#1520=LINE('',#10808,#2552);
#1521=LINE('',#10809,#2553);
#1522=LINE('',#10812,#2554);
#1523=LINE('',#10814,#2555);
#1524=LINE('',#10816,#2556);
#1525=LINE('',#10817,#2557);
#1526=LINE('',#10820,#2558);
#1527=LINE('',#10822,#2559);
#1528=LINE('',#10824,#2560);
#1529=LINE('',#10825,#2561);
#1530=LINE('',#10828,#2562);
#1531=LINE('',#10830,#2563);
#1532=LINE('',#10832,#2564);
#1533=LINE('',#10833,#2565);
#1534=LINE('',#10836,#2566);
#1535=LINE('',#10838,#2567);
#1536=LINE('',#10840,#2568);
#1537=LINE('',#10841,#2569);
#1538=LINE('',#10844,#2570);
#1539=LINE('',#10846,#2571);
#1540=LINE('',#10848,#2572);
#1541=LINE('',#10849,#2573);
#1542=LINE('',#10852,#2574);
#1543=LINE('',#10854,#2575);
#1544=LINE('',#10856,#2576);
#1545=LINE('',#10857,#2577);
#1546=LINE('',#10860,#2578);
#1547=LINE('',#10862,#2579);
#1548=LINE('',#10864,#2580);
#1549=LINE('',#10865,#2581);
#1550=LINE('',#10868,#2582);
#1551=LINE('',#10870,#2583);
#1552=LINE('',#10872,#2584);
#1553=LINE('',#10873,#2585);
#1554=LINE('',#10876,#2586);
#1555=LINE('',#10878,#2587);
#1556=LINE('',#10880,#2588);
#1557=LINE('',#10881,#2589);
#1558=LINE('',#10884,#2590);
#1559=LINE('',#10886,#2591);
#1560=LINE('',#10888,#2592);
#1561=LINE('',#10889,#2593);
#1562=LINE('',#10892,#2594);
#1563=LINE('',#10894,#2595);
#1564=LINE('',#10896,#2596);
#1565=LINE('',#10897,#2597);
#1566=LINE('',#10900,#2598);
#1567=LINE('',#10902,#2599);
#1568=LINE('',#10904,#2600);
#1569=LINE('',#10905,#2601);
#1570=LINE('',#10908,#2602);
#1571=LINE('',#10910,#2603);
#1572=LINE('',#10912,#2604);
#1573=LINE('',#10913,#2605);
#1574=LINE('',#10916,#2606);
#1575=LINE('',#10918,#2607);
#1576=LINE('',#10920,#2608);
#1577=LINE('',#10921,#2609);
#1578=LINE('',#10924,#2610);
#1579=LINE('',#10926,#2611);
#1580=LINE('',#10928,#2612);
#1581=LINE('',#10929,#2613);
#1582=LINE('',#10932,#2614);
#1583=LINE('',#10934,#2615);
#1584=LINE('',#10936,#2616);
#1585=LINE('',#10937,#2617);
#1586=LINE('',#10940,#2618);
#1587=LINE('',#10942,#2619);
#1588=LINE('',#10944,#2620);
#1589=LINE('',#10945,#2621);
#1590=LINE('',#10948,#2622);
#1591=LINE('',#10950,#2623);
#1592=LINE('',#10952,#2624);
#1593=LINE('',#10953,#2625);
#1594=LINE('',#10956,#2626);
#1595=LINE('',#10958,#2627);
#1596=LINE('',#10960,#2628);
#1597=LINE('',#10961,#2629);
#1598=LINE('',#10964,#2630);
#1599=LINE('',#10966,#2631);
#1600=LINE('',#10968,#2632);
#1601=LINE('',#10969,#2633);
#1602=LINE('',#10972,#2634);
#1603=LINE('',#10974,#2635);
#1604=LINE('',#10976,#2636);
#1605=LINE('',#10977,#2637);
#1606=LINE('',#10980,#2638);
#1607=LINE('',#10982,#2639);
#1608=LINE('',#10984,#2640);
#1609=LINE('',#10985,#2641);
#1610=LINE('',#10988,#2642);
#1611=LINE('',#10990,#2643);
#1612=LINE('',#10992,#2644);
#1613=LINE('',#10993,#2645);
#1614=LINE('',#10996,#2646);
#1615=LINE('',#10998,#2647);
#1616=LINE('',#11000,#2648);
#1617=LINE('',#11001,#2649);
#1618=LINE('',#11004,#2650);
#1619=LINE('',#11006,#2651);
#1620=LINE('',#11008,#2652);
#1621=LINE('',#11009,#2653);
#1622=LINE('',#11012,#2654);
#1623=LINE('',#11014,#2655);
#1624=LINE('',#11016,#2656);
#1625=LINE('',#11017,#2657);
#1626=LINE('',#11020,#2658);
#1627=LINE('',#11022,#2659);
#1628=LINE('',#11024,#2660);
#1629=LINE('',#11025,#2661);
#1630=LINE('',#11028,#2662);
#1631=LINE('',#11030,#2663);
#1632=LINE('',#11032,#2664);
#1633=LINE('',#11033,#2665);
#1634=LINE('',#11036,#2666);
#1635=LINE('',#11038,#2667);
#1636=LINE('',#11040,#2668);
#1637=LINE('',#11041,#2669);
#1638=LINE('',#11044,#2670);
#1639=LINE('',#11046,#2671);
#1640=LINE('',#11048,#2672);
#1641=LINE('',#11049,#2673);
#1642=LINE('',#11052,#2674);
#1643=LINE('',#11054,#2675);
#1644=LINE('',#11056,#2676);
#1645=LINE('',#11057,#2677);
#1646=LINE('',#11060,#2678);
#1647=LINE('',#11062,#2679);
#1648=LINE('',#11064,#2680);
#1649=LINE('',#11065,#2681);
#1650=LINE('',#11068,#2682);
#1651=LINE('',#11070,#2683);
#1652=LINE('',#11072,#2684);
#1653=LINE('',#11073,#2685);
#1654=LINE('',#11076,#2686);
#1655=LINE('',#11078,#2687);
#1656=LINE('',#11080,#2688);
#1657=LINE('',#11081,#2689);
#1658=LINE('',#11084,#2690);
#1659=LINE('',#11086,#2691);
#1660=LINE('',#11088,#2692);
#1661=LINE('',#11089,#2693);
#1662=LINE('',#11092,#2694);
#1663=LINE('',#11094,#2695);
#1664=LINE('',#11096,#2696);
#1665=LINE('',#11097,#2697);
#1666=LINE('',#11100,#2698);
#1667=LINE('',#11102,#2699);
#1668=LINE('',#11104,#2700);
#1669=LINE('',#11105,#2701);
#1670=LINE('',#11108,#2702);
#1671=LINE('',#11110,#2703);
#1672=LINE('',#11112,#2704);
#1673=LINE('',#11113,#2705);
#1674=LINE('',#11116,#2706);
#1675=LINE('',#11118,#2707);
#1676=LINE('',#11120,#2708);
#1677=LINE('',#11121,#2709);
#1678=LINE('',#11124,#2710);
#1679=LINE('',#11126,#2711);
#1680=LINE('',#11128,#2712);
#1681=LINE('',#11129,#2713);
#1682=LINE('',#11132,#2714);
#1683=LINE('',#11134,#2715);
#1684=LINE('',#11136,#2716);
#1685=LINE('',#11137,#2717);
#1686=LINE('',#11140,#2718);
#1687=LINE('',#11142,#2719);
#1688=LINE('',#11144,#2720);
#1689=LINE('',#11145,#2721);
#1690=LINE('',#11148,#2722);
#1691=LINE('',#11150,#2723);
#1692=LINE('',#11152,#2724);
#1693=LINE('',#11153,#2725);
#1694=LINE('',#11156,#2726);
#1695=LINE('',#11158,#2727);
#1696=LINE('',#11160,#2728);
#1697=LINE('',#11161,#2729);
#1698=LINE('',#11164,#2730);
#1699=LINE('',#11166,#2731);
#1700=LINE('',#11168,#2732);
#1701=LINE('',#11169,#2733);
#1702=LINE('',#11172,#2734);
#1703=LINE('',#11174,#2735);
#1704=LINE('',#11176,#2736);
#1705=LINE('',#11177,#2737);
#1706=LINE('',#11180,#2738);
#1707=LINE('',#11182,#2739);
#1708=LINE('',#11184,#2740);
#1709=LINE('',#11185,#2741);
#1710=LINE('',#11188,#2742);
#1711=LINE('',#11190,#2743);
#1712=LINE('',#11192,#2744);
#1713=LINE('',#11193,#2745);
#1714=LINE('',#11196,#2746);
#1715=LINE('',#11198,#2747);
#1716=LINE('',#11200,#2748);
#1717=LINE('',#11201,#2749);
#1718=LINE('',#11204,#2750);
#1719=LINE('',#11206,#2751);
#1720=LINE('',#11208,#2752);
#1721=LINE('',#11209,#2753);
#1722=LINE('',#11212,#2754);
#1723=LINE('',#11214,#2755);
#1724=LINE('',#11216,#2756);
#1725=LINE('',#11217,#2757);
#1726=LINE('',#11220,#2758);
#1727=LINE('',#11222,#2759);
#1728=LINE('',#11224,#2760);
#1729=LINE('',#11225,#2761);
#1730=LINE('',#11228,#2762);
#1731=LINE('',#11230,#2763);
#1732=LINE('',#11232,#2764);
#1733=LINE('',#11233,#2765);
#1734=LINE('',#11236,#2766);
#1735=LINE('',#11238,#2767);
#1736=LINE('',#11240,#2768);
#1737=LINE('',#11241,#2769);
#1738=LINE('',#11244,#2770);
#1739=LINE('',#11246,#2771);
#1740=LINE('',#11248,#2772);
#1741=LINE('',#11249,#2773);
#1742=LINE('',#11252,#2774);
#1743=LINE('',#11254,#2775);
#1744=LINE('',#11256,#2776);
#1745=LINE('',#11257,#2777);
#1746=LINE('',#11260,#2778);
#1747=LINE('',#11262,#2779);
#1748=LINE('',#11264,#2780);
#1749=LINE('',#11265,#2781);
#1750=LINE('',#11268,#2782);
#1751=LINE('',#11270,#2783);
#1752=LINE('',#11272,#2784);
#1753=LINE('',#11273,#2785);
#1754=LINE('',#11276,#2786);
#1755=LINE('',#11278,#2787);
#1756=LINE('',#11280,#2788);
#1757=LINE('',#11281,#2789);
#1758=LINE('',#11284,#2790);
#1759=LINE('',#11286,#2791);
#1760=LINE('',#11288,#2792);
#1761=LINE('',#11289,#2793);
#1762=LINE('',#11292,#2794);
#1763=LINE('',#11294,#2795);
#1764=LINE('',#11296,#2796);
#1765=LINE('',#11297,#2797);
#1766=LINE('',#11300,#2798);
#1767=LINE('',#11302,#2799);
#1768=LINE('',#11304,#2800);
#1769=LINE('',#11305,#2801);
#1770=LINE('',#11308,#2802);
#1771=LINE('',#11310,#2803);
#1772=LINE('',#11312,#2804);
#1773=LINE('',#11313,#2805);
#1774=LINE('',#11316,#2806);
#1775=LINE('',#11318,#2807);
#1776=LINE('',#11320,#2808);
#1777=LINE('',#11321,#2809);
#1778=LINE('',#11324,#2810);
#1779=LINE('',#11326,#2811);
#1780=LINE('',#11328,#2812);
#1781=LINE('',#11329,#2813);
#1782=LINE('',#11332,#2814);
#1783=LINE('',#11334,#2815);
#1784=LINE('',#11336,#2816);
#1785=LINE('',#11337,#2817);
#1786=LINE('',#11340,#2818);
#1787=LINE('',#11342,#2819);
#1788=LINE('',#11343,#2820);
#1789=LINE('',#11347,#2821);
#1790=LINE('',#11353,#2822);
#1791=LINE('',#11359,#2823);
#1792=LINE('',#11361,#2824);
#1793=LINE('',#11364,#2825);
#1794=LINE('',#11366,#2826);
#1795=LINE('',#11367,#2827);
#1796=LINE('',#11369,#2828);
#1797=LINE('',#11371,#2829);
#1798=LINE('',#11373,#2830);
#1799=LINE('',#11375,#2831);
#1800=LINE('',#11376,#2832);
#1801=LINE('',#11387,#2833);
#1802=LINE('',#11389,#2834);
#1803=LINE('',#11391,#2835);
#1804=LINE('',#11393,#2836);
#1805=LINE('',#11397,#2837);
#1806=LINE('',#11398,#2838);
#1807=LINE('',#11400,#2839);
#1808=LINE('',#11401,#2840);
#1809=LINE('',#11403,#2841);
#1810=LINE('',#11404,#2842);
#1811=LINE('',#11406,#2843);
#1812=LINE('',#11407,#2844);
#1813=LINE('',#11409,#2845);
#1814=LINE('',#11411,#2846);
#1815=LINE('',#11413,#2847);
#1816=LINE('',#11415,#2848);
#1817=LINE('',#11418,#2849);
#1818=LINE('',#11420,#2850);
#1819=LINE('',#11423,#2851);
#1820=LINE('',#11425,#2852);
#1821=LINE('',#11429,#2853);
#1822=LINE('',#11430,#2854);
#1823=LINE('',#11432,#2855);
#1824=LINE('',#11434,#2856);
#1825=LINE('',#11437,#2857);
#1826=LINE('',#11438,#2858);
#1827=LINE('',#11440,#2859);
#1828=LINE('',#11442,#2860);
#1829=LINE('',#11445,#2861);
#1830=LINE('',#11446,#2862);
#1831=LINE('',#11448,#2863);
#1832=LINE('',#11450,#2864);
#1833=LINE('',#11453,#2865);
#1834=LINE('',#11454,#2866);
#1835=LINE('',#11456,#2867);
#1836=LINE('',#11458,#2868);
#1837=LINE('',#11461,#2869);
#1838=LINE('',#11462,#2870);
#1839=LINE('',#11464,#2871);
#1840=LINE('',#11466,#2872);
#1841=LINE('',#11469,#2873);
#1842=LINE('',#11470,#2874);
#1843=LINE('',#11472,#2875);
#1844=LINE('',#11474,#2876);
#1845=LINE('',#11477,#2877);
#1846=LINE('',#11478,#2878);
#1847=LINE('',#11480,#2879);
#1848=LINE('',#11482,#2880);
#1849=LINE('',#11485,#2881);
#1850=LINE('',#11486,#2882);
#1851=LINE('',#11488,#2883);
#1852=LINE('',#11490,#2884);
#1853=LINE('',#11493,#2885);
#1854=LINE('',#11494,#2886);
#1855=LINE('',#11496,#2887);
#1856=LINE('',#11498,#2888);
#1857=LINE('',#11501,#2889);
#1858=LINE('',#11502,#2890);
#1859=LINE('',#11504,#2891);
#1860=LINE('',#11506,#2892);
#1861=LINE('',#11509,#2893);
#1862=LINE('',#11510,#2894);
#1863=LINE('',#11512,#2895);
#1864=LINE('',#11514,#2896);
#1865=LINE('',#11517,#2897);
#1866=LINE('',#11518,#2898);
#1867=LINE('',#11520,#2899);
#1868=LINE('',#11522,#2900);
#1869=LINE('',#11525,#2901);
#1870=LINE('',#11526,#2902);
#1871=LINE('',#11528,#2903);
#1872=LINE('',#11530,#2904);
#1873=LINE('',#11533,#2905);
#1874=LINE('',#11534,#2906);
#1875=LINE('',#11536,#2907);
#1876=LINE('',#11538,#2908);
#1877=LINE('',#11541,#2909);
#1878=LINE('',#11542,#2910);
#1879=LINE('',#11544,#2911);
#1880=LINE('',#11546,#2912);
#1881=LINE('',#11549,#2913);
#1882=LINE('',#11550,#2914);
#1883=LINE('',#11552,#2915);
#1884=LINE('',#11554,#2916);
#1885=LINE('',#11557,#2917);
#1886=LINE('',#11558,#2918);
#1887=LINE('',#11560,#2919);
#1888=LINE('',#11562,#2920);
#1889=LINE('',#11565,#2921);
#1890=LINE('',#11566,#2922);
#1891=LINE('',#11568,#2923);
#1892=LINE('',#11570,#2924);
#1893=LINE('',#11573,#2925);
#1894=LINE('',#11574,#2926);
#1895=LINE('',#11576,#2927);
#1896=LINE('',#11578,#2928);
#1897=LINE('',#11581,#2929);
#1898=LINE('',#11582,#2930);
#1899=LINE('',#11584,#2931);
#1900=LINE('',#11586,#2932);
#1901=LINE('',#11589,#2933);
#1902=LINE('',#11590,#2934);
#1903=LINE('',#11592,#2935);
#1904=LINE('',#11594,#2936);
#1905=LINE('',#11597,#2937);
#1906=LINE('',#11598,#2938);
#1907=LINE('',#11600,#2939);
#1908=LINE('',#11602,#2940);
#1909=LINE('',#11605,#2941);
#1910=LINE('',#11606,#2942);
#1911=LINE('',#11608,#2943);
#1912=LINE('',#11610,#2944);
#1913=LINE('',#11613,#2945);
#1914=LINE('',#11614,#2946);
#1915=LINE('',#11616,#2947);
#1916=LINE('',#11618,#2948);
#1917=LINE('',#11621,#2949);
#1918=LINE('',#11622,#2950);
#1919=LINE('',#11624,#2951);
#1920=LINE('',#11626,#2952);
#1921=LINE('',#11629,#2953);
#1922=LINE('',#11630,#2954);
#1923=LINE('',#11632,#2955);
#1924=LINE('',#11634,#2956);
#1925=LINE('',#11637,#2957);
#1926=LINE('',#11638,#2958);
#1927=LINE('',#11640,#2959);
#1928=LINE('',#11642,#2960);
#1929=LINE('',#11645,#2961);
#1930=LINE('',#11646,#2962);
#1931=LINE('',#11648,#2963);
#1932=LINE('',#11650,#2964);
#1933=LINE('',#11653,#2965);
#1934=LINE('',#11654,#2966);
#1935=LINE('',#11656,#2967);
#1936=LINE('',#11658,#2968);
#1937=LINE('',#11661,#2969);
#1938=LINE('',#11662,#2970);
#1939=LINE('',#11664,#2971);
#1940=LINE('',#11666,#2972);
#1941=LINE('',#11669,#2973);
#1942=LINE('',#11670,#2974);
#1943=LINE('',#11672,#2975);
#1944=LINE('',#11674,#2976);
#1945=LINE('',#11677,#2977);
#1946=LINE('',#11678,#2978);
#1947=LINE('',#11680,#2979);
#1948=LINE('',#11682,#2980);
#1949=LINE('',#11685,#2981);
#1950=LINE('',#11686,#2982);
#1951=LINE('',#11688,#2983);
#1952=LINE('',#11690,#2984);
#1953=LINE('',#11693,#2985);
#1954=LINE('',#11694,#2986);
#1955=LINE('',#11696,#2987);
#1956=LINE('',#11698,#2988);
#1957=LINE('',#11701,#2989);
#1958=LINE('',#11702,#2990);
#1959=LINE('',#11704,#2991);
#1960=LINE('',#11706,#2992);
#1961=LINE('',#11709,#2993);
#1962=LINE('',#11710,#2994);
#1963=LINE('',#11712,#2995);
#1964=LINE('',#11714,#2996);
#1965=LINE('',#11717,#2997);
#1966=LINE('',#11718,#2998);
#1967=LINE('',#11720,#2999);
#1968=LINE('',#11722,#3000);
#1969=LINE('',#11725,#3001);
#1970=LINE('',#11726,#3002);
#1971=LINE('',#11728,#3003);
#1972=LINE('',#11730,#3004);
#1973=LINE('',#11733,#3005);
#1974=LINE('',#11734,#3006);
#1975=LINE('',#11736,#3007);
#1976=LINE('',#11738,#3008);
#1977=LINE('',#11741,#3009);
#1978=LINE('',#11742,#3010);
#1979=LINE('',#11744,#3011);
#1980=LINE('',#11746,#3012);
#1981=LINE('',#11749,#3013);
#1982=LINE('',#11750,#3014);
#1983=LINE('',#11752,#3015);
#1984=LINE('',#11754,#3016);
#1985=LINE('',#11757,#3017);
#1986=LINE('',#11758,#3018);
#1987=LINE('',#11760,#3019);
#1988=LINE('',#11762,#3020);
#1989=LINE('',#11765,#3021);
#1990=LINE('',#11766,#3022);
#1991=LINE('',#11768,#3023);
#1992=LINE('',#11770,#3024);
#1993=LINE('',#11773,#3025);
#1994=LINE('',#11774,#3026);
#1995=LINE('',#11776,#3027);
#1996=LINE('',#11778,#3028);
#1997=LINE('',#11781,#3029);
#1998=LINE('',#11782,#3030);
#1999=LINE('',#11784,#3031);
#2000=LINE('',#11786,#3032);
#2001=LINE('',#11789,#3033);
#2002=LINE('',#11790,#3034);
#2003=LINE('',#11792,#3035);
#2004=LINE('',#11794,#3036);
#2005=LINE('',#11797,#3037);
#2006=LINE('',#11798,#3038);
#2007=LINE('',#11800,#3039);
#2008=LINE('',#11802,#3040);
#2009=LINE('',#11805,#3041);
#2010=LINE('',#11806,#3042);
#2011=LINE('',#11808,#3043);
#2012=LINE('',#11810,#3044);
#2013=LINE('',#11813,#3045);
#2014=LINE('',#11814,#3046);
#2015=LINE('',#11816,#3047);
#2016=LINE('',#11818,#3048);
#2017=LINE('',#11821,#3049);
#2018=LINE('',#11822,#3050);
#2019=LINE('',#11824,#3051);
#2020=LINE('',#11826,#3052);
#2021=LINE('',#11829,#3053);
#2022=LINE('',#11830,#3054);
#2023=LINE('',#11832,#3055);
#2024=LINE('',#11834,#3056);
#2025=LINE('',#11837,#3057);
#2026=LINE('',#11838,#3058);
#2027=LINE('',#11840,#3059);
#2028=LINE('',#11842,#3060);
#2029=LINE('',#11845,#3061);
#2030=LINE('',#11846,#3062);
#2031=LINE('',#11848,#3063);
#2032=LINE('',#11850,#3064);
#2033=LINE('',#11853,#3065);
#2034=LINE('',#11854,#3066);
#2035=LINE('',#11856,#3067);
#2036=LINE('',#11858,#3068);
#2037=LINE('',#11861,#3069);
#2038=LINE('',#11862,#3070);
#2039=LINE('',#11864,#3071);
#2040=LINE('',#11866,#3072);
#2041=LINE('',#11869,#3073);
#2042=LINE('',#11870,#3074);
#2043=LINE('',#11872,#3075);
#2044=LINE('',#11874,#3076);
#2045=LINE('',#11877,#3077);
#2046=LINE('',#11878,#3078);
#2047=LINE('',#11880,#3079);
#2048=LINE('',#11882,#3080);
#2049=LINE('',#11885,#3081);
#2050=LINE('',#11886,#3082);
#2051=LINE('',#11888,#3083);
#2052=LINE('',#11890,#3084);
#2053=LINE('',#11893,#3085);
#2054=LINE('',#11894,#3086);
#2055=LINE('',#11896,#3087);
#2056=LINE('',#11898,#3088);
#2057=LINE('',#11901,#3089);
#2058=LINE('',#11902,#3090);
#2059=LINE('',#11904,#3091);
#2060=LINE('',#11906,#3092);
#2061=LINE('',#11909,#3093);
#2062=LINE('',#11910,#3094);
#2063=LINE('',#11912,#3095);
#2064=LINE('',#11914,#3096);
#2065=LINE('',#11917,#3097);
#2066=LINE('',#11918,#3098);
#2067=LINE('',#11920,#3099);
#2068=LINE('',#11922,#3100);
#2069=LINE('',#11925,#3101);
#2070=LINE('',#11926,#3102);
#2071=LINE('',#11928,#3103);
#2072=LINE('',#11930,#3104);
#2073=LINE('',#11933,#3105);
#2074=LINE('',#11934,#3106);
#2075=LINE('',#11936,#3107);
#2076=LINE('',#11938,#3108);
#2077=LINE('',#11941,#3109);
#2078=LINE('',#11942,#3110);
#2079=LINE('',#11944,#3111);
#2080=LINE('',#11946,#3112);
#2081=LINE('',#11949,#3113);
#2082=LINE('',#11950,#3114);
#2083=LINE('',#11952,#3115);
#2084=LINE('',#11954,#3116);
#2085=LINE('',#11957,#3117);
#2086=LINE('',#11958,#3118);
#2087=LINE('',#11960,#3119);
#2088=LINE('',#11962,#3120);
#2089=LINE('',#11965,#3121);
#2090=LINE('',#11966,#3122);
#2091=LINE('',#11968,#3123);
#2092=LINE('',#11970,#3124);
#2093=LINE('',#11973,#3125);
#2094=LINE('',#11974,#3126);
#2095=LINE('',#11976,#3127);
#2096=LINE('',#11978,#3128);
#2097=LINE('',#11981,#3129);
#2098=LINE('',#11982,#3130);
#2099=LINE('',#11984,#3131);
#2100=LINE('',#11986,#3132);
#2101=LINE('',#11989,#3133);
#2102=LINE('',#11990,#3134);
#2103=LINE('',#11992,#3135);
#2104=LINE('',#11994,#3136);
#2105=LINE('',#11997,#3137);
#2106=LINE('',#11998,#3138);
#2107=LINE('',#12000,#3139);
#2108=LINE('',#12002,#3140);
#2109=LINE('',#12005,#3141);
#2110=LINE('',#12006,#3142);
#2111=LINE('',#12008,#3143);
#2112=LINE('',#12010,#3144);
#2113=LINE('',#12013,#3145);
#2114=LINE('',#12014,#3146);
#2115=LINE('',#12016,#3147);
#2116=LINE('',#12018,#3148);
#2117=LINE('',#12021,#3149);
#2118=LINE('',#12022,#3150);
#2119=LINE('',#12024,#3151);
#2120=LINE('',#12026,#3152);
#2121=LINE('',#12029,#3153);
#2122=LINE('',#12030,#3154);
#2123=LINE('',#12032,#3155);
#2124=LINE('',#12034,#3156);
#2125=VECTOR('',#8121,10.);
#2126=VECTOR('',#8122,10.);
#2127=VECTOR('',#8123,10.);
#2128=VECTOR('',#8124,10.);
#2129=VECTOR('',#8129,10.);
#2130=VECTOR('',#8134,10.);
#2131=VECTOR('',#8135,10.);
#2132=VECTOR('',#8136,10.);
#2133=VECTOR('',#8141,10.);
#2134=VECTOR('',#8146,10.);
#2135=VECTOR('',#8147,10.);
#2136=VECTOR('',#8148,10.);
#2137=VECTOR('',#8153,10.);
#2138=VECTOR('',#8158,10.);
#2139=VECTOR('',#8159,10.);
#2140=VECTOR('',#8160,10.);
#2141=VECTOR('',#8163,10.);
#2142=VECTOR('',#8164,10.);
#2143=VECTOR('',#8165,10.);
#2144=VECTOR('',#8166,10.);
#2145=VECTOR('',#8167,10.);
#2146=VECTOR('',#8174,2.);
#2147=VECTOR('',#8177,10.);
#2148=VECTOR('',#8180,10.);
#2149=VECTOR('',#8181,10.);
#2150=VECTOR('',#8182,10.);
#2151=VECTOR('',#8185,10.);
#2152=VECTOR('',#8186,10.);
#2153=VECTOR('',#8187,10.);
#2154=VECTOR('',#8188,10.);
#2155=VECTOR('',#8193,10.);
#2156=VECTOR('',#8196,10.);
#2157=VECTOR('',#8201,10.);
#2158=VECTOR('',#8202,10.);
#2159=VECTOR('',#8203,10.);
#2160=VECTOR('',#8204,10.);
#2161=VECTOR('',#8207,10.);
#2162=VECTOR('',#8208,10.);
#2163=VECTOR('',#8209,10.);
#2164=VECTOR('',#8210,10.);
#2165=VECTOR('',#8211,10.);
#2166=VECTOR('',#8214,10.);
#2167=VECTOR('',#8215,10.);
#2168=VECTOR('',#8220,10.);
#2169=VECTOR('',#8221,10.);
#2170=VECTOR('',#8224,10.);
#2171=VECTOR('',#8229,10.);
#2172=VECTOR('',#8230,10.);
#2173=VECTOR('',#8233,10.);
#2174=VECTOR('',#8236,10.);
#2175=VECTOR('',#8237,10.);
#2176=VECTOR('',#8238,10.);
#2177=VECTOR('',#8239,10.);
#2178=VECTOR('',#8240,10.);
#2179=VECTOR('',#8241,10.);
#2180=VECTOR('',#8242,10.);
#2181=VECTOR('',#8243,10.);
#2182=VECTOR('',#8244,10.);
#2183=VECTOR('',#8245,10.);
#2184=VECTOR('',#8246,10.);
#2185=VECTOR('',#8247,10.);
#2186=VECTOR('',#8248,10.);
#2187=VECTOR('',#8249,10.);
#2188=VECTOR('',#8250,10.);
#2189=VECTOR('',#8251,10.);
#2190=VECTOR('',#8252,10.);
#2191=VECTOR('',#8253,10.);
#2192=VECTOR('',#8254,10.);
#2193=VECTOR('',#8255,10.);
#2194=VECTOR('',#8256,10.);
#2195=VECTOR('',#8257,10.);
#2196=VECTOR('',#8258,10.);
#2197=VECTOR('',#8259,10.);
#2198=VECTOR('',#8260,10.);
#2199=VECTOR('',#8261,10.);
#2200=VECTOR('',#8262,10.);
#2201=VECTOR('',#8263,10.);
#2202=VECTOR('',#8264,10.);
#2203=VECTOR('',#8265,10.);
#2204=VECTOR('',#8266,10.);
#2205=VECTOR('',#8267,10.);
#2206=VECTOR('',#8268,10.);
#2207=VECTOR('',#8269,10.);
#2208=VECTOR('',#8270,10.);
#2209=VECTOR('',#8271,10.);
#2210=VECTOR('',#8272,10.);
#2211=VECTOR('',#8273,10.);
#2212=VECTOR('',#8274,10.);
#2213=VECTOR('',#8275,10.);
#2214=VECTOR('',#8276,10.);
#2215=VECTOR('',#8277,10.);
#2216=VECTOR('',#8278,10.);
#2217=VECTOR('',#8279,10.);
#2218=VECTOR('',#8280,10.);
#2219=VECTOR('',#8281,10.);
#2220=VECTOR('',#8282,10.);
#2221=VECTOR('',#8283,10.);
#2222=VECTOR('',#8284,10.);
#2223=VECTOR('',#8285,10.);
#2224=VECTOR('',#8286,10.);
#2225=VECTOR('',#8287,10.);
#2226=VECTOR('',#8288,10.);
#2227=VECTOR('',#8289,10.);
#2228=VECTOR('',#8290,10.);
#2229=VECTOR('',#8291,10.);
#2230=VECTOR('',#8292,10.);
#2231=VECTOR('',#8293,10.);
#2232=VECTOR('',#8294,10.);
#2233=VECTOR('',#8295,10.);
#2234=VECTOR('',#8296,10.);
#2235=VECTOR('',#8297,10.);
#2236=VECTOR('',#8298,10.);
#2237=VECTOR('',#8299,10.);
#2238=VECTOR('',#8300,10.);
#2239=VECTOR('',#8301,10.);
#2240=VECTOR('',#8302,10.);
#2241=VECTOR('',#8303,10.);
#2242=VECTOR('',#8304,10.);
#2243=VECTOR('',#8305,10.);
#2244=VECTOR('',#8306,10.);
#2245=VECTOR('',#8307,10.);
#2246=VECTOR('',#8308,10.);
#2247=VECTOR('',#8309,10.);
#2248=VECTOR('',#8310,10.);
#2249=VECTOR('',#8311,10.);
#2250=VECTOR('',#8312,10.);
#2251=VECTOR('',#8313,10.);
#2252=VECTOR('',#8314,10.);
#2253=VECTOR('',#8315,10.);
#2254=VECTOR('',#8316,10.);
#2255=VECTOR('',#8317,10.);
#2256=VECTOR('',#8318,10.);
#2257=VECTOR('',#8319,10.);
#2258=VECTOR('',#8320,10.);
#2259=VECTOR('',#8321,10.);
#2260=VECTOR('',#8322,10.);
#2261=VECTOR('',#8323,10.);
#2262=VECTOR('',#8324,10.);
#2263=VECTOR('',#8325,10.);
#2264=VECTOR('',#8326,10.);
#2265=VECTOR('',#8327,10.);
#2266=VECTOR('',#8328,10.);
#2267=VECTOR('',#8329,10.);
#2268=VECTOR('',#8330,10.);
#2269=VECTOR('',#8331,10.);
#2270=VECTOR('',#8332,10.);
#2271=VECTOR('',#8333,10.);
#2272=VECTOR('',#8334,10.);
#2273=VECTOR('',#8335,10.);
#2274=VECTOR('',#8336,10.);
#2275=VECTOR('',#8337,10.);
#2276=VECTOR('',#8338,10.);
#2277=VECTOR('',#8339,10.);
#2278=VECTOR('',#8340,10.);
#2279=VECTOR('',#8341,10.);
#2280=VECTOR('',#8342,10.);
#2281=VECTOR('',#8343,10.);
#2282=VECTOR('',#8344,10.);
#2283=VECTOR('',#8345,10.);
#2284=VECTOR('',#8346,10.);
#2285=VECTOR('',#8347,10.);
#2286=VECTOR('',#8348,10.);
#2287=VECTOR('',#8349,10.);
#2288=VECTOR('',#8350,10.);
#2289=VECTOR('',#8351,10.);
#2290=VECTOR('',#8352,10.);
#2291=VECTOR('',#8353,10.);
#2292=VECTOR('',#8354,10.);
#2293=VECTOR('',#8355,10.);
#2294=VECTOR('',#8356,10.);
#2295=VECTOR('',#8357,10.);
#2296=VECTOR('',#8358,10.);
#2297=VECTOR('',#8359,10.);
#2298=VECTOR('',#8360,10.);
#2299=VECTOR('',#8361,10.);
#2300=VECTOR('',#8362,10.);
#2301=VECTOR('',#8363,10.);
#2302=VECTOR('',#8364,10.);
#2303=VECTOR('',#8365,10.);
#2304=VECTOR('',#8366,10.);
#2305=VECTOR('',#8367,10.);
#2306=VECTOR('',#8368,10.);
#2307=VECTOR('',#8369,10.);
#2308=VECTOR('',#8370,10.);
#2309=VECTOR('',#8371,10.);
#2310=VECTOR('',#8372,10.);
#2311=VECTOR('',#8373,10.);
#2312=VECTOR('',#8374,10.);
#2313=VECTOR('',#8375,10.);
#2314=VECTOR('',#8376,10.);
#2315=VECTOR('',#8377,10.);
#2316=VECTOR('',#8378,10.);
#2317=VECTOR('',#8379,10.);
#2318=VECTOR('',#8380,10.);
#2319=VECTOR('',#8381,10.);
#2320=VECTOR('',#8382,10.);
#2321=VECTOR('',#8383,10.);
#2322=VECTOR('',#8384,10.);
#2323=VECTOR('',#8385,10.);
#2324=VECTOR('',#8386,10.);
#2325=VECTOR('',#8387,10.);
#2326=VECTOR('',#8388,10.);
#2327=VECTOR('',#8389,10.);
#2328=VECTOR('',#8390,10.);
#2329=VECTOR('',#8391,10.);
#2330=VECTOR('',#8392,10.);
#2331=VECTOR('',#8393,10.);
#2332=VECTOR('',#8394,10.);
#2333=VECTOR('',#8395,10.);
#2334=VECTOR('',#8396,10.);
#2335=VECTOR('',#8397,10.);
#2336=VECTOR('',#8398,10.);
#2337=VECTOR('',#8399,10.);
#2338=VECTOR('',#8400,10.);
#2339=VECTOR('',#8401,10.);
#2340=VECTOR('',#8402,10.);
#2341=VECTOR('',#8403,10.);
#2342=VECTOR('',#8404,10.);
#2343=VECTOR('',#8405,10.);
#2344=VECTOR('',#8406,10.);
#2345=VECTOR('',#8407,10.);
#2346=VECTOR('',#8408,10.);
#2347=VECTOR('',#8409,10.);
#2348=VECTOR('',#8410,10.);
#2349=VECTOR('',#8411,10.);
#2350=VECTOR('',#8412,10.);
#2351=VECTOR('',#8413,10.);
#2352=VECTOR('',#8414,10.);
#2353=VECTOR('',#8415,10.);
#2354=VECTOR('',#8416,10.);
#2355=VECTOR('',#8417,10.);
#2356=VECTOR('',#8418,10.);
#2357=VECTOR('',#8419,10.);
#2358=VECTOR('',#8420,10.);
#2359=VECTOR('',#8421,10.);
#2360=VECTOR('',#8422,10.);
#2361=VECTOR('',#8423,10.);
#2362=VECTOR('',#8424,10.);
#2363=VECTOR('',#8425,10.);
#2364=VECTOR('',#8426,10.);
#2365=VECTOR('',#8427,10.);
#2366=VECTOR('',#8428,10.);
#2367=VECTOR('',#8429,10.);
#2368=VECTOR('',#8430,10.);
#2369=VECTOR('',#8431,10.);
#2370=VECTOR('',#8432,10.);
#2371=VECTOR('',#8433,10.);
#2372=VECTOR('',#8434,10.);
#2373=VECTOR('',#8435,10.);
#2374=VECTOR('',#8436,10.);
#2375=VECTOR('',#8437,10.);
#2376=VECTOR('',#8438,10.);
#2377=VECTOR('',#8439,10.);
#2378=VECTOR('',#8440,10.);
#2379=VECTOR('',#8441,10.);
#2380=VECTOR('',#8442,10.);
#2381=VECTOR('',#8443,10.);
#2382=VECTOR('',#8444,10.);
#2383=VECTOR('',#8445,10.);
#2384=VECTOR('',#8446,10.);
#2385=VECTOR('',#8447,10.);
#2386=VECTOR('',#8448,10.);
#2387=VECTOR('',#8449,10.);
#2388=VECTOR('',#8450,10.);
#2389=VECTOR('',#8451,10.);
#2390=VECTOR('',#8452,10.);
#2391=VECTOR('',#8453,10.);
#2392=VECTOR('',#8454,10.);
#2393=VECTOR('',#8455,10.);
#2394=VECTOR('',#8456,10.);
#2395=VECTOR('',#8457,10.);
#2396=VECTOR('',#8458,10.);
#2397=VECTOR('',#8459,10.);
#2398=VECTOR('',#8460,10.);
#2399=VECTOR('',#8461,10.);
#2400=VECTOR('',#8462,10.);
#2401=VECTOR('',#8463,10.);
#2402=VECTOR('',#8464,10.);
#2403=VECTOR('',#8465,10.);
#2404=VECTOR('',#8466,10.);
#2405=VECTOR('',#8467,10.);
#2406=VECTOR('',#8468,10.);
#2407=VECTOR('',#8469,10.);
#2408=VECTOR('',#8470,10.);
#2409=VECTOR('',#8471,10.);
#2410=VECTOR('',#8472,10.);
#2411=VECTOR('',#8473,10.);
#2412=VECTOR('',#8474,10.);
#2413=VECTOR('',#8475,10.);
#2414=VECTOR('',#8476,10.);
#2415=VECTOR('',#8477,10.);
#2416=VECTOR('',#8478,10.);
#2417=VECTOR('',#8479,10.);
#2418=VECTOR('',#8480,10.);
#2419=VECTOR('',#8481,10.);
#2420=VECTOR('',#8482,10.);
#2421=VECTOR('',#8483,10.);
#2422=VECTOR('',#8484,10.);
#2423=VECTOR('',#8485,10.);
#2424=VECTOR('',#8486,10.);
#2425=VECTOR('',#8487,10.);
#2426=VECTOR('',#8488,10.);
#2427=VECTOR('',#8489,10.);
#2428=VECTOR('',#8490,10.);
#2429=VECTOR('',#8491,10.);
#2430=VECTOR('',#8492,10.);
#2431=VECTOR('',#8493,10.);
#2432=VECTOR('',#8494,10.);
#2433=VECTOR('',#8495,10.);
#2434=VECTOR('',#8496,10.);
#2435=VECTOR('',#8497,10.);
#2436=VECTOR('',#8498,10.);
#2437=VECTOR('',#8499,10.);
#2438=VECTOR('',#8500,10.);
#2439=VECTOR('',#8501,10.);
#2440=VECTOR('',#8502,10.);
#2441=VECTOR('',#8503,10.);
#2442=VECTOR('',#8504,10.);
#2443=VECTOR('',#8505,10.);
#2444=VECTOR('',#8506,10.);
#2445=VECTOR('',#8507,10.);
#2446=VECTOR('',#8508,10.);
#2447=VECTOR('',#8509,10.);
#2448=VECTOR('',#8510,10.);
#2449=VECTOR('',#8511,10.);
#2450=VECTOR('',#8512,10.);
#2451=VECTOR('',#8513,10.);
#2452=VECTOR('',#8514,10.);
#2453=VECTOR('',#8515,10.);
#2454=VECTOR('',#8516,10.);
#2455=VECTOR('',#8517,10.);
#2456=VECTOR('',#8518,10.);
#2457=VECTOR('',#8519,10.);
#2458=VECTOR('',#8520,10.);
#2459=VECTOR('',#8521,10.);
#2460=VECTOR('',#8522,10.);
#2461=VECTOR('',#8523,10.);
#2462=VECTOR('',#8524,10.);
#2463=VECTOR('',#8525,10.);
#2464=VECTOR('',#8526,10.);
#2465=VECTOR('',#8527,10.);
#2466=VECTOR('',#8528,10.);
#2467=VECTOR('',#8529,10.);
#2468=VECTOR('',#8530,10.);
#2469=VECTOR('',#8531,10.);
#2470=VECTOR('',#8532,10.);
#2471=VECTOR('',#8533,10.);
#2472=VECTOR('',#8534,10.);
#2473=VECTOR('',#8535,10.);
#2474=VECTOR('',#8536,10.);
#2475=VECTOR('',#8537,10.);
#2476=VECTOR('',#8538,10.);
#2477=VECTOR('',#8539,10.);
#2478=VECTOR('',#8540,10.);
#2479=VECTOR('',#8541,10.);
#2480=VECTOR('',#8542,10.);
#2481=VECTOR('',#8543,10.);
#2482=VECTOR('',#8544,10.);
#2483=VECTOR('',#8545,10.);
#2484=VECTOR('',#8546,10.);
#2485=VECTOR('',#8547,10.);
#2486=VECTOR('',#8548,10.);
#2487=VECTOR('',#8549,10.);
#2488=VECTOR('',#8550,10.);
#2489=VECTOR('',#8551,10.);
#2490=VECTOR('',#8552,10.);
#2491=VECTOR('',#8553,10.);
#2492=VECTOR('',#8554,10.);
#2493=VECTOR('',#8555,10.);
#2494=VECTOR('',#8560,10.);
#2495=VECTOR('',#8563,10.);
#2496=VECTOR('',#8564,10.);
#2497=VECTOR('',#8565,10.);
#2498=VECTOR('',#8566,10.);
#2499=VECTOR('',#8567,10.);
#2500=VECTOR('',#8568,10.);
#2501=VECTOR('',#8569,10.);
#2502=VECTOR('',#8570,10.);
#2503=VECTOR('',#8571,10.);
#2504=VECTOR('',#8572,10.);
#2505=VECTOR('',#8573,10.);
#2506=VECTOR('',#8574,10.);
#2507=VECTOR('',#8575,10.);
#2508=VECTOR('',#8576,10.);
#2509=VECTOR('',#8577,10.);
#2510=VECTOR('',#8578,10.);
#2511=VECTOR('',#8579,10.);
#2512=VECTOR('',#8580,10.);
#2513=VECTOR('',#8581,10.);
#2514=VECTOR('',#8582,10.);
#2515=VECTOR('',#8583,10.);
#2516=VECTOR('',#8584,10.);
#2517=VECTOR('',#8585,10.);
#2518=VECTOR('',#8586,10.);
#2519=VECTOR('',#8587,10.);
#2520=VECTOR('',#8588,10.);
#2521=VECTOR('',#8589,10.);
#2522=VECTOR('',#8590,10.);
#2523=VECTOR('',#8591,10.);
#2524=VECTOR('',#8592,10.);
#2525=VECTOR('',#8593,10.);
#2526=VECTOR('',#8594,10.);
#2527=VECTOR('',#8595,10.);
#2528=VECTOR('',#8596,10.);
#2529=VECTOR('',#8597,10.);
#2530=VECTOR('',#8598,10.);
#2531=VECTOR('',#8599,10.);
#2532=VECTOR('',#8600,10.);
#2533=VECTOR('',#8601,10.);
#2534=VECTOR('',#8602,10.);
#2535=VECTOR('',#8603,10.);
#2536=VECTOR('',#8604,10.);
#2537=VECTOR('',#8605,10.);
#2538=VECTOR('',#8606,10.);
#2539=VECTOR('',#8607,10.);
#2540=VECTOR('',#8608,10.);
#2541=VECTOR('',#8609,10.);
#2542=VECTOR('',#8610,10.);
#2543=VECTOR('',#8611,10.);
#2544=VECTOR('',#8612,10.);
#2545=VECTOR('',#8613,10.);
#2546=VECTOR('',#8614,10.);
#2547=VECTOR('',#8615,10.);
#2548=VECTOR('',#8616,10.);
#2549=VECTOR('',#8617,10.);
#2550=VECTOR('',#8618,10.);
#2551=VECTOR('',#8619,10.);
#2552=VECTOR('',#8620,10.);
#2553=VECTOR('',#8621,10.);
#2554=VECTOR('',#8622,10.);
#2555=VECTOR('',#8623,10.);
#2556=VECTOR('',#8624,10.);
#2557=VECTOR('',#8625,10.);
#2558=VECTOR('',#8626,10.);
#2559=VECTOR('',#8627,10.);
#2560=VECTOR('',#8628,10.);
#2561=VECTOR('',#8629,10.);
#2562=VECTOR('',#8630,10.);
#2563=VECTOR('',#8631,10.);
#2564=VECTOR('',#8632,10.);
#2565=VECTOR('',#8633,10.);
#2566=VECTOR('',#8634,10.);
#2567=VECTOR('',#8635,10.);
#2568=VECTOR('',#8636,10.);
#2569=VECTOR('',#8637,10.);
#2570=VECTOR('',#8638,10.);
#2571=VECTOR('',#8639,10.);
#2572=VECTOR('',#8640,10.);
#2573=VECTOR('',#8641,10.);
#2574=VECTOR('',#8642,10.);
#2575=VECTOR('',#8643,10.);
#2576=VECTOR('',#8644,10.);
#2577=VECTOR('',#8645,10.);
#2578=VECTOR('',#8646,10.);
#2579=VECTOR('',#8647,10.);
#2580=VECTOR('',#8648,10.);
#2581=VECTOR('',#8649,10.);
#2582=VECTOR('',#8650,10.);
#2583=VECTOR('',#8651,10.);
#2584=VECTOR('',#8652,10.);
#2585=VECTOR('',#8653,10.);
#2586=VECTOR('',#8654,10.);
#2587=VECTOR('',#8655,10.);
#2588=VECTOR('',#8656,10.);
#2589=VECTOR('',#8657,10.);
#2590=VECTOR('',#8658,10.);
#2591=VECTOR('',#8659,10.);
#2592=VECTOR('',#8660,10.);
#2593=VECTOR('',#8661,10.);
#2594=VECTOR('',#8662,10.);
#2595=VECTOR('',#8663,10.);
#2596=VECTOR('',#8664,10.);
#2597=VECTOR('',#8665,10.);
#2598=VECTOR('',#8666,10.);
#2599=VECTOR('',#8667,10.);
#2600=VECTOR('',#8668,10.);
#2601=VECTOR('',#8669,10.);
#2602=VECTOR('',#8670,10.);
#2603=VECTOR('',#8671,10.);
#2604=VECTOR('',#8672,10.);
#2605=VECTOR('',#8673,10.);
#2606=VECTOR('',#8674,10.);
#2607=VECTOR('',#8675,10.);
#2608=VECTOR('',#8676,10.);
#2609=VECTOR('',#8677,10.);
#2610=VECTOR('',#8678,10.);
#2611=VECTOR('',#8679,10.);
#2612=VECTOR('',#8680,10.);
#2613=VECTOR('',#8681,10.);
#2614=VECTOR('',#8682,10.);
#2615=VECTOR('',#8683,10.);
#2616=VECTOR('',#8684,10.);
#2617=VECTOR('',#8685,10.);
#2618=VECTOR('',#8686,10.);
#2619=VECTOR('',#8687,10.);
#2620=VECTOR('',#8688,10.);
#2621=VECTOR('',#8689,10.);
#2622=VECTOR('',#8690,10.);
#2623=VECTOR('',#8691,10.);
#2624=VECTOR('',#8692,10.);
#2625=VECTOR('',#8693,10.);
#2626=VECTOR('',#8694,10.);
#2627=VECTOR('',#8695,10.);
#2628=VECTOR('',#8696,10.);
#2629=VECTOR('',#8697,10.);
#2630=VECTOR('',#8698,10.);
#2631=VECTOR('',#8699,10.);
#2632=VECTOR('',#8700,10.);
#2633=VECTOR('',#8701,10.);
#2634=VECTOR('',#8702,10.);
#2635=VECTOR('',#8703,10.);
#2636=VECTOR('',#8704,10.);
#2637=VECTOR('',#8705,10.);
#2638=VECTOR('',#8706,10.);
#2639=VECTOR('',#8707,10.);
#2640=VECTOR('',#8708,10.);
#2641=VECTOR('',#8709,10.);
#2642=VECTOR('',#8710,10.);
#2643=VECTOR('',#8711,10.);
#2644=VECTOR('',#8712,10.);
#2645=VECTOR('',#8713,10.);
#2646=VECTOR('',#8714,10.);
#2647=VECTOR('',#8715,10.);
#2648=VECTOR('',#8716,10.);
#2649=VECTOR('',#8717,10.);
#2650=VECTOR('',#8718,10.);
#2651=VECTOR('',#8719,10.);
#2652=VECTOR('',#8720,10.);
#2653=VECTOR('',#8721,10.);
#2654=VECTOR('',#8722,10.);
#2655=VECTOR('',#8723,10.);
#2656=VECTOR('',#8724,10.);
#2657=VECTOR('',#8725,10.);
#2658=VECTOR('',#8726,10.);
#2659=VECTOR('',#8727,10.);
#2660=VECTOR('',#8728,10.);
#2661=VECTOR('',#8729,10.);
#2662=VECTOR('',#8730,10.);
#2663=VECTOR('',#8731,10.);
#2664=VECTOR('',#8732,10.);
#2665=VECTOR('',#8733,10.);
#2666=VECTOR('',#8734,10.);
#2667=VECTOR('',#8735,10.);
#2668=VECTOR('',#8736,10.);
#2669=VECTOR('',#8737,10.);
#2670=VECTOR('',#8738,10.);
#2671=VECTOR('',#8739,10.);
#2672=VECTOR('',#8740,10.);
#2673=VECTOR('',#8741,10.);
#2674=VECTOR('',#8742,10.);
#2675=VECTOR('',#8743,10.);
#2676=VECTOR('',#8744,10.);
#2677=VECTOR('',#8745,10.);
#2678=VECTOR('',#8746,10.);
#2679=VECTOR('',#8747,10.);
#2680=VECTOR('',#8748,10.);
#2681=VECTOR('',#8749,10.);
#2682=VECTOR('',#8750,10.);
#2683=VECTOR('',#8751,10.);
#2684=VECTOR('',#8752,10.);
#2685=VECTOR('',#8753,10.);
#2686=VECTOR('',#8754,10.);
#2687=VECTOR('',#8755,10.);
#2688=VECTOR('',#8756,10.);
#2689=VECTOR('',#8757,10.);
#2690=VECTOR('',#8758,10.);
#2691=VECTOR('',#8759,10.);
#2692=VECTOR('',#8760,10.);
#2693=VECTOR('',#8761,10.);
#2694=VECTOR('',#8762,10.);
#2695=VECTOR('',#8763,10.);
#2696=VECTOR('',#8764,10.);
#2697=VECTOR('',#8765,10.);
#2698=VECTOR('',#8766,10.);
#2699=VECTOR('',#8767,10.);
#2700=VECTOR('',#8768,10.);
#2701=VECTOR('',#8769,10.);
#2702=VECTOR('',#8770,10.);
#2703=VECTOR('',#8771,10.);
#2704=VECTOR('',#8772,10.);
#2705=VECTOR('',#8773,10.);
#2706=VECTOR('',#8774,10.);
#2707=VECTOR('',#8775,10.);
#2708=VECTOR('',#8776,10.);
#2709=VECTOR('',#8777,10.);
#2710=VECTOR('',#8778,10.);
#2711=VECTOR('',#8779,10.);
#2712=VECTOR('',#8780,10.);
#2713=VECTOR('',#8781,10.);
#2714=VECTOR('',#8782,10.);
#2715=VECTOR('',#8783,10.);
#2716=VECTOR('',#8784,10.);
#2717=VECTOR('',#8785,10.);
#2718=VECTOR('',#8786,10.);
#2719=VECTOR('',#8787,10.);
#2720=VECTOR('',#8788,10.);
#2721=VECTOR('',#8789,10.);
#2722=VECTOR('',#8790,10.);
#2723=VECTOR('',#8791,10.);
#2724=VECTOR('',#8792,10.);
#2725=VECTOR('',#8793,10.);
#2726=VECTOR('',#8794,10.);
#2727=VECTOR('',#8795,10.);
#2728=VECTOR('',#8796,10.);
#2729=VECTOR('',#8797,10.);
#2730=VECTOR('',#8798,10.);
#2731=VECTOR('',#8799,10.);
#2732=VECTOR('',#8800,10.);
#2733=VECTOR('',#8801,10.);
#2734=VECTOR('',#8802,10.);
#2735=VECTOR('',#8803,10.);
#2736=VECTOR('',#8804,10.);
#2737=VECTOR('',#8805,10.);
#2738=VECTOR('',#8806,10.);
#2739=VECTOR('',#8807,10.);
#2740=VECTOR('',#8808,10.);
#2741=VECTOR('',#8809,10.);
#2742=VECTOR('',#8810,10.);
#2743=VECTOR('',#8811,10.);
#2744=VECTOR('',#8812,10.);
#2745=VECTOR('',#8813,10.);
#2746=VECTOR('',#8814,10.);
#2747=VECTOR('',#8815,10.);
#2748=VECTOR('',#8816,10.);
#2749=VECTOR('',#8817,10.);
#2750=VECTOR('',#8818,10.);
#2751=VECTOR('',#8819,10.);
#2752=VECTOR('',#8820,10.);
#2753=VECTOR('',#8821,10.);
#2754=VECTOR('',#8822,10.);
#2755=VECTOR('',#8823,10.);
#2756=VECTOR('',#8824,10.);
#2757=VECTOR('',#8825,10.);
#2758=VECTOR('',#8826,10.);
#2759=VECTOR('',#8827,10.);
#2760=VECTOR('',#8828,10.);
#2761=VECTOR('',#8829,10.);
#2762=VECTOR('',#8830,10.);
#2763=VECTOR('',#8831,10.);
#2764=VECTOR('',#8832,10.);
#2765=VECTOR('',#8833,10.);
#2766=VECTOR('',#8834,10.);
#2767=VECTOR('',#8835,10.);
#2768=VECTOR('',#8836,10.);
#2769=VECTOR('',#8837,10.);
#2770=VECTOR('',#8838,10.);
#2771=VECTOR('',#8839,10.);
#2772=VECTOR('',#8840,10.);
#2773=VECTOR('',#8841,10.);
#2774=VECTOR('',#8842,10.);
#2775=VECTOR('',#8843,10.);
#2776=VECTOR('',#8844,10.);
#2777=VECTOR('',#8845,10.);
#2778=VECTOR('',#8846,10.);
#2779=VECTOR('',#8847,10.);
#2780=VECTOR('',#8848,10.);
#2781=VECTOR('',#8849,10.);
#2782=VECTOR('',#8850,10.);
#2783=VECTOR('',#8851,10.);
#2784=VECTOR('',#8852,10.);
#2785=VECTOR('',#8853,10.);
#2786=VECTOR('',#8854,10.);
#2787=VECTOR('',#8855,10.);
#2788=VECTOR('',#8856,10.);
#2789=VECTOR('',#8857,10.);
#2790=VECTOR('',#8858,10.);
#2791=VECTOR('',#8859,10.);
#2792=VECTOR('',#8860,10.);
#2793=VECTOR('',#8861,10.);
#2794=VECTOR('',#8862,10.);
#2795=VECTOR('',#8863,10.);
#2796=VECTOR('',#8864,10.);
#2797=VECTOR('',#8865,10.);
#2798=VECTOR('',#8866,10.);
#2799=VECTOR('',#8867,10.);
#2800=VECTOR('',#8868,10.);
#2801=VECTOR('',#8869,10.);
#2802=VECTOR('',#8870,10.);
#2803=VECTOR('',#8871,10.);
#2804=VECTOR('',#8872,10.);
#2805=VECTOR('',#8873,10.);
#2806=VECTOR('',#8874,10.);
#2807=VECTOR('',#8875,10.);
#2808=VECTOR('',#8876,10.);
#2809=VECTOR('',#8877,10.);
#2810=VECTOR('',#8878,10.);
#2811=VECTOR('',#8879,10.);
#2812=VECTOR('',#8880,10.);
#2813=VECTOR('',#8881,10.);
#2814=VECTOR('',#8882,10.);
#2815=VECTOR('',#8883,10.);
#2816=VECTOR('',#8884,10.);
#2817=VECTOR('',#8885,10.);
#2818=VECTOR('',#8886,10.);
#2819=VECTOR('',#8887,10.);
#2820=VECTOR('',#8888,10.);
#2821=VECTOR('',#8893,10.);
#2822=VECTOR('',#8900,10.);
#2823=VECTOR('',#8911,10.);
#2824=VECTOR('',#8914,10.);
#2825=VECTOR('',#8917,10.);
#2826=VECTOR('',#8918,10.);
#2827=VECTOR('',#8919,10.);
#2828=VECTOR('',#8920,10.);
#2829=VECTOR('',#8921,10.);
#2830=VECTOR('',#8922,10.);
#2831=VECTOR('',#8923,10.);
#2832=VECTOR('',#8924,10.);
#2833=VECTOR('',#8945,10.);
#2834=VECTOR('',#8948,10.);
#2835=VECTOR('',#8951,10.);
#2836=VECTOR('',#8954,10.);
#2837=VECTOR('',#8961,10.);
#2838=VECTOR('',#8962,10.);
#2839=VECTOR('',#8965,10.);
#2840=VECTOR('',#8966,10.);
#2841=VECTOR('',#8969,10.);
#2842=VECTOR('',#8970,10.);
#2843=VECTOR('',#8973,10.);
#2844=VECTOR('',#8974,10.);
#2845=VECTOR('',#8977,10.);
#2846=VECTOR('',#8980,10.);
#2847=VECTOR('',#8983,10.);
#2848=VECTOR('',#8986,10.);
#2849=VECTOR('',#8991,10.);
#2850=VECTOR('',#8994,10.);
#2851=VECTOR('',#8999,10.);
#2852=VECTOR('',#9002,10.);
#2853=VECTOR('',#9009,10.);
#2854=VECTOR('',#9010,10.);
#2855=VECTOR('',#9013,10.);
#2856=VECTOR('',#9016,10.);
#2857=VECTOR('',#9021,10.);
#2858=VECTOR('',#9022,10.);
#2859=VECTOR('',#9025,10.);
#2860=VECTOR('',#9028,10.);
#2861=VECTOR('',#9033,10.);
#2862=VECTOR('',#9034,10.);
#2863=VECTOR('',#9037,10.);
#2864=VECTOR('',#9040,10.);
#2865=VECTOR('',#9045,10.);
#2866=VECTOR('',#9046,10.);
#2867=VECTOR('',#9049,10.);
#2868=VECTOR('',#9052,10.);
#2869=VECTOR('',#9057,10.);
#2870=VECTOR('',#9058,10.);
#2871=VECTOR('',#9061,10.);
#2872=VECTOR('',#9064,10.);
#2873=VECTOR('',#9069,10.);
#2874=VECTOR('',#9070,10.);
#2875=VECTOR('',#9073,10.);
#2876=VECTOR('',#9076,10.);
#2877=VECTOR('',#9081,10.);
#2878=VECTOR('',#9082,10.);
#2879=VECTOR('',#9085,10.);
#2880=VECTOR('',#9088,10.);
#2881=VECTOR('',#9093,10.);
#2882=VECTOR('',#9094,10.);
#2883=VECTOR('',#9097,10.);
#2884=VECTOR('',#9100,10.);
#2885=VECTOR('',#9105,10.);
#2886=VECTOR('',#9106,10.);
#2887=VECTOR('',#9109,10.);
#2888=VECTOR('',#9112,10.);
#2889=VECTOR('',#9117,10.);
#2890=VECTOR('',#9118,10.);
#2891=VECTOR('',#9121,10.);
#2892=VECTOR('',#9124,10.);
#2893=VECTOR('',#9129,10.);
#2894=VECTOR('',#9130,10.);
#2895=VECTOR('',#9133,10.);
#2896=VECTOR('',#9136,10.);
#2897=VECTOR('',#9141,10.);
#2898=VECTOR('',#9142,10.);
#2899=VECTOR('',#9145,10.);
#2900=VECTOR('',#9148,10.);
#2901=VECTOR('',#9153,10.);
#2902=VECTOR('',#9154,10.);
#2903=VECTOR('',#9157,10.);
#2904=VECTOR('',#9160,10.);
#2905=VECTOR('',#9165,10.);
#2906=VECTOR('',#9166,10.);
#2907=VECTOR('',#9169,10.);
#2908=VECTOR('',#9172,10.);
#2909=VECTOR('',#9177,10.);
#2910=VECTOR('',#9178,10.);
#2911=VECTOR('',#9181,10.);
#2912=VECTOR('',#9184,10.);
#2913=VECTOR('',#9189,10.);
#2914=VECTOR('',#9190,10.);
#2915=VECTOR('',#9193,10.);
#2916=VECTOR('',#9196,10.);
#2917=VECTOR('',#9201,10.);
#2918=VECTOR('',#9202,10.);
#2919=VECTOR('',#9205,10.);
#2920=VECTOR('',#9208,10.);
#2921=VECTOR('',#9213,10.);
#2922=VECTOR('',#9214,10.);
#2923=VECTOR('',#9217,10.);
#2924=VECTOR('',#9220,10.);
#2925=VECTOR('',#9225,10.);
#2926=VECTOR('',#9226,10.);
#2927=VECTOR('',#9229,10.);
#2928=VECTOR('',#9232,10.);
#2929=VECTOR('',#9237,10.);
#2930=VECTOR('',#9238,10.);
#2931=VECTOR('',#9241,10.);
#2932=VECTOR('',#9244,10.);
#2933=VECTOR('',#9249,10.);
#2934=VECTOR('',#9250,10.);
#2935=VECTOR('',#9253,10.);
#2936=VECTOR('',#9256,10.);
#2937=VECTOR('',#9261,10.);
#2938=VECTOR('',#9262,10.);
#2939=VECTOR('',#9265,10.);
#2940=VECTOR('',#9268,10.);
#2941=VECTOR('',#9273,10.);
#2942=VECTOR('',#9274,10.);
#2943=VECTOR('',#9277,10.);
#2944=VECTOR('',#9280,10.);
#2945=VECTOR('',#9285,10.);
#2946=VECTOR('',#9286,10.);
#2947=VECTOR('',#9289,10.);
#2948=VECTOR('',#9292,10.);
#2949=VECTOR('',#9297,10.);
#2950=VECTOR('',#9298,10.);
#2951=VECTOR('',#9301,10.);
#2952=VECTOR('',#9304,10.);
#2953=VECTOR('',#9309,10.);
#2954=VECTOR('',#9310,10.);
#2955=VECTOR('',#9313,10.);
#2956=VECTOR('',#9316,10.);
#2957=VECTOR('',#9321,10.);
#2958=VECTOR('',#9322,10.);
#2959=VECTOR('',#9325,10.);
#2960=VECTOR('',#9328,10.);
#2961=VECTOR('',#9333,10.);
#2962=VECTOR('',#9334,10.);
#2963=VECTOR('',#9337,10.);
#2964=VECTOR('',#9340,10.);
#2965=VECTOR('',#9345,10.);
#2966=VECTOR('',#9346,10.);
#2967=VECTOR('',#9349,10.);
#2968=VECTOR('',#9352,10.);
#2969=VECTOR('',#9357,10.);
#2970=VECTOR('',#9358,10.);
#2971=VECTOR('',#9361,10.);
#2972=VECTOR('',#9364,10.);
#2973=VECTOR('',#9369,10.);
#2974=VECTOR('',#9370,10.);
#2975=VECTOR('',#9373,10.);
#2976=VECTOR('',#9376,10.);
#2977=VECTOR('',#9381,10.);
#2978=VECTOR('',#9382,10.);
#2979=VECTOR('',#9385,10.);
#2980=VECTOR('',#9388,10.);
#2981=VECTOR('',#9393,10.);
#2982=VECTOR('',#9394,10.);
#2983=VECTOR('',#9397,10.);
#2984=VECTOR('',#9400,10.);
#2985=VECTOR('',#9405,10.);
#2986=VECTOR('',#9406,10.);
#2987=VECTOR('',#9409,10.);
#2988=VECTOR('',#9412,10.);
#2989=VECTOR('',#9417,10.);
#2990=VECTOR('',#9418,10.);
#2991=VECTOR('',#9421,10.);
#2992=VECTOR('',#9424,10.);
#2993=VECTOR('',#9429,10.);
#2994=VECTOR('',#9430,10.);
#2995=VECTOR('',#9433,10.);
#2996=VECTOR('',#9436,10.);
#2997=VECTOR('',#9441,10.);
#2998=VECTOR('',#9442,10.);
#2999=VECTOR('',#9445,10.);
#3000=VECTOR('',#9448,10.);
#3001=VECTOR('',#9453,10.);
#3002=VECTOR('',#9454,10.);
#3003=VECTOR('',#9457,10.);
#3004=VECTOR('',#9460,10.);
#3005=VECTOR('',#9465,10.);
#3006=VECTOR('',#9466,10.);
#3007=VECTOR('',#9469,10.);
#3008=VECTOR('',#9472,10.);
#3009=VECTOR('',#9477,10.);
#3010=VECTOR('',#9478,10.);
#3011=VECTOR('',#9481,10.);
#3012=VECTOR('',#9484,10.);
#3013=VECTOR('',#9489,10.);
#3014=VECTOR('',#9490,10.);
#3015=VECTOR('',#9493,10.);
#3016=VECTOR('',#9496,10.);
#3017=VECTOR('',#9501,10.);
#3018=VECTOR('',#9502,10.);
#3019=VECTOR('',#9505,10.);
#3020=VECTOR('',#9508,10.);
#3021=VECTOR('',#9513,10.);
#3022=VECTOR('',#9514,10.);
#3023=VECTOR('',#9517,10.);
#3024=VECTOR('',#9520,10.);
#3025=VECTOR('',#9525,10.);
#3026=VECTOR('',#9526,10.);
#3027=VECTOR('',#9529,10.);
#3028=VECTOR('',#9532,10.);
#3029=VECTOR('',#9537,10.);
#3030=VECTOR('',#9538,10.);
#3031=VECTOR('',#9541,10.);
#3032=VECTOR('',#9544,10.);
#3033=VECTOR('',#9549,10.);
#3034=VECTOR('',#9550,10.);
#3035=VECTOR('',#9553,10.);
#3036=VECTOR('',#9556,10.);
#3037=VECTOR('',#9561,10.);
#3038=VECTOR('',#9562,10.);
#3039=VECTOR('',#9565,10.);
#3040=VECTOR('',#9568,10.);
#3041=VECTOR('',#9573,10.);
#3042=VECTOR('',#9574,10.);
#3043=VECTOR('',#9577,10.);
#3044=VECTOR('',#9580,10.);
#3045=VECTOR('',#9585,10.);
#3046=VECTOR('',#9586,10.);
#3047=VECTOR('',#9589,10.);
#3048=VECTOR('',#9592,10.);
#3049=VECTOR('',#9597,10.);
#3050=VECTOR('',#9598,10.);
#3051=VECTOR('',#9601,10.);
#3052=VECTOR('',#9604,10.);
#3053=VECTOR('',#9609,10.);
#3054=VECTOR('',#9610,10.);
#3055=VECTOR('',#9613,10.);
#3056=VECTOR('',#9616,10.);
#3057=VECTOR('',#9621,10.);
#3058=VECTOR('',#9622,10.);
#3059=VECTOR('',#9625,10.);
#3060=VECTOR('',#9628,10.);
#3061=VECTOR('',#9633,10.);
#3062=VECTOR('',#9634,10.);
#3063=VECTOR('',#9637,10.);
#3064=VECTOR('',#9640,10.);
#3065=VECTOR('',#9645,10.);
#3066=VECTOR('',#9646,10.);
#3067=VECTOR('',#9649,10.);
#3068=VECTOR('',#9652,10.);
#3069=VECTOR('',#9657,10.);
#3070=VECTOR('',#9658,10.);
#3071=VECTOR('',#9661,10.);
#3072=VECTOR('',#9664,10.);
#3073=VECTOR('',#9669,10.);
#3074=VECTOR('',#9670,10.);
#3075=VECTOR('',#9673,10.);
#3076=VECTOR('',#9676,10.);
#3077=VECTOR('',#9681,10.);
#3078=VECTOR('',#9682,10.);
#3079=VECTOR('',#9685,10.);
#3080=VECTOR('',#9688,10.);
#3081=VECTOR('',#9693,10.);
#3082=VECTOR('',#9694,10.);
#3083=VECTOR('',#9697,10.);
#3084=VECTOR('',#9700,10.);
#3085=VECTOR('',#9705,10.);
#3086=VECTOR('',#9706,10.);
#3087=VECTOR('',#9709,10.);
#3088=VECTOR('',#9712,10.);
#3089=VECTOR('',#9717,10.);
#3090=VECTOR('',#9718,10.);
#3091=VECTOR('',#9721,10.);
#3092=VECTOR('',#9724,10.);
#3093=VECTOR('',#9729,10.);
#3094=VECTOR('',#9730,10.);
#3095=VECTOR('',#9733,10.);
#3096=VECTOR('',#9736,10.);
#3097=VECTOR('',#9741,10.);
#3098=VECTOR('',#9742,10.);
#3099=VECTOR('',#9745,10.);
#3100=VECTOR('',#9748,10.);
#3101=VECTOR('',#9753,10.);
#3102=VECTOR('',#9754,10.);
#3103=VECTOR('',#9757,10.);
#3104=VECTOR('',#9760,10.);
#3105=VECTOR('',#9765,10.);
#3106=VECTOR('',#9766,10.);
#3107=VECTOR('',#9769,10.);
#3108=VECTOR('',#9772,10.);
#3109=VECTOR('',#9777,10.);
#3110=VECTOR('',#9778,10.);
#3111=VECTOR('',#9781,10.);
#3112=VECTOR('',#9784,10.);
#3113=VECTOR('',#9789,10.);
#3114=VECTOR('',#9790,10.);
#3115=VECTOR('',#9793,10.);
#3116=VECTOR('',#9796,10.);
#3117=VECTOR('',#9801,10.);
#3118=VECTOR('',#9802,10.);
#3119=VECTOR('',#9805,10.);
#3120=VECTOR('',#9808,10.);
#3121=VECTOR('',#9813,10.);
#3122=VECTOR('',#9814,10.);
#3123=VECTOR('',#9817,10.);
#3124=VECTOR('',#9820,10.);
#3125=VECTOR('',#9825,10.);
#3126=VECTOR('',#9826,10.);
#3127=VECTOR('',#9829,10.);
#3128=VECTOR('',#9832,10.);
#3129=VECTOR('',#9837,10.);
#3130=VECTOR('',#9838,10.);
#3131=VECTOR('',#9841,10.);
#3132=VECTOR('',#9844,10.);
#3133=VECTOR('',#9849,10.);
#3134=VECTOR('',#9850,10.);
#3135=VECTOR('',#9853,10.);
#3136=VECTOR('',#9856,10.);
#3137=VECTOR('',#9861,10.);
#3138=VECTOR('',#9862,10.);
#3139=VECTOR('',#9865,10.);
#3140=VECTOR('',#9868,10.);
#3141=VECTOR('',#9873,10.);
#3142=VECTOR('',#9874,10.);
#3143=VECTOR('',#9877,10.);
#3144=VECTOR('',#9880,10.);
#3145=VECTOR('',#9885,10.);
#3146=VECTOR('',#9886,10.);
#3147=VECTOR('',#9889,10.);
#3148=VECTOR('',#9892,10.);
#3149=VECTOR('',#9897,10.);
#3150=VECTOR('',#9898,10.);
#3151=VECTOR('',#9901,10.);
#3152=VECTOR('',#9904,10.);
#3153=VECTOR('',#9909,10.);
#3154=VECTOR('',#9910,10.);
#3155=VECTOR('',#9913,10.);
#3156=VECTOR('',#9916,10.);
#3157=VERTEX_POINT('',#9921);
#3158=VERTEX_POINT('',#9922);
#3159=VERTEX_POINT('',#9924);
#3160=VERTEX_POINT('',#9926);
#3161=VERTEX_POINT('',#9930);
#3162=VERTEX_POINT('',#9932);
#3163=VERTEX_POINT('',#9936);
#3164=VERTEX_POINT('',#9938);
#3165=VERTEX_POINT('',#9942);
#3166=VERTEX_POINT('',#9944);
#3167=VERTEX_POINT('',#9948);
#3168=VERTEX_POINT('',#9950);
#3169=VERTEX_POINT('',#9954);
#3170=VERTEX_POINT('',#9956);
#3171=VERTEX_POINT('',#9960);
#3172=VERTEX_POINT('',#9962);
#3173=VERTEX_POINT('',#9966);
#3174=VERTEX_POINT('',#9968);
#3175=VERTEX_POINT('',#9970);
#3176=VERTEX_POINT('',#9972);
#3177=VERTEX_POINT('',#9974);
#3178=VERTEX_POINT('',#9978);
#3179=VERTEX_POINT('',#9979);
#3180=VERTEX_POINT('',#9981);
#3181=VERTEX_POINT('',#9983);
#3182=VERTEX_POINT('',#9987);
#3183=VERTEX_POINT('',#9989);
#3184=VERTEX_POINT('',#9993);
#3185=VERTEX_POINT('',#9994);
#3186=VERTEX_POINT('',#9997);
#3187=VERTEX_POINT('',#10001);
#3188=VERTEX_POINT('',#10002);
#3189=VERTEX_POINT('',#10004);
#3190=VERTEX_POINT('',#10006);
#3191=VERTEX_POINT('',#10008);
#3192=VERTEX_POINT('',#10012);
#3193=VERTEX_POINT('',#10015);
#3194=VERTEX_POINT('',#10019);
#3195=VERTEX_POINT('',#10021);
#3196=VERTEX_POINT('',#10023);
#3197=VERTEX_POINT('',#10025);
#3198=VERTEX_POINT('',#10029);
#3199=VERTEX_POINT('',#10033);
#3200=VERTEX_POINT('',#10035);
#3201=VERTEX_POINT('',#10041);
#3202=VERTEX_POINT('',#10043);
#3203=VERTEX_POINT('',#10049);
#3204=VERTEX_POINT('',#10050);
#3205=VERTEX_POINT('',#10052);
#3206=VERTEX_POINT('',#10054);
#3207=VERTEX_POINT('',#10056);
#3208=VERTEX_POINT('',#10059);
#3209=VERTEX_POINT('',#10060);
#3210=VERTEX_POINT('',#10062);
#3211=VERTEX_POINT('',#10065);
#3212=VERTEX_POINT('',#10066);
#3213=VERTEX_POINT('',#10068);
#3214=VERTEX_POINT('',#10071);
#3215=VERTEX_POINT('',#10072);
#3216=VERTEX_POINT('',#10074);
#3217=VERTEX_POINT('',#10076);
#3218=VERTEX_POINT('',#10078);
#3219=VERTEX_POINT('',#10081);
#3220=VERTEX_POINT('',#10082);
#3221=VERTEX_POINT('',#10084);
#3222=VERTEX_POINT('',#10086);
#3223=VERTEX_POINT('',#10089);
#3224=VERTEX_POINT('',#10090);
#3225=VERTEX_POINT('',#10092);
#3226=VERTEX_POINT('',#10094);
#3227=VERTEX_POINT('',#10097);
#3228=VERTEX_POINT('',#10098);
#3229=VERTEX_POINT('',#10100);
#3230=VERTEX_POINT('',#10102);
#3231=VERTEX_POINT('',#10105);
#3232=VERTEX_POINT('',#10106);
#3233=VERTEX_POINT('',#10108);
#3234=VERTEX_POINT('',#10110);
#3235=VERTEX_POINT('',#10113);
#3236=VERTEX_POINT('',#10114);
#3237=VERTEX_POINT('',#10116);
#3238=VERTEX_POINT('',#10118);
#3239=VERTEX_POINT('',#10121);
#3240=VERTEX_POINT('',#10122);
#3241=VERTEX_POINT('',#10124);
#3242=VERTEX_POINT('',#10126);
#3243=VERTEX_POINT('',#10129);
#3244=VERTEX_POINT('',#10130);
#3245=VERTEX_POINT('',#10132);
#3246=VERTEX_POINT('',#10134);
#3247=VERTEX_POINT('',#10137);
#3248=VERTEX_POINT('',#10138);
#3249=VERTEX_POINT('',#10140);
#3250=VERTEX_POINT('',#10142);
#3251=VERTEX_POINT('',#10145);
#3252=VERTEX_POINT('',#10146);
#3253=VERTEX_POINT('',#10148);
#3254=VERTEX_POINT('',#10150);
#3255=VERTEX_POINT('',#10153);
#3256=VERTEX_POINT('',#10154);
#3257=VERTEX_POINT('',#10156);
#3258=VERTEX_POINT('',#10158);
#3259=VERTEX_POINT('',#10161);
#3260=VERTEX_POINT('',#10162);
#3261=VERTEX_POINT('',#10164);
#3262=VERTEX_POINT('',#10166);
#3263=VERTEX_POINT('',#10169);
#3264=VERTEX_POINT('',#10170);
#3265=VERTEX_POINT('',#10172);
#3266=VERTEX_POINT('',#10174);
#3267=VERTEX_POINT('',#10177);
#3268=VERTEX_POINT('',#10178);
#3269=VERTEX_POINT('',#10180);
#3270=VERTEX_POINT('',#10182);
#3271=VERTEX_POINT('',#10185);
#3272=VERTEX_POINT('',#10186);
#3273=VERTEX_POINT('',#10188);
#3274=VERTEX_POINT('',#10190);
#3275=VERTEX_POINT('',#10193);
#3276=VERTEX_POINT('',#10194);
#3277=VERTEX_POINT('',#10196);
#3278=VERTEX_POINT('',#10198);
#3279=VERTEX_POINT('',#10201);
#3280=VERTEX_POINT('',#10202);
#3281=VERTEX_POINT('',#10204);
#3282=VERTEX_POINT('',#10206);
#3283=VERTEX_POINT('',#10209);
#3284=VERTEX_POINT('',#10210);
#3285=VERTEX_POINT('',#10212);
#3286=VERTEX_POINT('',#10214);
#3287=VERTEX_POINT('',#10217);
#3288=VERTEX_POINT('',#10218);
#3289=VERTEX_POINT('',#10220);
#3290=VERTEX_POINT('',#10222);
#3291=VERTEX_POINT('',#10225);
#3292=VERTEX_POINT('',#10226);
#3293=VERTEX_POINT('',#10228);
#3294=VERTEX_POINT('',#10230);
#3295=VERTEX_POINT('',#10233);
#3296=VERTEX_POINT('',#10234);
#3297=VERTEX_POINT('',#10236);
#3298=VERTEX_POINT('',#10238);
#3299=VERTEX_POINT('',#10241);
#3300=VERTEX_POINT('',#10242);
#3301=VERTEX_POINT('',#10244);
#3302=VERTEX_POINT('',#10246);
#3303=VERTEX_POINT('',#10249);
#3304=VERTEX_POINT('',#10250);
#3305=VERTEX_POINT('',#10252);
#3306=VERTEX_POINT('',#10254);
#3307=VERTEX_POINT('',#10257);
#3308=VERTEX_POINT('',#10258);
#3309=VERTEX_POINT('',#10260);
#3310=VERTEX_POINT('',#10262);
#3311=VERTEX_POINT('',#10265);
#3312=VERTEX_POINT('',#10266);
#3313=VERTEX_POINT('',#10268);
#3314=VERTEX_POINT('',#10270);
#3315=VERTEX_POINT('',#10273);
#3316=VERTEX_POINT('',#10274);
#3317=VERTEX_POINT('',#10276);
#3318=VERTEX_POINT('',#10278);
#3319=VERTEX_POINT('',#10281);
#3320=VERTEX_POINT('',#10282);
#3321=VERTEX_POINT('',#10284);
#3322=VERTEX_POINT('',#10286);
#3323=VERTEX_POINT('',#10289);
#3324=VERTEX_POINT('',#10290);
#3325=VERTEX_POINT('',#10292);
#3326=VERTEX_POINT('',#10294);
#3327=VERTEX_POINT('',#10297);
#3328=VERTEX_POINT('',#10298);
#3329=VERTEX_POINT('',#10300);
#3330=VERTEX_POINT('',#10302);
#3331=VERTEX_POINT('',#10305);
#3332=VERTEX_POINT('',#10306);
#3333=VERTEX_POINT('',#10308);
#3334=VERTEX_POINT('',#10310);
#3335=VERTEX_POINT('',#10313);
#3336=VERTEX_POINT('',#10314);
#3337=VERTEX_POINT('',#10316);
#3338=VERTEX_POINT('',#10318);
#3339=VERTEX_POINT('',#10321);
#3340=VERTEX_POINT('',#10322);
#3341=VERTEX_POINT('',#10324);
#3342=VERTEX_POINT('',#10326);
#3343=VERTEX_POINT('',#10329);
#3344=VERTEX_POINT('',#10330);
#3345=VERTEX_POINT('',#10332);
#3346=VERTEX_POINT('',#10334);
#3347=VERTEX_POINT('',#10337);
#3348=VERTEX_POINT('',#10338);
#3349=VERTEX_POINT('',#10340);
#3350=VERTEX_POINT('',#10342);
#3351=VERTEX_POINT('',#10345);
#3352=VERTEX_POINT('',#10346);
#3353=VERTEX_POINT('',#10348);
#3354=VERTEX_POINT('',#10350);
#3355=VERTEX_POINT('',#10353);
#3356=VERTEX_POINT('',#10354);
#3357=VERTEX_POINT('',#10356);
#3358=VERTEX_POINT('',#10358);
#3359=VERTEX_POINT('',#10361);
#3360=VERTEX_POINT('',#10362);
#3361=VERTEX_POINT('',#10364);
#3362=VERTEX_POINT('',#10366);
#3363=VERTEX_POINT('',#10369);
#3364=VERTEX_POINT('',#10370);
#3365=VERTEX_POINT('',#10372);
#3366=VERTEX_POINT('',#10374);
#3367=VERTEX_POINT('',#10377);
#3368=VERTEX_POINT('',#10378);
#3369=VERTEX_POINT('',#10380);
#3370=VERTEX_POINT('',#10382);
#3371=VERTEX_POINT('',#10385);
#3372=VERTEX_POINT('',#10386);
#3373=VERTEX_POINT('',#10388);
#3374=VERTEX_POINT('',#10390);
#3375=VERTEX_POINT('',#10393);
#3376=VERTEX_POINT('',#10394);
#3377=VERTEX_POINT('',#10396);
#3378=VERTEX_POINT('',#10398);
#3379=VERTEX_POINT('',#10401);
#3380=VERTEX_POINT('',#10402);
#3381=VERTEX_POINT('',#10404);
#3382=VERTEX_POINT('',#10406);
#3383=VERTEX_POINT('',#10409);
#3384=VERTEX_POINT('',#10410);
#3385=VERTEX_POINT('',#10412);
#3386=VERTEX_POINT('',#10414);
#3387=VERTEX_POINT('',#10417);
#3388=VERTEX_POINT('',#10418);
#3389=VERTEX_POINT('',#10420);
#3390=VERTEX_POINT('',#10422);
#3391=VERTEX_POINT('',#10425);
#3392=VERTEX_POINT('',#10426);
#3393=VERTEX_POINT('',#10428);
#3394=VERTEX_POINT('',#10430);
#3395=VERTEX_POINT('',#10433);
#3396=VERTEX_POINT('',#10434);
#3397=VERTEX_POINT('',#10436);
#3398=VERTEX_POINT('',#10438);
#3399=VERTEX_POINT('',#10441);
#3400=VERTEX_POINT('',#10442);
#3401=VERTEX_POINT('',#10444);
#3402=VERTEX_POINT('',#10446);
#3403=VERTEX_POINT('',#10449);
#3404=VERTEX_POINT('',#10450);
#3405=VERTEX_POINT('',#10452);
#3406=VERTEX_POINT('',#10454);
#3407=VERTEX_POINT('',#10457);
#3408=VERTEX_POINT('',#10458);
#3409=VERTEX_POINT('',#10460);
#3410=VERTEX_POINT('',#10462);
#3411=VERTEX_POINT('',#10465);
#3412=VERTEX_POINT('',#10466);
#3413=VERTEX_POINT('',#10468);
#3414=VERTEX_POINT('',#10470);
#3415=VERTEX_POINT('',#10473);
#3416=VERTEX_POINT('',#10474);
#3417=VERTEX_POINT('',#10476);
#3418=VERTEX_POINT('',#10478);
#3419=VERTEX_POINT('',#10481);
#3420=VERTEX_POINT('',#10482);
#3421=VERTEX_POINT('',#10484);
#3422=VERTEX_POINT('',#10486);
#3423=VERTEX_POINT('',#10489);
#3424=VERTEX_POINT('',#10490);
#3425=VERTEX_POINT('',#10492);
#3426=VERTEX_POINT('',#10494);
#3427=VERTEX_POINT('',#10497);
#3428=VERTEX_POINT('',#10498);
#3429=VERTEX_POINT('',#10500);
#3430=VERTEX_POINT('',#10502);
#3431=VERTEX_POINT('',#10505);
#3432=VERTEX_POINT('',#10506);
#3433=VERTEX_POINT('',#10508);
#3434=VERTEX_POINT('',#10510);
#3435=VERTEX_POINT('',#10513);
#3436=VERTEX_POINT('',#10514);
#3437=VERTEX_POINT('',#10516);
#3438=VERTEX_POINT('',#10518);
#3439=VERTEX_POINT('',#10521);
#3440=VERTEX_POINT('',#10522);
#3441=VERTEX_POINT('',#10524);
#3442=VERTEX_POINT('',#10526);
#3443=VERTEX_POINT('',#10529);
#3444=VERTEX_POINT('',#10530);
#3445=VERTEX_POINT('',#10532);
#3446=VERTEX_POINT('',#10534);
#3447=VERTEX_POINT('',#10537);
#3448=VERTEX_POINT('',#10538);
#3449=VERTEX_POINT('',#10540);
#3450=VERTEX_POINT('',#10542);
#3451=VERTEX_POINT('',#10545);
#3452=VERTEX_POINT('',#10546);
#3453=VERTEX_POINT('',#10548);
#3454=VERTEX_POINT('',#10550);
#3455=VERTEX_POINT('',#10553);
#3456=VERTEX_POINT('',#10554);
#3457=VERTEX_POINT('',#10556);
#3458=VERTEX_POINT('',#10558);
#3459=VERTEX_POINT('',#10561);
#3460=VERTEX_POINT('',#10562);
#3461=VERTEX_POINT('',#10564);
#3462=VERTEX_POINT('',#10566);
#3463=VERTEX_POINT('',#10569);
#3464=VERTEX_POINT('',#10570);
#3465=VERTEX_POINT('',#10572);
#3466=VERTEX_POINT('',#10574);
#3467=VERTEX_POINT('',#10577);
#3468=VERTEX_POINT('',#10578);
#3469=VERTEX_POINT('',#10580);
#3470=VERTEX_POINT('',#10582);
#3471=VERTEX_POINT('',#10585);
#3472=VERTEX_POINT('',#10586);
#3473=VERTEX_POINT('',#10588);
#3474=VERTEX_POINT('',#10590);
#3475=VERTEX_POINT('',#10593);
#3476=VERTEX_POINT('',#10594);
#3477=VERTEX_POINT('',#10596);
#3478=VERTEX_POINT('',#10598);
#3479=VERTEX_POINT('',#10601);
#3480=VERTEX_POINT('',#10602);
#3481=VERTEX_POINT('',#10604);
#3482=VERTEX_POINT('',#10606);
#3483=VERTEX_POINT('',#10609);
#3484=VERTEX_POINT('',#10610);
#3485=VERTEX_POINT('',#10612);
#3486=VERTEX_POINT('',#10614);
#3487=VERTEX_POINT('',#10617);
#3488=VERTEX_POINT('',#10618);
#3489=VERTEX_POINT('',#10620);
#3490=VERTEX_POINT('',#10622);
#3491=VERTEX_POINT('',#10625);
#3492=VERTEX_POINT('',#10626);
#3493=VERTEX_POINT('',#10628);
#3494=VERTEX_POINT('',#10630);
#3495=VERTEX_POINT('',#10633);
#3496=VERTEX_POINT('',#10634);
#3497=VERTEX_POINT('',#10636);
#3498=VERTEX_POINT('',#10638);
#3499=VERTEX_POINT('',#10641);
#3500=VERTEX_POINT('',#10642);
#3501=VERTEX_POINT('',#10644);
#3502=VERTEX_POINT('',#10646);
#3503=VERTEX_POINT('',#10649);
#3504=VERTEX_POINT('',#10650);
#3505=VERTEX_POINT('',#10652);
#3506=VERTEX_POINT('',#10654);
#3507=VERTEX_POINT('',#10657);
#3508=VERTEX_POINT('',#10658);
#3509=VERTEX_POINT('',#10660);
#3510=VERTEX_POINT('',#10662);
#3511=VERTEX_POINT('',#10665);
#3512=VERTEX_POINT('',#10666);
#3513=VERTEX_POINT('',#10668);
#3514=VERTEX_POINT('',#10670);
#3515=VERTEX_POINT('',#10673);
#3516=VERTEX_POINT('',#10674);
#3517=VERTEX_POINT('',#10676);
#3518=VERTEX_POINT('',#10678);
#3519=VERTEX_POINT('',#10681);
#3520=VERTEX_POINT('',#10682);
#3521=VERTEX_POINT('',#10684);
#3522=VERTEX_POINT('',#10686);
#3523=VERTEX_POINT('',#10690);
#3524=VERTEX_POINT('',#10694);
#3525=VERTEX_POINT('',#10696);
#3526=VERTEX_POINT('',#10698);
#3527=VERTEX_POINT('',#10700);
#3528=VERTEX_POINT('',#10704);
#3529=VERTEX_POINT('',#10705);
#3530=VERTEX_POINT('',#10707);
#3531=VERTEX_POINT('',#10710);
#3532=VERTEX_POINT('',#10711);
#3533=VERTEX_POINT('',#10713);
#3534=VERTEX_POINT('',#10715);
#3535=VERTEX_POINT('',#10717);
#3536=VERTEX_POINT('',#10720);
#3537=VERTEX_POINT('',#10721);
#3538=VERTEX_POINT('',#10723);
#3539=VERTEX_POINT('',#10725);
#3540=VERTEX_POINT('',#10727);
#3541=VERTEX_POINT('',#10730);
#3542=VERTEX_POINT('',#10731);
#3543=VERTEX_POINT('',#10733);
#3544=VERTEX_POINT('',#10735);
#3545=VERTEX_POINT('',#10738);
#3546=VERTEX_POINT('',#10739);
#3547=VERTEX_POINT('',#10741);
#3548=VERTEX_POINT('',#10743);
#3549=VERTEX_POINT('',#10746);
#3550=VERTEX_POINT('',#10747);
#3551=VERTEX_POINT('',#10749);
#3552=VERTEX_POINT('',#10751);
#3553=VERTEX_POINT('',#10754);
#3554=VERTEX_POINT('',#10755);
#3555=VERTEX_POINT('',#10757);
#3556=VERTEX_POINT('',#10759);
#3557=VERTEX_POINT('',#10762);
#3558=VERTEX_POINT('',#10763);
#3559=VERTEX_POINT('',#10765);
#3560=VERTEX_POINT('',#10767);
#3561=VERTEX_POINT('',#10770);
#3562=VERTEX_POINT('',#10771);
#3563=VERTEX_POINT('',#10773);
#3564=VERTEX_POINT('',#10775);
#3565=VERTEX_POINT('',#10778);
#3566=VERTEX_POINT('',#10779);
#3567=VERTEX_POINT('',#10781);
#3568=VERTEX_POINT('',#10783);
#3569=VERTEX_POINT('',#10786);
#3570=VERTEX_POINT('',#10787);
#3571=VERTEX_POINT('',#10789);
#3572=VERTEX_POINT('',#10791);
#3573=VERTEX_POINT('',#10794);
#3574=VERTEX_POINT('',#10795);
#3575=VERTEX_POINT('',#10797);
#3576=VERTEX_POINT('',#10799);
#3577=VERTEX_POINT('',#10802);
#3578=VERTEX_POINT('',#10803);
#3579=VERTEX_POINT('',#10805);
#3580=VERTEX_POINT('',#10807);
#3581=VERTEX_POINT('',#10810);
#3582=VERTEX_POINT('',#10811);
#3583=VERTEX_POINT('',#10813);
#3584=VERTEX_POINT('',#10815);
#3585=VERTEX_POINT('',#10818);
#3586=VERTEX_POINT('',#10819);
#3587=VERTEX_POINT('',#10821);
#3588=VERTEX_POINT('',#10823);
#3589=VERTEX_POINT('',#10826);
#3590=VERTEX_POINT('',#10827);
#3591=VERTEX_POINT('',#10829);
#3592=VERTEX_POINT('',#10831);
#3593=VERTEX_POINT('',#10834);
#3594=VERTEX_POINT('',#10835);
#3595=VERTEX_POINT('',#10837);
#3596=VERTEX_POINT('',#10839);
#3597=VERTEX_POINT('',#10842);
#3598=VERTEX_POINT('',#10843);
#3599=VERTEX_POINT('',#10845);
#3600=VERTEX_POINT('',#10847);
#3601=VERTEX_POINT('',#10850);
#3602=VERTEX_POINT('',#10851);
#3603=VERTEX_POINT('',#10853);
#3604=VERTEX_POINT('',#10855);
#3605=VERTEX_POINT('',#10858);
#3606=VERTEX_POINT('',#10859);
#3607=VERTEX_POINT('',#10861);
#3608=VERTEX_POINT('',#10863);
#3609=VERTEX_POINT('',#10866);
#3610=VERTEX_POINT('',#10867);
#3611=VERTEX_POINT('',#10869);
#3612=VERTEX_POINT('',#10871);
#3613=VERTEX_POINT('',#10874);
#3614=VERTEX_POINT('',#10875);
#3615=VERTEX_POINT('',#10877);
#3616=VERTEX_POINT('',#10879);
#3617=VERTEX_POINT('',#10882);
#3618=VERTEX_POINT('',#10883);
#3619=VERTEX_POINT('',#10885);
#3620=VERTEX_POINT('',#10887);
#3621=VERTEX_POINT('',#10890);
#3622=VERTEX_POINT('',#10891);
#3623=VERTEX_POINT('',#10893);
#3624=VERTEX_POINT('',#10895);
#3625=VERTEX_POINT('',#10898);
#3626=VERTEX_POINT('',#10899);
#3627=VERTEX_POINT('',#10901);
#3628=VERTEX_POINT('',#10903);
#3629=VERTEX_POINT('',#10906);
#3630=VERTEX_POINT('',#10907);
#3631=VERTEX_POINT('',#10909);
#3632=VERTEX_POINT('',#10911);
#3633=VERTEX_POINT('',#10914);
#3634=VERTEX_POINT('',#10915);
#3635=VERTEX_POINT('',#10917);
#3636=VERTEX_POINT('',#10919);
#3637=VERTEX_POINT('',#10922);
#3638=VERTEX_POINT('',#10923);
#3639=VERTEX_POINT('',#10925);
#3640=VERTEX_POINT('',#10927);
#3641=VERTEX_POINT('',#10930);
#3642=VERTEX_POINT('',#10931);
#3643=VERTEX_POINT('',#10933);
#3644=VERTEX_POINT('',#10935);
#3645=VERTEX_POINT('',#10938);
#3646=VERTEX_POINT('',#10939);
#3647=VERTEX_POINT('',#10941);
#3648=VERTEX_POINT('',#10943);
#3649=VERTEX_POINT('',#10946);
#3650=VERTEX_POINT('',#10947);
#3651=VERTEX_POINT('',#10949);
#3652=VERTEX_POINT('',#10951);
#3653=VERTEX_POINT('',#10954);
#3654=VERTEX_POINT('',#10955);
#3655=VERTEX_POINT('',#10957);
#3656=VERTEX_POINT('',#10959);
#3657=VERTEX_POINT('',#10962);
#3658=VERTEX_POINT('',#10963);
#3659=VERTEX_POINT('',#10965);
#3660=VERTEX_POINT('',#10967);
#3661=VERTEX_POINT('',#10970);
#3662=VERTEX_POINT('',#10971);
#3663=VERTEX_POINT('',#10973);
#3664=VERTEX_POINT('',#10975);
#3665=VERTEX_POINT('',#10978);
#3666=VERTEX_POINT('',#10979);
#3667=VERTEX_POINT('',#10981);
#3668=VERTEX_POINT('',#10983);
#3669=VERTEX_POINT('',#10986);
#3670=VERTEX_POINT('',#10987);
#3671=VERTEX_POINT('',#10989);
#3672=VERTEX_POINT('',#10991);
#3673=VERTEX_POINT('',#10994);
#3674=VERTEX_POINT('',#10995);
#3675=VERTEX_POINT('',#10997);
#3676=VERTEX_POINT('',#10999);
#3677=VERTEX_POINT('',#11002);
#3678=VERTEX_POINT('',#11003);
#3679=VERTEX_POINT('',#11005);
#3680=VERTEX_POINT('',#11007);
#3681=VERTEX_POINT('',#11010);
#3682=VERTEX_POINT('',#11011);
#3683=VERTEX_POINT('',#11013);
#3684=VERTEX_POINT('',#11015);
#3685=VERTEX_POINT('',#11018);
#3686=VERTEX_POINT('',#11019);
#3687=VERTEX_POINT('',#11021);
#3688=VERTEX_POINT('',#11023);
#3689=VERTEX_POINT('',#11026);
#3690=VERTEX_POINT('',#11027);
#3691=VERTEX_POINT('',#11029);
#3692=VERTEX_POINT('',#11031);
#3693=VERTEX_POINT('',#11034);
#3694=VERTEX_POINT('',#11035);
#3695=VERTEX_POINT('',#11037);
#3696=VERTEX_POINT('',#11039);
#3697=VERTEX_POINT('',#11042);
#3698=VERTEX_POINT('',#11043);
#3699=VERTEX_POINT('',#11045);
#3700=VERTEX_POINT('',#11047);
#3701=VERTEX_POINT('',#11050);
#3702=VERTEX_POINT('',#11051);
#3703=VERTEX_POINT('',#11053);
#3704=VERTEX_POINT('',#11055);
#3705=VERTEX_POINT('',#11058);
#3706=VERTEX_POINT('',#11059);
#3707=VERTEX_POINT('',#11061);
#3708=VERTEX_POINT('',#11063);
#3709=VERTEX_POINT('',#11066);
#3710=VERTEX_POINT('',#11067);
#3711=VERTEX_POINT('',#11069);
#3712=VERTEX_POINT('',#11071);
#3713=VERTEX_POINT('',#11074);
#3714=VERTEX_POINT('',#11075);
#3715=VERTEX_POINT('',#11077);
#3716=VERTEX_POINT('',#11079);
#3717=VERTEX_POINT('',#11082);
#3718=VERTEX_POINT('',#11083);
#3719=VERTEX_POINT('',#11085);
#3720=VERTEX_POINT('',#11087);
#3721=VERTEX_POINT('',#11090);
#3722=VERTEX_POINT('',#11091);
#3723=VERTEX_POINT('',#11093);
#3724=VERTEX_POINT('',#11095);
#3725=VERTEX_POINT('',#11098);
#3726=VERTEX_POINT('',#11099);
#3727=VERTEX_POINT('',#11101);
#3728=VERTEX_POINT('',#11103);
#3729=VERTEX_POINT('',#11106);
#3730=VERTEX_POINT('',#11107);
#3731=VERTEX_POINT('',#11109);
#3732=VERTEX_POINT('',#11111);
#3733=VERTEX_POINT('',#11114);
#3734=VERTEX_POINT('',#11115);
#3735=VERTEX_POINT('',#11117);
#3736=VERTEX_POINT('',#11119);
#3737=VERTEX_POINT('',#11122);
#3738=VERTEX_POINT('',#11123);
#3739=VERTEX_POINT('',#11125);
#3740=VERTEX_POINT('',#11127);
#3741=VERTEX_POINT('',#11130);
#3742=VERTEX_POINT('',#11131);
#3743=VERTEX_POINT('',#11133);
#3744=VERTEX_POINT('',#11135);
#3745=VERTEX_POINT('',#11138);
#3746=VERTEX_POINT('',#11139);
#3747=VERTEX_POINT('',#11141);
#3748=VERTEX_POINT('',#11143);
#3749=VERTEX_POINT('',#11146);
#3750=VERTEX_POINT('',#11147);
#3751=VERTEX_POINT('',#11149);
#3752=VERTEX_POINT('',#11151);
#3753=VERTEX_POINT('',#11154);
#3754=VERTEX_POINT('',#11155);
#3755=VERTEX_POINT('',#11157);
#3756=VERTEX_POINT('',#11159);
#3757=VERTEX_POINT('',#11162);
#3758=VERTEX_POINT('',#11163);
#3759=VERTEX_POINT('',#11165);
#3760=VERTEX_POINT('',#11167);
#3761=VERTEX_POINT('',#11170);
#3762=VERTEX_POINT('',#11171);
#3763=VERTEX_POINT('',#11173);
#3764=VERTEX_POINT('',#11175);
#3765=VERTEX_POINT('',#11178);
#3766=VERTEX_POINT('',#11179);
#3767=VERTEX_POINT('',#11181);
#3768=VERTEX_POINT('',#11183);
#3769=VERTEX_POINT('',#11186);
#3770=VERTEX_POINT('',#11187);
#3771=VERTEX_POINT('',#11189);
#3772=VERTEX_POINT('',#11191);
#3773=VERTEX_POINT('',#11194);
#3774=VERTEX_POINT('',#11195);
#3775=VERTEX_POINT('',#11197);
#3776=VERTEX_POINT('',#11199);
#3777=VERTEX_POINT('',#11202);
#3778=VERTEX_POINT('',#11203);
#3779=VERTEX_POINT('',#11205);
#3780=VERTEX_POINT('',#11207);
#3781=VERTEX_POINT('',#11210);
#3782=VERTEX_POINT('',#11211);
#3783=VERTEX_POINT('',#11213);
#3784=VERTEX_POINT('',#11215);
#3785=VERTEX_POINT('',#11218);
#3786=VERTEX_POINT('',#11219);
#3787=VERTEX_POINT('',#11221);
#3788=VERTEX_POINT('',#11223);
#3789=VERTEX_POINT('',#11226);
#3790=VERTEX_POINT('',#11227);
#3791=VERTEX_POINT('',#11229);
#3792=VERTEX_POINT('',#11231);
#3793=VERTEX_POINT('',#11234);
#3794=VERTEX_POINT('',#11235);
#3795=VERTEX_POINT('',#11237);
#3796=VERTEX_POINT('',#11239);
#3797=VERTEX_POINT('',#11242);
#3798=VERTEX_POINT('',#11243);
#3799=VERTEX_POINT('',#11245);
#3800=VERTEX_POINT('',#11247);
#3801=VERTEX_POINT('',#11250);
#3802=VERTEX_POINT('',#11251);
#3803=VERTEX_POINT('',#11253);
#3804=VERTEX_POINT('',#11255);
#3805=VERTEX_POINT('',#11258);
#3806=VERTEX_POINT('',#11259);
#3807=VERTEX_POINT('',#11261);
#3808=VERTEX_POINT('',#11263);
#3809=VERTEX_POINT('',#11266);
#3810=VERTEX_POINT('',#11267);
#3811=VERTEX_POINT('',#11269);
#3812=VERTEX_POINT('',#11271);
#3813=VERTEX_POINT('',#11274);
#3814=VERTEX_POINT('',#11275);
#3815=VERTEX_POINT('',#11277);
#3816=VERTEX_POINT('',#11279);
#3817=VERTEX_POINT('',#11282);
#3818=VERTEX_POINT('',#11283);
#3819=VERTEX_POINT('',#11285);
#3820=VERTEX_POINT('',#11287);
#3821=VERTEX_POINT('',#11290);
#3822=VERTEX_POINT('',#11291);
#3823=VERTEX_POINT('',#11293);
#3824=VERTEX_POINT('',#11295);
#3825=VERTEX_POINT('',#11298);
#3826=VERTEX_POINT('',#11299);
#3827=VERTEX_POINT('',#11301);
#3828=VERTEX_POINT('',#11303);
#3829=VERTEX_POINT('',#11306);
#3830=VERTEX_POINT('',#11307);
#3831=VERTEX_POINT('',#11309);
#3832=VERTEX_POINT('',#11311);
#3833=VERTEX_POINT('',#11314);
#3834=VERTEX_POINT('',#11315);
#3835=VERTEX_POINT('',#11317);
#3836=VERTEX_POINT('',#11319);
#3837=VERTEX_POINT('',#11322);
#3838=VERTEX_POINT('',#11323);
#3839=VERTEX_POINT('',#11325);
#3840=VERTEX_POINT('',#11327);
#3841=VERTEX_POINT('',#11330);
#3842=VERTEX_POINT('',#11331);
#3843=VERTEX_POINT('',#11333);
#3844=VERTEX_POINT('',#11335);
#3845=VERTEX_POINT('',#11338);
#3846=VERTEX_POINT('',#11339);
#3847=VERTEX_POINT('',#11341);
#3848=VERTEX_POINT('',#11345);
#3849=VERTEX_POINT('',#11349);
#3850=VERTEX_POINT('',#11351);
#3851=VERTEX_POINT('',#11363);
#3852=VERTEX_POINT('',#11365);
#3853=VERTEX_POINT('',#11368);
#3854=VERTEX_POINT('',#11370);
#3855=VERTEX_POINT('',#11372);
#3856=VERTEX_POINT('',#11374);
#3857=EDGE_CURVE('',#3157,#3158,#1093,.T.);
#3858=EDGE_CURVE('',#3159,#3158,#1094,.T.);
#3859=EDGE_CURVE('',#3160,#3159,#1095,.T.);
#3860=EDGE_CURVE('',#3157,#3160,#1096,.T.);
#3861=EDGE_CURVE('',#3158,#3161,#179,.T.);
#3862=EDGE_CURVE('',#3161,#3162,#1097,.T.);
#3863=EDGE_CURVE('',#3162,#3159,#180,.T.);
#3864=EDGE_CURVE('',#3161,#3163,#1098,.T.);
#3865=EDGE_CURVE('',#3164,#3163,#1099,.T.);
#3866=EDGE_CURVE('',#3162,#3164,#1100,.T.);
#3867=EDGE_CURVE('',#3163,#3165,#181,.T.);
#3868=EDGE_CURVE('',#3165,#3166,#1101,.T.);
#3869=EDGE_CURVE('',#3166,#3164,#182,.T.);
#3870=EDGE_CURVE('',#3165,#3167,#1102,.T.);
#3871=EDGE_CURVE('',#3168,#3167,#1103,.T.);
#3872=EDGE_CURVE('',#3166,#3168,#1104,.T.);
#3873=EDGE_CURVE('',#3167,#3169,#183,.T.);
#3874=EDGE_CURVE('',#3169,#3170,#1105,.T.);
#3875=EDGE_CURVE('',#3170,#3168,#184,.T.);
#3876=EDGE_CURVE('',#3169,#3171,#1106,.T.);
#3877=EDGE_CURVE('',#3171,#3172,#1107,.T.);
#3878=EDGE_CURVE('',#3170,#3172,#1108,.T.);
#3879=EDGE_CURVE('',#3171,#3173,#1109,.T.);
#3880=EDGE_CURVE('',#3174,#3173,#1110,.T.);
#3881=EDGE_CURVE('',#3175,#3174,#1111,.T.);
#3882=EDGE_CURVE('',#3175,#3176,#1112,.T.);
#3883=EDGE_CURVE('',#3177,#3176,#1113,.T.);
#3884=EDGE_CURVE('',#3172,#3177,#185,.T.);
#3885=EDGE_CURVE('',#3178,#3179,#186,.T.);
#3886=EDGE_CURVE('',#3179,#3180,#1114,.T.);
#3887=EDGE_CURVE('',#3180,#3181,#187,.T.);
#3888=EDGE_CURVE('',#3178,#3181,#1115,.F.);
#3889=EDGE_CURVE('',#3179,#3182,#1116,.T.);
#3890=EDGE_CURVE('',#3182,#3183,#1117,.T.);
#3891=EDGE_CURVE('',#3183,#3180,#1118,.T.);
#3892=EDGE_CURVE('',#3184,#3185,#1119,.T.);
#3893=EDGE_CURVE('',#3183,#3185,#1120,.T.);
#3894=EDGE_CURVE('',#3186,#3182,#1121,.T.);
#3895=EDGE_CURVE('',#3184,#3186,#1122,.T.);
#3896=EDGE_CURVE('',#3187,#3188,#188,.T.);
#3897=EDGE_CURVE('',#3188,#3189,#1123,.T.);
#3898=EDGE_CURVE('',#3189,#3190,#189,.T.);
#3899=EDGE_CURVE('',#3190,#3191,#1124,.T.);
#3900=EDGE_CURVE('',#3191,#3187,#190,.F.);
#3901=EDGE_CURVE('',#3192,#3190,#1125,.T.);
#3902=EDGE_CURVE('',#3185,#3192,#1126,.T.);
#3903=EDGE_CURVE('',#3193,#3184,#1127,.T.);
#3904=EDGE_CURVE('',#3191,#3193,#1128,.T.);
#3905=EDGE_CURVE('',#3194,#3189,#1129,.T.);
#3906=EDGE_CURVE('',#3195,#3194,#1130,.T.);
#3907=EDGE_CURVE('',#3196,#3195,#1131,.T.);
#3908=EDGE_CURVE('',#3196,#3197,#1132,.T.);
#3909=EDGE_CURVE('',#3197,#3192,#1133,.T.);
#3910=EDGE_CURVE('',#3188,#3198,#1134,.T.);
#3911=EDGE_CURVE('',#3198,#3194,#1135,.T.);
#3912=EDGE_CURVE('',#3187,#3199,#191,.T.);
#3913=EDGE_CURVE('',#3200,#3193,#1136,.T.);
#3914=EDGE_CURVE('',#3200,#3199,#1137,.T.);
#3915=EDGE_CURVE('',#3186,#3200,#1138,.T.);
#3916=EDGE_CURVE('',#3201,#3187,#192,.T.);
#3917=EDGE_CURVE('',#3202,#3201,#1139,.T.);
#3918=EDGE_CURVE('',#3202,#3198,#1140,.T.);
#3919=EDGE_CURVE('',#3197,#3173,#1141,.T.);
#3920=EDGE_CURVE('',#3181,#3157,#193,.T.);
#3921=EDGE_CURVE('',#3203,#3204,#1142,.T.);
#3922=EDGE_CURVE('',#3204,#3205,#1143,.T.);
#3923=EDGE_CURVE('',#3205,#3206,#1144,.T.);
#3924=EDGE_CURVE('',#3206,#3207,#1145,.T.);
#3925=EDGE_CURVE('',#3207,#3203,#1146,.T.);
#3926=EDGE_CURVE('',#3208,#3209,#1147,.T.);
#3927=EDGE_CURVE('',#3209,#3210,#1148,.T.);
#3928=EDGE_CURVE('',#3210,#3208,#1149,.T.);
#3929=EDGE_CURVE('',#3211,#3212,#1150,.T.);
#3930=EDGE_CURVE('',#3212,#3213,#1151,.T.);
#3931=EDGE_CURVE('',#3213,#3211,#1152,.T.);
#3932=EDGE_CURVE('',#3214,#3215,#1153,.T.);
#3933=EDGE_CURVE('',#3215,#3216,#1154,.T.);
#3934=EDGE_CURVE('',#3216,#3217,#1155,.T.);
#3935=EDGE_CURVE('',#3217,#3218,#1156,.T.);
#3936=EDGE_CURVE('',#3218,#3214,#1157,.T.);
#3937=EDGE_CURVE('',#3219,#3220,#1158,.T.);
#3938=EDGE_CURVE('',#3220,#3221,#1159,.T.);
#3939=EDGE_CURVE('',#3221,#3222,#1160,.T.);
#3940=EDGE_CURVE('',#3222,#3219,#1161,.T.);
#3941=EDGE_CURVE('',#3223,#3224,#1162,.T.);
#3942=EDGE_CURVE('',#3224,#3225,#1163,.T.);
#3943=EDGE_CURVE('',#3225,#3226,#1164,.T.);
#3944=EDGE_CURVE('',#3226,#3223,#1165,.T.);
#3945=EDGE_CURVE('',#3227,#3228,#1166,.T.);
#3946=EDGE_CURVE('',#3228,#3229,#1167,.T.);
#3947=EDGE_CURVE('',#3229,#3230,#1168,.T.);
#3948=EDGE_CURVE('',#3230,#3227,#1169,.T.);
#3949=EDGE_CURVE('',#3231,#3232,#1170,.T.);
#3950=EDGE_CURVE('',#3232,#3233,#1171,.T.);
#3951=EDGE_CURVE('',#3233,#3234,#1172,.T.);
#3952=EDGE_CURVE('',#3234,#3231,#1173,.T.);
#3953=EDGE_CURVE('',#3235,#3236,#1174,.T.);
#3954=EDGE_CURVE('',#3236,#3237,#1175,.T.);
#3955=EDGE_CURVE('',#3237,#3238,#1176,.T.);
#3956=EDGE_CURVE('',#3238,#3235,#1177,.T.);
#3957=EDGE_CURVE('',#3239,#3240,#1178,.T.);
#3958=EDGE_CURVE('',#3240,#3241,#1179,.T.);
#3959=EDGE_CURVE('',#3241,#3242,#1180,.T.);
#3960=EDGE_CURVE('',#3242,#3239,#1181,.T.);
#3961=EDGE_CURVE('',#3243,#3244,#1182,.T.);
#3962=EDGE_CURVE('',#3244,#3245,#1183,.T.);
#3963=EDGE_CURVE('',#3245,#3246,#1184,.T.);
#3964=EDGE_CURVE('',#3246,#3243,#1185,.T.);
#3965=EDGE_CURVE('',#3247,#3248,#1186,.T.);
#3966=EDGE_CURVE('',#3248,#3249,#1187,.T.);
#3967=EDGE_CURVE('',#3249,#3250,#1188,.T.);
#3968=EDGE_CURVE('',#3250,#3247,#1189,.T.);
#3969=EDGE_CURVE('',#3251,#3252,#1190,.T.);
#3970=EDGE_CURVE('',#3252,#3253,#1191,.T.);
#3971=EDGE_CURVE('',#3253,#3254,#1192,.T.);
#3972=EDGE_CURVE('',#3254,#3251,#1193,.T.);
#3973=EDGE_CURVE('',#3255,#3256,#1194,.T.);
#3974=EDGE_CURVE('',#3256,#3257,#1195,.T.);
#3975=EDGE_CURVE('',#3257,#3258,#1196,.T.);
#3976=EDGE_CURVE('',#3258,#3255,#1197,.T.);
#3977=EDGE_CURVE('',#3259,#3260,#1198,.T.);
#3978=EDGE_CURVE('',#3260,#3261,#1199,.T.);
#3979=EDGE_CURVE('',#3261,#3262,#1200,.T.);
#3980=EDGE_CURVE('',#3262,#3259,#1201,.T.);
#3981=EDGE_CURVE('',#3263,#3264,#1202,.T.);
#3982=EDGE_CURVE('',#3264,#3265,#1203,.T.);
#3983=EDGE_CURVE('',#3265,#3266,#1204,.T.);
#3984=EDGE_CURVE('',#3266,#3263,#1205,.T.);
#3985=EDGE_CURVE('',#3267,#3268,#1206,.T.);
#3986=EDGE_CURVE('',#3268,#3269,#1207,.T.);
#3987=EDGE_CURVE('',#3269,#3270,#1208,.T.);
#3988=EDGE_CURVE('',#3270,#3267,#1209,.T.);
#3989=EDGE_CURVE('',#3271,#3272,#1210,.T.);
#3990=EDGE_CURVE('',#3272,#3273,#1211,.T.);
#3991=EDGE_CURVE('',#3273,#3274,#1212,.T.);
#3992=EDGE_CURVE('',#3274,#3271,#1213,.T.);
#3993=EDGE_CURVE('',#3275,#3276,#1214,.T.);
#3994=EDGE_CURVE('',#3276,#3277,#1215,.T.);
#3995=EDGE_CURVE('',#3277,#3278,#1216,.T.);
#3996=EDGE_CURVE('',#3278,#3275,#1217,.T.);
#3997=EDGE_CURVE('',#3279,#3280,#1218,.T.);
#3998=EDGE_CURVE('',#3280,#3281,#1219,.T.);
#3999=EDGE_CURVE('',#3281,#3282,#1220,.T.);
#4000=EDGE_CURVE('',#3282,#3279,#1221,.T.);
#4001=EDGE_CURVE('',#3283,#3284,#1222,.T.);
#4002=EDGE_CURVE('',#3284,#3285,#1223,.T.);
#4003=EDGE_CURVE('',#3285,#3286,#1224,.T.);
#4004=EDGE_CURVE('',#3286,#3283,#1225,.T.);
#4005=EDGE_CURVE('',#3287,#3288,#1226,.T.);
#4006=EDGE_CURVE('',#3288,#3289,#1227,.T.);
#4007=EDGE_CURVE('',#3289,#3290,#1228,.T.);
#4008=EDGE_CURVE('',#3290,#3287,#1229,.T.);
#4009=EDGE_CURVE('',#3291,#3292,#1230,.T.);
#4010=EDGE_CURVE('',#3292,#3293,#1231,.T.);
#4011=EDGE_CURVE('',#3293,#3294,#1232,.T.);
#4012=EDGE_CURVE('',#3294,#3291,#1233,.T.);
#4013=EDGE_CURVE('',#3295,#3296,#1234,.T.);
#4014=EDGE_CURVE('',#3296,#3297,#1235,.T.);
#4015=EDGE_CURVE('',#3297,#3298,#1236,.T.);
#4016=EDGE_CURVE('',#3298,#3295,#1237,.T.);
#4017=EDGE_CURVE('',#3299,#3300,#1238,.T.);
#4018=EDGE_CURVE('',#3300,#3301,#1239,.T.);
#4019=EDGE_CURVE('',#3301,#3302,#1240,.T.);
#4020=EDGE_CURVE('',#3302,#3299,#1241,.T.);
#4021=EDGE_CURVE('',#3303,#3304,#1242,.T.);
#4022=EDGE_CURVE('',#3304,#3305,#1243,.T.);
#4023=EDGE_CURVE('',#3305,#3306,#1244,.T.);
#4024=EDGE_CURVE('',#3306,#3303,#1245,.T.);
#4025=EDGE_CURVE('',#3307,#3308,#1246,.T.);
#4026=EDGE_CURVE('',#3308,#3309,#1247,.T.);
#4027=EDGE_CURVE('',#3309,#3310,#1248,.T.);
#4028=EDGE_CURVE('',#3310,#3307,#1249,.T.);
#4029=EDGE_CURVE('',#3311,#3312,#1250,.T.);
#4030=EDGE_CURVE('',#3312,#3313,#1251,.T.);
#4031=EDGE_CURVE('',#3313,#3314,#1252,.T.);
#4032=EDGE_CURVE('',#3314,#3311,#1253,.T.);
#4033=EDGE_CURVE('',#3315,#3316,#1254,.T.);
#4034=EDGE_CURVE('',#3316,#3317,#1255,.T.);
#4035=EDGE_CURVE('',#3317,#3318,#1256,.T.);
#4036=EDGE_CURVE('',#3318,#3315,#1257,.T.);
#4037=EDGE_CURVE('',#3319,#3320,#1258,.T.);
#4038=EDGE_CURVE('',#3320,#3321,#1259,.T.);
#4039=EDGE_CURVE('',#3321,#3322,#1260,.T.);
#4040=EDGE_CURVE('',#3322,#3319,#1261,.T.);
#4041=EDGE_CURVE('',#3323,#3324,#1262,.T.);
#4042=EDGE_CURVE('',#3324,#3325,#1263,.T.);
#4043=EDGE_CURVE('',#3325,#3326,#1264,.T.);
#4044=EDGE_CURVE('',#3326,#3323,#1265,.T.);
#4045=EDGE_CURVE('',#3327,#3328,#1266,.T.);
#4046=EDGE_CURVE('',#3328,#3329,#1267,.T.);
#4047=EDGE_CURVE('',#3329,#3330,#1268,.T.);
#4048=EDGE_CURVE('',#3330,#3327,#1269,.T.);
#4049=EDGE_CURVE('',#3331,#3332,#1270,.T.);
#4050=EDGE_CURVE('',#3332,#3333,#1271,.T.);
#4051=EDGE_CURVE('',#3333,#3334,#1272,.T.);
#4052=EDGE_CURVE('',#3334,#3331,#1273,.T.);
#4053=EDGE_CURVE('',#3335,#3336,#1274,.T.);
#4054=EDGE_CURVE('',#3336,#3337,#1275,.T.);
#4055=EDGE_CURVE('',#3337,#3338,#1276,.T.);
#4056=EDGE_CURVE('',#3338,#3335,#1277,.T.);
#4057=EDGE_CURVE('',#3339,#3340,#1278,.T.);
#4058=EDGE_CURVE('',#3340,#3341,#1279,.T.);
#4059=EDGE_CURVE('',#3341,#3342,#1280,.T.);
#4060=EDGE_CURVE('',#3342,#3339,#1281,.T.);
#4061=EDGE_CURVE('',#3343,#3344,#1282,.T.);
#4062=EDGE_CURVE('',#3344,#3345,#1283,.T.);
#4063=EDGE_CURVE('',#3345,#3346,#1284,.T.);
#4064=EDGE_CURVE('',#3346,#3343,#1285,.T.);
#4065=EDGE_CURVE('',#3347,#3348,#1286,.T.);
#4066=EDGE_CURVE('',#3348,#3349,#1287,.T.);
#4067=EDGE_CURVE('',#3349,#3350,#1288,.T.);
#4068=EDGE_CURVE('',#3350,#3347,#1289,.T.);
#4069=EDGE_CURVE('',#3351,#3352,#1290,.T.);
#4070=EDGE_CURVE('',#3352,#3353,#1291,.T.);
#4071=EDGE_CURVE('',#3353,#3354,#1292,.T.);
#4072=EDGE_CURVE('',#3354,#3351,#1293,.T.);
#4073=EDGE_CURVE('',#3355,#3356,#1294,.T.);
#4074=EDGE_CURVE('',#3356,#3357,#1295,.T.);
#4075=EDGE_CURVE('',#3357,#3358,#1296,.T.);
#4076=EDGE_CURVE('',#3358,#3355,#1297,.T.);
#4077=EDGE_CURVE('',#3359,#3360,#1298,.T.);
#4078=EDGE_CURVE('',#3360,#3361,#1299,.T.);
#4079=EDGE_CURVE('',#3361,#3362,#1300,.T.);
#4080=EDGE_CURVE('',#3362,#3359,#1301,.T.);
#4081=EDGE_CURVE('',#3363,#3364,#1302,.T.);
#4082=EDGE_CURVE('',#3364,#3365,#1303,.T.);
#4083=EDGE_CURVE('',#3365,#3366,#1304,.T.);
#4084=EDGE_CURVE('',#3366,#3363,#1305,.T.);
#4085=EDGE_CURVE('',#3367,#3368,#1306,.T.);
#4086=EDGE_CURVE('',#3368,#3369,#1307,.T.);
#4087=EDGE_CURVE('',#3369,#3370,#1308,.T.);
#4088=EDGE_CURVE('',#3370,#3367,#1309,.T.);
#4089=EDGE_CURVE('',#3371,#3372,#1310,.T.);
#4090=EDGE_CURVE('',#3372,#3373,#1311,.T.);
#4091=EDGE_CURVE('',#3373,#3374,#1312,.T.);
#4092=EDGE_CURVE('',#3374,#3371,#1313,.T.);
#4093=EDGE_CURVE('',#3375,#3376,#1314,.T.);
#4094=EDGE_CURVE('',#3376,#3377,#1315,.T.);
#4095=EDGE_CURVE('',#3377,#3378,#1316,.T.);
#4096=EDGE_CURVE('',#3378,#3375,#1317,.T.);
#4097=EDGE_CURVE('',#3379,#3380,#1318,.T.);
#4098=EDGE_CURVE('',#3380,#3381,#1319,.T.);
#4099=EDGE_CURVE('',#3381,#3382,#1320,.T.);
#4100=EDGE_CURVE('',#3382,#3379,#1321,.T.);
#4101=EDGE_CURVE('',#3383,#3384,#1322,.T.);
#4102=EDGE_CURVE('',#3384,#3385,#1323,.T.);
#4103=EDGE_CURVE('',#3385,#3386,#1324,.T.);
#4104=EDGE_CURVE('',#3386,#3383,#1325,.T.);
#4105=EDGE_CURVE('',#3387,#3388,#1326,.T.);
#4106=EDGE_CURVE('',#3388,#3389,#1327,.T.);
#4107=EDGE_CURVE('',#3389,#3390,#1328,.T.);
#4108=EDGE_CURVE('',#3390,#3387,#1329,.T.);
#4109=EDGE_CURVE('',#3391,#3392,#1330,.T.);
#4110=EDGE_CURVE('',#3392,#3393,#1331,.T.);
#4111=EDGE_CURVE('',#3393,#3394,#1332,.T.);
#4112=EDGE_CURVE('',#3394,#3391,#1333,.T.);
#4113=EDGE_CURVE('',#3395,#3396,#1334,.T.);
#4114=EDGE_CURVE('',#3396,#3397,#1335,.T.);
#4115=EDGE_CURVE('',#3397,#3398,#1336,.T.);
#4116=EDGE_CURVE('',#3398,#3395,#1337,.T.);
#4117=EDGE_CURVE('',#3399,#3400,#1338,.T.);
#4118=EDGE_CURVE('',#3400,#3401,#1339,.T.);
#4119=EDGE_CURVE('',#3401,#3402,#1340,.T.);
#4120=EDGE_CURVE('',#3402,#3399,#1341,.T.);
#4121=EDGE_CURVE('',#3403,#3404,#1342,.T.);
#4122=EDGE_CURVE('',#3404,#3405,#1343,.T.);
#4123=EDGE_CURVE('',#3405,#3406,#1344,.T.);
#4124=EDGE_CURVE('',#3406,#3403,#1345,.T.);
#4125=EDGE_CURVE('',#3407,#3408,#1346,.T.);
#4126=EDGE_CURVE('',#3408,#3409,#1347,.T.);
#4127=EDGE_CURVE('',#3409,#3410,#1348,.T.);
#4128=EDGE_CURVE('',#3410,#3407,#1349,.T.);
#4129=EDGE_CURVE('',#3411,#3412,#1350,.T.);
#4130=EDGE_CURVE('',#3412,#3413,#1351,.T.);
#4131=EDGE_CURVE('',#3413,#3414,#1352,.T.);
#4132=EDGE_CURVE('',#3414,#3411,#1353,.T.);
#4133=EDGE_CURVE('',#3415,#3416,#1354,.T.);
#4134=EDGE_CURVE('',#3416,#3417,#1355,.T.);
#4135=EDGE_CURVE('',#3417,#3418,#1356,.T.);
#4136=EDGE_CURVE('',#3418,#3415,#1357,.T.);
#4137=EDGE_CURVE('',#3419,#3420,#1358,.T.);
#4138=EDGE_CURVE('',#3420,#3421,#1359,.T.);
#4139=EDGE_CURVE('',#3421,#3422,#1360,.T.);
#4140=EDGE_CURVE('',#3422,#3419,#1361,.T.);
#4141=EDGE_CURVE('',#3423,#3424,#1362,.T.);
#4142=EDGE_CURVE('',#3424,#3425,#1363,.T.);
#4143=EDGE_CURVE('',#3425,#3426,#1364,.T.);
#4144=EDGE_CURVE('',#3426,#3423,#1365,.T.);
#4145=EDGE_CURVE('',#3427,#3428,#1366,.T.);
#4146=EDGE_CURVE('',#3428,#3429,#1367,.T.);
#4147=EDGE_CURVE('',#3429,#3430,#1368,.T.);
#4148=EDGE_CURVE('',#3430,#3427,#1369,.T.);
#4149=EDGE_CURVE('',#3431,#3432,#1370,.T.);
#4150=EDGE_CURVE('',#3432,#3433,#1371,.T.);
#4151=EDGE_CURVE('',#3433,#3434,#1372,.T.);
#4152=EDGE_CURVE('',#3434,#3431,#1373,.T.);
#4153=EDGE_CURVE('',#3435,#3436,#1374,.T.);
#4154=EDGE_CURVE('',#3436,#3437,#1375,.T.);
#4155=EDGE_CURVE('',#3437,#3438,#1376,.T.);
#4156=EDGE_CURVE('',#3438,#3435,#1377,.T.);
#4157=EDGE_CURVE('',#3439,#3440,#1378,.T.);
#4158=EDGE_CURVE('',#3440,#3441,#1379,.T.);
#4159=EDGE_CURVE('',#3441,#3442,#1380,.T.);
#4160=EDGE_CURVE('',#3442,#3439,#1381,.T.);
#4161=EDGE_CURVE('',#3443,#3444,#1382,.T.);
#4162=EDGE_CURVE('',#3444,#3445,#1383,.T.);
#4163=EDGE_CURVE('',#3445,#3446,#1384,.T.);
#4164=EDGE_CURVE('',#3446,#3443,#1385,.T.);
#4165=EDGE_CURVE('',#3447,#3448,#1386,.T.);
#4166=EDGE_CURVE('',#3448,#3449,#1387,.T.);
#4167=EDGE_CURVE('',#3449,#3450,#1388,.T.);
#4168=EDGE_CURVE('',#3450,#3447,#1389,.T.);
#4169=EDGE_CURVE('',#3451,#3452,#1390,.T.);
#4170=EDGE_CURVE('',#3452,#3453,#1391,.T.);
#4171=EDGE_CURVE('',#3453,#3454,#1392,.T.);
#4172=EDGE_CURVE('',#3454,#3451,#1393,.T.);
#4173=EDGE_CURVE('',#3455,#3456,#1394,.T.);
#4174=EDGE_CURVE('',#3456,#3457,#1395,.T.);
#4175=EDGE_CURVE('',#3457,#3458,#1396,.T.);
#4176=EDGE_CURVE('',#3458,#3455,#1397,.T.);
#4177=EDGE_CURVE('',#3459,#3460,#1398,.T.);
#4178=EDGE_CURVE('',#3460,#3461,#1399,.T.);
#4179=EDGE_CURVE('',#3461,#3462,#1400,.T.);
#4180=EDGE_CURVE('',#3462,#3459,#1401,.T.);
#4181=EDGE_CURVE('',#3463,#3464,#1402,.T.);
#4182=EDGE_CURVE('',#3464,#3465,#1403,.T.);
#4183=EDGE_CURVE('',#3465,#3466,#1404,.T.);
#4184=EDGE_CURVE('',#3466,#3463,#1405,.T.);
#4185=EDGE_CURVE('',#3467,#3468,#1406,.T.);
#4186=EDGE_CURVE('',#3468,#3469,#1407,.T.);
#4187=EDGE_CURVE('',#3469,#3470,#1408,.T.);
#4188=EDGE_CURVE('',#3470,#3467,#1409,.T.);
#4189=EDGE_CURVE('',#3471,#3472,#1410,.T.);
#4190=EDGE_CURVE('',#3472,#3473,#1411,.T.);
#4191=EDGE_CURVE('',#3473,#3474,#1412,.T.);
#4192=EDGE_CURVE('',#3474,#3471,#1413,.T.);
#4193=EDGE_CURVE('',#3475,#3476,#1414,.T.);
#4194=EDGE_CURVE('',#3476,#3477,#1415,.T.);
#4195=EDGE_CURVE('',#3477,#3478,#1416,.T.);
#4196=EDGE_CURVE('',#3478,#3475,#1417,.T.);
#4197=EDGE_CURVE('',#3479,#3480,#1418,.T.);
#4198=EDGE_CURVE('',#3480,#3481,#1419,.T.);
#4199=EDGE_CURVE('',#3481,#3482,#1420,.T.);
#4200=EDGE_CURVE('',#3482,#3479,#1421,.T.);
#4201=EDGE_CURVE('',#3483,#3484,#1422,.T.);
#4202=EDGE_CURVE('',#3484,#3485,#1423,.T.);
#4203=EDGE_CURVE('',#3485,#3486,#1424,.T.);
#4204=EDGE_CURVE('',#3486,#3483,#1425,.T.);
#4205=EDGE_CURVE('',#3487,#3488,#1426,.T.);
#4206=EDGE_CURVE('',#3488,#3489,#1427,.T.);
#4207=EDGE_CURVE('',#3489,#3490,#1428,.T.);
#4208=EDGE_CURVE('',#3490,#3487,#1429,.T.);
#4209=EDGE_CURVE('',#3491,#3492,#1430,.T.);
#4210=EDGE_CURVE('',#3492,#3493,#1431,.T.);
#4211=EDGE_CURVE('',#3493,#3494,#1432,.T.);
#4212=EDGE_CURVE('',#3494,#3491,#1433,.T.);
#4213=EDGE_CURVE('',#3495,#3496,#1434,.T.);
#4214=EDGE_CURVE('',#3496,#3497,#1435,.T.);
#4215=EDGE_CURVE('',#3497,#3498,#1436,.T.);
#4216=EDGE_CURVE('',#3498,#3495,#1437,.T.);
#4217=EDGE_CURVE('',#3499,#3500,#1438,.T.);
#4218=EDGE_CURVE('',#3500,#3501,#1439,.T.);
#4219=EDGE_CURVE('',#3501,#3502,#1440,.T.);
#4220=EDGE_CURVE('',#3502,#3499,#1441,.T.);
#4221=EDGE_CURVE('',#3503,#3504,#1442,.T.);
#4222=EDGE_CURVE('',#3504,#3505,#1443,.T.);
#4223=EDGE_CURVE('',#3505,#3506,#1444,.T.);
#4224=EDGE_CURVE('',#3506,#3503,#1445,.T.);
#4225=EDGE_CURVE('',#3507,#3508,#1446,.T.);
#4226=EDGE_CURVE('',#3508,#3509,#1447,.T.);
#4227=EDGE_CURVE('',#3509,#3510,#1448,.T.);
#4228=EDGE_CURVE('',#3510,#3507,#1449,.T.);
#4229=EDGE_CURVE('',#3511,#3512,#1450,.T.);
#4230=EDGE_CURVE('',#3512,#3513,#1451,.T.);
#4231=EDGE_CURVE('',#3513,#3514,#1452,.T.);
#4232=EDGE_CURVE('',#3514,#3511,#1453,.T.);
#4233=EDGE_CURVE('',#3515,#3516,#1454,.T.);
#4234=EDGE_CURVE('',#3516,#3517,#1455,.T.);
#4235=EDGE_CURVE('',#3517,#3518,#1456,.T.);
#4236=EDGE_CURVE('',#3518,#3515,#1457,.T.);
#4237=EDGE_CURVE('',#3519,#3520,#1458,.T.);
#4238=EDGE_CURVE('',#3520,#3521,#1459,.T.);
#4239=EDGE_CURVE('',#3521,#3522,#1460,.T.);
#4240=EDGE_CURVE('',#3522,#3519,#1461,.T.);
#4241=EDGE_CURVE('',#3178,#3523,#194,.T.);
#4242=EDGE_CURVE('',#3523,#3186,#1462,.T.);
#4243=EDGE_CURVE('',#3195,#3524,#1463,.T.);
#4244=EDGE_CURVE('',#3524,#3525,#1464,.T.);
#4245=EDGE_CURVE('',#3525,#3526,#1465,.T.);
#4246=EDGE_CURVE('',#3526,#3527,#1466,.T.);
#4247=EDGE_CURVE('',#3527,#3175,#1467,.T.);
#4248=EDGE_CURVE('',#3196,#3174,#1468,.T.);
#4249=EDGE_CURVE('',#3528,#3529,#1469,.T.);
#4250=EDGE_CURVE('',#3529,#3530,#1470,.T.);
#4251=EDGE_CURVE('',#3530,#3528,#1471,.T.);
#4252=EDGE_CURVE('',#3531,#3532,#1472,.T.);
#4253=EDGE_CURVE('',#3531,#3533,#1473,.T.);
#4254=EDGE_CURVE('',#3533,#3534,#1474,.T.);
#4255=EDGE_CURVE('',#3534,#3535,#1475,.T.);
#4256=EDGE_CURVE('',#3535,#3532,#1476,.T.);
#4257=EDGE_CURVE('',#3536,#3537,#1477,.T.);
#4258=EDGE_CURVE('',#3536,#3538,#1478,.T.);
#4259=EDGE_CURVE('',#3538,#3539,#1479,.T.);
#4260=EDGE_CURVE('',#3539,#3540,#1480,.T.);
#4261=EDGE_CURVE('',#3540,#3537,#1481,.T.);
#4262=EDGE_CURVE('',#3541,#3542,#1482,.T.);
#4263=EDGE_CURVE('',#3542,#3543,#1483,.T.);
#4264=EDGE_CURVE('',#3543,#3544,#1484,.T.);
#4265=EDGE_CURVE('',#3544,#3541,#1485,.T.);
#4266=EDGE_CURVE('',#3545,#3546,#1486,.T.);
#4267=EDGE_CURVE('',#3546,#3547,#1487,.T.);
#4268=EDGE_CURVE('',#3547,#3548,#1488,.T.);
#4269=EDGE_CURVE('',#3548,#3545,#1489,.T.);
#4270=EDGE_CURVE('',#3549,#3550,#1490,.T.);
#4271=EDGE_CURVE('',#3550,#3551,#1491,.T.);
#4272=EDGE_CURVE('',#3551,#3552,#1492,.T.);
#4273=EDGE_CURVE('',#3552,#3549,#1493,.T.);
#4274=EDGE_CURVE('',#3553,#3554,#1494,.T.);
#4275=EDGE_CURVE('',#3554,#3555,#1495,.T.);
#4276=EDGE_CURVE('',#3555,#3556,#1496,.T.);
#4277=EDGE_CURVE('',#3556,#3553,#1497,.T.);
#4278=EDGE_CURVE('',#3557,#3558,#1498,.T.);
#4279=EDGE_CURVE('',#3558,#3559,#1499,.T.);
#4280=EDGE_CURVE('',#3559,#3560,#1500,.T.);
#4281=EDGE_CURVE('',#3560,#3557,#1501,.T.);
#4282=EDGE_CURVE('',#3561,#3562,#1502,.T.);
#4283=EDGE_CURVE('',#3562,#3563,#1503,.T.);
#4284=EDGE_CURVE('',#3563,#3564,#1504,.T.);
#4285=EDGE_CURVE('',#3564,#3561,#1505,.T.);
#4286=EDGE_CURVE('',#3565,#3566,#1506,.T.);
#4287=EDGE_CURVE('',#3566,#3567,#1507,.T.);
#4288=EDGE_CURVE('',#3567,#3568,#1508,.T.);
#4289=EDGE_CURVE('',#3568,#3565,#1509,.T.);
#4290=EDGE_CURVE('',#3569,#3570,#1510,.T.);
#4291=EDGE_CURVE('',#3570,#3571,#1511,.T.);
#4292=EDGE_CURVE('',#3571,#3572,#1512,.T.);
#4293=EDGE_CURVE('',#3572,#3569,#1513,.T.);
#4294=EDGE_CURVE('',#3573,#3574,#1514,.T.);
#4295=EDGE_CURVE('',#3574,#3575,#1515,.T.);
#4296=EDGE_CURVE('',#3575,#3576,#1516,.T.);
#4297=EDGE_CURVE('',#3576,#3573,#1517,.T.);
#4298=EDGE_CURVE('',#3577,#3578,#1518,.T.);
#4299=EDGE_CURVE('',#3578,#3579,#1519,.T.);
#4300=EDGE_CURVE('',#3579,#3580,#1520,.T.);
#4301=EDGE_CURVE('',#3580,#3577,#1521,.T.);
#4302=EDGE_CURVE('',#3581,#3582,#1522,.T.);
#4303=EDGE_CURVE('',#3582,#3583,#1523,.T.);
#4304=EDGE_CURVE('',#3583,#3584,#1524,.T.);
#4305=EDGE_CURVE('',#3584,#3581,#1525,.T.);
#4306=EDGE_CURVE('',#3585,#3586,#1526,.T.);
#4307=EDGE_CURVE('',#3586,#3587,#1527,.T.);
#4308=EDGE_CURVE('',#3587,#3588,#1528,.T.);
#4309=EDGE_CURVE('',#3588,#3585,#1529,.T.);
#4310=EDGE_CURVE('',#3589,#3590,#1530,.T.);
#4311=EDGE_CURVE('',#3590,#3591,#1531,.T.);
#4312=EDGE_CURVE('',#3591,#3592,#1532,.T.);
#4313=EDGE_CURVE('',#3592,#3589,#1533,.T.);
#4314=EDGE_CURVE('',#3593,#3594,#1534,.T.);
#4315=EDGE_CURVE('',#3594,#3595,#1535,.T.);
#4316=EDGE_CURVE('',#3595,#3596,#1536,.T.);
#4317=EDGE_CURVE('',#3596,#3593,#1537,.T.);
#4318=EDGE_CURVE('',#3597,#3598,#1538,.T.);
#4319=EDGE_CURVE('',#3598,#3599,#1539,.T.);
#4320=EDGE_CURVE('',#3599,#3600,#1540,.T.);
#4321=EDGE_CURVE('',#3600,#3597,#1541,.T.);
#4322=EDGE_CURVE('',#3601,#3602,#1542,.T.);
#4323=EDGE_CURVE('',#3602,#3603,#1543,.T.);
#4324=EDGE_CURVE('',#3603,#3604,#1544,.T.);
#4325=EDGE_CURVE('',#3604,#3601,#1545,.T.);
#4326=EDGE_CURVE('',#3605,#3606,#1546,.T.);
#4327=EDGE_CURVE('',#3606,#3607,#1547,.T.);
#4328=EDGE_CURVE('',#3607,#3608,#1548,.T.);
#4329=EDGE_CURVE('',#3608,#3605,#1549,.T.);
#4330=EDGE_CURVE('',#3609,#3610,#1550,.T.);
#4331=EDGE_CURVE('',#3610,#3611,#1551,.T.);
#4332=EDGE_CURVE('',#3611,#3612,#1552,.T.);
#4333=EDGE_CURVE('',#3612,#3609,#1553,.T.);
#4334=EDGE_CURVE('',#3613,#3614,#1554,.T.);
#4335=EDGE_CURVE('',#3614,#3615,#1555,.T.);
#4336=EDGE_CURVE('',#3615,#3616,#1556,.T.);
#4337=EDGE_CURVE('',#3616,#3613,#1557,.T.);
#4338=EDGE_CURVE('',#3617,#3618,#1558,.T.);
#4339=EDGE_CURVE('',#3618,#3619,#1559,.T.);
#4340=EDGE_CURVE('',#3619,#3620,#1560,.T.);
#4341=EDGE_CURVE('',#3620,#3617,#1561,.T.);
#4342=EDGE_CURVE('',#3621,#3622,#1562,.T.);
#4343=EDGE_CURVE('',#3622,#3623,#1563,.T.);
#4344=EDGE_CURVE('',#3623,#3624,#1564,.T.);
#4345=EDGE_CURVE('',#3624,#3621,#1565,.T.);
#4346=EDGE_CURVE('',#3625,#3626,#1566,.T.);
#4347=EDGE_CURVE('',#3626,#3627,#1567,.T.);
#4348=EDGE_CURVE('',#3627,#3628,#1568,.T.);
#4349=EDGE_CURVE('',#3628,#3625,#1569,.T.);
#4350=EDGE_CURVE('',#3629,#3630,#1570,.T.);
#4351=EDGE_CURVE('',#3630,#3631,#1571,.T.);
#4352=EDGE_CURVE('',#3631,#3632,#1572,.T.);
#4353=EDGE_CURVE('',#3632,#3629,#1573,.T.);
#4354=EDGE_CURVE('',#3633,#3634,#1574,.T.);
#4355=EDGE_CURVE('',#3634,#3635,#1575,.T.);
#4356=EDGE_CURVE('',#3635,#3636,#1576,.T.);
#4357=EDGE_CURVE('',#3636,#3633,#1577,.T.);
#4358=EDGE_CURVE('',#3637,#3638,#1578,.T.);
#4359=EDGE_CURVE('',#3638,#3639,#1579,.T.);
#4360=EDGE_CURVE('',#3639,#3640,#1580,.T.);
#4361=EDGE_CURVE('',#3640,#3637,#1581,.T.);
#4362=EDGE_CURVE('',#3641,#3642,#1582,.T.);
#4363=EDGE_CURVE('',#3642,#3643,#1583,.T.);
#4364=EDGE_CURVE('',#3643,#3644,#1584,.T.);
#4365=EDGE_CURVE('',#3644,#3641,#1585,.T.);
#4366=EDGE_CURVE('',#3645,#3646,#1586,.T.);
#4367=EDGE_CURVE('',#3646,#3647,#1587,.T.);
#4368=EDGE_CURVE('',#3647,#3648,#1588,.T.);
#4369=EDGE_CURVE('',#3648,#3645,#1589,.T.);
#4370=EDGE_CURVE('',#3649,#3650,#1590,.T.);
#4371=EDGE_CURVE('',#3650,#3651,#1591,.T.);
#4372=EDGE_CURVE('',#3651,#3652,#1592,.T.);
#4373=EDGE_CURVE('',#3652,#3649,#1593,.T.);
#4374=EDGE_CURVE('',#3653,#3654,#1594,.T.);
#4375=EDGE_CURVE('',#3654,#3655,#1595,.T.);
#4376=EDGE_CURVE('',#3655,#3656,#1596,.T.);
#4377=EDGE_CURVE('',#3656,#3653,#1597,.T.);
#4378=EDGE_CURVE('',#3657,#3658,#1598,.T.);
#4379=EDGE_CURVE('',#3658,#3659,#1599,.T.);
#4380=EDGE_CURVE('',#3659,#3660,#1600,.T.);
#4381=EDGE_CURVE('',#3660,#3657,#1601,.T.);
#4382=EDGE_CURVE('',#3661,#3662,#1602,.T.);
#4383=EDGE_CURVE('',#3662,#3663,#1603,.T.);
#4384=EDGE_CURVE('',#3663,#3664,#1604,.T.);
#4385=EDGE_CURVE('',#3664,#3661,#1605,.T.);
#4386=EDGE_CURVE('',#3665,#3666,#1606,.T.);
#4387=EDGE_CURVE('',#3666,#3667,#1607,.T.);
#4388=EDGE_CURVE('',#3667,#3668,#1608,.T.);
#4389=EDGE_CURVE('',#3668,#3665,#1609,.T.);
#4390=EDGE_CURVE('',#3669,#3670,#1610,.T.);
#4391=EDGE_CURVE('',#3670,#3671,#1611,.T.);
#4392=EDGE_CURVE('',#3671,#3672,#1612,.T.);
#4393=EDGE_CURVE('',#3672,#3669,#1613,.T.);
#4394=EDGE_CURVE('',#3673,#3674,#1614,.T.);
#4395=EDGE_CURVE('',#3674,#3675,#1615,.T.);
#4396=EDGE_CURVE('',#3675,#3676,#1616,.T.);
#4397=EDGE_CURVE('',#3676,#3673,#1617,.T.);
#4398=EDGE_CURVE('',#3677,#3678,#1618,.T.);
#4399=EDGE_CURVE('',#3678,#3679,#1619,.T.);
#4400=EDGE_CURVE('',#3679,#3680,#1620,.T.);
#4401=EDGE_CURVE('',#3680,#3677,#1621,.T.);
#4402=EDGE_CURVE('',#3681,#3682,#1622,.T.);
#4403=EDGE_CURVE('',#3682,#3683,#1623,.T.);
#4404=EDGE_CURVE('',#3683,#3684,#1624,.T.);
#4405=EDGE_CURVE('',#3684,#3681,#1625,.T.);
#4406=EDGE_CURVE('',#3685,#3686,#1626,.T.);
#4407=EDGE_CURVE('',#3686,#3687,#1627,.T.);
#4408=EDGE_CURVE('',#3687,#3688,#1628,.T.);
#4409=EDGE_CURVE('',#3688,#3685,#1629,.T.);
#4410=EDGE_CURVE('',#3689,#3690,#1630,.T.);
#4411=EDGE_CURVE('',#3690,#3691,#1631,.T.);
#4412=EDGE_CURVE('',#3691,#3692,#1632,.T.);
#4413=EDGE_CURVE('',#3692,#3689,#1633,.T.);
#4414=EDGE_CURVE('',#3693,#3694,#1634,.T.);
#4415=EDGE_CURVE('',#3694,#3695,#1635,.T.);
#4416=EDGE_CURVE('',#3695,#3696,#1636,.T.);
#4417=EDGE_CURVE('',#3696,#3693,#1637,.T.);
#4418=EDGE_CURVE('',#3697,#3698,#1638,.T.);
#4419=EDGE_CURVE('',#3698,#3699,#1639,.T.);
#4420=EDGE_CURVE('',#3699,#3700,#1640,.T.);
#4421=EDGE_CURVE('',#3700,#3697,#1641,.T.);
#4422=EDGE_CURVE('',#3701,#3702,#1642,.T.);
#4423=EDGE_CURVE('',#3702,#3703,#1643,.T.);
#4424=EDGE_CURVE('',#3703,#3704,#1644,.T.);
#4425=EDGE_CURVE('',#3704,#3701,#1645,.T.);
#4426=EDGE_CURVE('',#3705,#3706,#1646,.T.);
#4427=EDGE_CURVE('',#3706,#3707,#1647,.T.);
#4428=EDGE_CURVE('',#3707,#3708,#1648,.T.);
#4429=EDGE_CURVE('',#3708,#3705,#1649,.T.);
#4430=EDGE_CURVE('',#3709,#3710,#1650,.T.);
#4431=EDGE_CURVE('',#3710,#3711,#1651,.T.);
#4432=EDGE_CURVE('',#3711,#3712,#1652,.T.);
#4433=EDGE_CURVE('',#3712,#3709,#1653,.T.);
#4434=EDGE_CURVE('',#3713,#3714,#1654,.T.);
#4435=EDGE_CURVE('',#3714,#3715,#1655,.T.);
#4436=EDGE_CURVE('',#3715,#3716,#1656,.T.);
#4437=EDGE_CURVE('',#3716,#3713,#1657,.T.);
#4438=EDGE_CURVE('',#3717,#3718,#1658,.T.);
#4439=EDGE_CURVE('',#3718,#3719,#1659,.T.);
#4440=EDGE_CURVE('',#3719,#3720,#1660,.T.);
#4441=EDGE_CURVE('',#3720,#3717,#1661,.T.);
#4442=EDGE_CURVE('',#3721,#3722,#1662,.T.);
#4443=EDGE_CURVE('',#3722,#3723,#1663,.T.);
#4444=EDGE_CURVE('',#3723,#3724,#1664,.T.);
#4445=EDGE_CURVE('',#3724,#3721,#1665,.T.);
#4446=EDGE_CURVE('',#3725,#3726,#1666,.T.);
#4447=EDGE_CURVE('',#3726,#3727,#1667,.T.);
#4448=EDGE_CURVE('',#3727,#3728,#1668,.T.);
#4449=EDGE_CURVE('',#3728,#3725,#1669,.T.);
#4450=EDGE_CURVE('',#3729,#3730,#1670,.T.);
#4451=EDGE_CURVE('',#3730,#3731,#1671,.T.);
#4452=EDGE_CURVE('',#3731,#3732,#1672,.T.);
#4453=EDGE_CURVE('',#3732,#3729,#1673,.T.);
#4454=EDGE_CURVE('',#3733,#3734,#1674,.T.);
#4455=EDGE_CURVE('',#3734,#3735,#1675,.T.);
#4456=EDGE_CURVE('',#3735,#3736,#1676,.T.);
#4457=EDGE_CURVE('',#3736,#3733,#1677,.T.);
#4458=EDGE_CURVE('',#3737,#3738,#1678,.T.);
#4459=EDGE_CURVE('',#3738,#3739,#1679,.T.);
#4460=EDGE_CURVE('',#3739,#3740,#1680,.T.);
#4461=EDGE_CURVE('',#3740,#3737,#1681,.T.);
#4462=EDGE_CURVE('',#3741,#3742,#1682,.T.);
#4463=EDGE_CURVE('',#3742,#3743,#1683,.T.);
#4464=EDGE_CURVE('',#3743,#3744,#1684,.T.);
#4465=EDGE_CURVE('',#3744,#3741,#1685,.T.);
#4466=EDGE_CURVE('',#3745,#3746,#1686,.T.);
#4467=EDGE_CURVE('',#3746,#3747,#1687,.T.);
#4468=EDGE_CURVE('',#3747,#3748,#1688,.T.);
#4469=EDGE_CURVE('',#3748,#3745,#1689,.T.);
#4470=EDGE_CURVE('',#3749,#3750,#1690,.T.);
#4471=EDGE_CURVE('',#3750,#3751,#1691,.T.);
#4472=EDGE_CURVE('',#3751,#3752,#1692,.T.);
#4473=EDGE_CURVE('',#3752,#3749,#1693,.T.);
#4474=EDGE_CURVE('',#3753,#3754,#1694,.T.);
#4475=EDGE_CURVE('',#3754,#3755,#1695,.T.);
#4476=EDGE_CURVE('',#3755,#3756,#1696,.T.);
#4477=EDGE_CURVE('',#3756,#3753,#1697,.T.);
#4478=EDGE_CURVE('',#3757,#3758,#1698,.T.);
#4479=EDGE_CURVE('',#3758,#3759,#1699,.T.);
#4480=EDGE_CURVE('',#3759,#3760,#1700,.T.);
#4481=EDGE_CURVE('',#3760,#3757,#1701,.T.);
#4482=EDGE_CURVE('',#3761,#3762,#1702,.T.);
#4483=EDGE_CURVE('',#3762,#3763,#1703,.T.);
#4484=EDGE_CURVE('',#3763,#3764,#1704,.T.);
#4485=EDGE_CURVE('',#3764,#3761,#1705,.T.);
#4486=EDGE_CURVE('',#3765,#3766,#1706,.T.);
#4487=EDGE_CURVE('',#3766,#3767,#1707,.T.);
#4488=EDGE_CURVE('',#3767,#3768,#1708,.T.);
#4489=EDGE_CURVE('',#3768,#3765,#1709,.T.);
#4490=EDGE_CURVE('',#3769,#3770,#1710,.T.);
#4491=EDGE_CURVE('',#3770,#3771,#1711,.T.);
#4492=EDGE_CURVE('',#3771,#3772,#1712,.T.);
#4493=EDGE_CURVE('',#3772,#3769,#1713,.T.);
#4494=EDGE_CURVE('',#3773,#3774,#1714,.T.);
#4495=EDGE_CURVE('',#3774,#3775,#1715,.T.);
#4496=EDGE_CURVE('',#3775,#3776,#1716,.T.);
#4497=EDGE_CURVE('',#3776,#3773,#1717,.T.);
#4498=EDGE_CURVE('',#3777,#3778,#1718,.T.);
#4499=EDGE_CURVE('',#3778,#3779,#1719,.T.);
#4500=EDGE_CURVE('',#3779,#3780,#1720,.T.);
#4501=EDGE_CURVE('',#3780,#3777,#1721,.T.);
#4502=EDGE_CURVE('',#3781,#3782,#1722,.T.);
#4503=EDGE_CURVE('',#3782,#3783,#1723,.T.);
#4504=EDGE_CURVE('',#3783,#3784,#1724,.T.);
#4505=EDGE_CURVE('',#3784,#3781,#1725,.T.);
#4506=EDGE_CURVE('',#3785,#3786,#1726,.T.);
#4507=EDGE_CURVE('',#3786,#3787,#1727,.T.);
#4508=EDGE_CURVE('',#3787,#3788,#1728,.T.);
#4509=EDGE_CURVE('',#3788,#3785,#1729,.T.);
#4510=EDGE_CURVE('',#3789,#3790,#1730,.T.);
#4511=EDGE_CURVE('',#3790,#3791,#1731,.T.);
#4512=EDGE_CURVE('',#3791,#3792,#1732,.T.);
#4513=EDGE_CURVE('',#3792,#3789,#1733,.T.);
#4514=EDGE_CURVE('',#3793,#3794,#1734,.T.);
#4515=EDGE_CURVE('',#3794,#3795,#1735,.T.);
#4516=EDGE_CURVE('',#3795,#3796,#1736,.T.);
#4517=EDGE_CURVE('',#3796,#3793,#1737,.T.);
#4518=EDGE_CURVE('',#3797,#3798,#1738,.T.);
#4519=EDGE_CURVE('',#3798,#3799,#1739,.T.);
#4520=EDGE_CURVE('',#3799,#3800,#1740,.T.);
#4521=EDGE_CURVE('',#3800,#3797,#1741,.T.);
#4522=EDGE_CURVE('',#3801,#3802,#1742,.T.);
#4523=EDGE_CURVE('',#3802,#3803,#1743,.T.);
#4524=EDGE_CURVE('',#3803,#3804,#1744,.T.);
#4525=EDGE_CURVE('',#3804,#3801,#1745,.T.);
#4526=EDGE_CURVE('',#3805,#3806,#1746,.T.);
#4527=EDGE_CURVE('',#3806,#3807,#1747,.T.);
#4528=EDGE_CURVE('',#3807,#3808,#1748,.T.);
#4529=EDGE_CURVE('',#3808,#3805,#1749,.T.);
#4530=EDGE_CURVE('',#3809,#3810,#1750,.T.);
#4531=EDGE_CURVE('',#3810,#3811,#1751,.T.);
#4532=EDGE_CURVE('',#3811,#3812,#1752,.T.);
#4533=EDGE_CURVE('',#3812,#3809,#1753,.T.);
#4534=EDGE_CURVE('',#3813,#3814,#1754,.T.);
#4535=EDGE_CURVE('',#3814,#3815,#1755,.T.);
#4536=EDGE_CURVE('',#3815,#3816,#1756,.T.);
#4537=EDGE_CURVE('',#3816,#3813,#1757,.T.);
#4538=EDGE_CURVE('',#3817,#3818,#1758,.T.);
#4539=EDGE_CURVE('',#3818,#3819,#1759,.T.);
#4540=EDGE_CURVE('',#3819,#3820,#1760,.T.);
#4541=EDGE_CURVE('',#3820,#3817,#1761,.T.);
#4542=EDGE_CURVE('',#3821,#3822,#1762,.T.);
#4543=EDGE_CURVE('',#3822,#3823,#1763,.T.);
#4544=EDGE_CURVE('',#3823,#3824,#1764,.T.);
#4545=EDGE_CURVE('',#3824,#3821,#1765,.T.);
#4546=EDGE_CURVE('',#3825,#3826,#1766,.T.);
#4547=EDGE_CURVE('',#3826,#3827,#1767,.T.);
#4548=EDGE_CURVE('',#3827,#3828,#1768,.T.);
#4549=EDGE_CURVE('',#3828,#3825,#1769,.T.);
#4550=EDGE_CURVE('',#3829,#3830,#1770,.T.);
#4551=EDGE_CURVE('',#3830,#3831,#1771,.T.);
#4552=EDGE_CURVE('',#3831,#3832,#1772,.T.);
#4553=EDGE_CURVE('',#3832,#3829,#1773,.T.);
#4554=EDGE_CURVE('',#3833,#3834,#1774,.T.);
#4555=EDGE_CURVE('',#3834,#3835,#1775,.T.);
#4556=EDGE_CURVE('',#3835,#3836,#1776,.T.);
#4557=EDGE_CURVE('',#3836,#3833,#1777,.T.);
#4558=EDGE_CURVE('',#3837,#3838,#1778,.T.);
#4559=EDGE_CURVE('',#3838,#3839,#1779,.T.);
#4560=EDGE_CURVE('',#3839,#3840,#1780,.T.);
#4561=EDGE_CURVE('',#3840,#3837,#1781,.T.);
#4562=EDGE_CURVE('',#3841,#3842,#1782,.T.);
#4563=EDGE_CURVE('',#3842,#3843,#1783,.T.);
#4564=EDGE_CURVE('',#3843,#3844,#1784,.T.);
#4565=EDGE_CURVE('',#3844,#3841,#1785,.T.);
#4566=EDGE_CURVE('',#3845,#3846,#1786,.T.);
#4567=EDGE_CURVE('',#3845,#3847,#1787,.T.);
#4568=EDGE_CURVE('',#3846,#3847,#1788,.T.);
#4569=EDGE_CURVE('',#3160,#3848,#195,.T.);
#4570=EDGE_CURVE('',#3848,#3523,#1789,.T.);
#4571=EDGE_CURVE('',#3849,#3160,#196,.T.);
#4572=EDGE_CURVE('',#3159,#3850,#197,.T.);
#4573=EDGE_CURVE('',#3850,#3849,#1790,.T.);
#4574=EDGE_CURVE('',#3162,#3850,#198,.T.);
#4575=EDGE_CURVE('',#3849,#3848,#199,.T.);
#4576=EDGE_CURVE('',#3199,#3848,#1791,.T.);
#4577=EDGE_CURVE('',#3849,#3201,#1792,.T.);
#4578=EDGE_CURVE('',#3851,#3850,#1793,.T.);
#4579=EDGE_CURVE('',#3852,#3851,#1794,.T.);
#4580=EDGE_CURVE('',#3177,#3852,#1795,.T.);
#4581=EDGE_CURVE('',#3176,#3853,#1796,.T.);
#4582=EDGE_CURVE('',#3853,#3854,#1797,.T.);
#4583=EDGE_CURVE('',#3854,#3855,#1798,.T.);
#4584=EDGE_CURVE('',#3855,#3856,#1799,.T.);
#4585=EDGE_CURVE('',#3856,#3202,#1800,.T.);
#4586=EDGE_CURVE('',#3851,#3164,#200,.T.);
#4587=EDGE_CURVE('',#3852,#3170,#201,.T.);
#4588=EDGE_CURVE('',#3852,#3168,#202,.T.);
#4589=EDGE_CURVE('',#3851,#3166,#203,.T.);
#4590=EDGE_CURVE('',#3527,#3853,#1801,.T.);
#4591=EDGE_CURVE('',#3526,#3854,#1802,.T.);
#4592=EDGE_CURVE('',#3525,#3855,#1803,.T.);
#4593=EDGE_CURVE('',#3524,#3856,#1804,.T.);
#4594=EDGE_CURVE('',#3209,#3530,#1805,.T.);
#4595=EDGE_CURVE('',#3528,#3208,#1806,.T.);
#4596=EDGE_CURVE('',#3536,#3207,#1807,.T.);
#4597=EDGE_CURVE('',#3203,#3537,#1808,.T.);
#4598=EDGE_CURVE('',#3532,#3214,#1809,.T.);
#4599=EDGE_CURVE('',#3215,#3535,#1810,.T.);
#4600=EDGE_CURVE('',#3211,#3846,#1811,.T.);
#4601=EDGE_CURVE('',#3845,#3213,#1812,.T.);
#4602=EDGE_CURVE('',#3210,#3529,#1813,.T.);
#4603=EDGE_CURVE('',#3540,#3204,#1814,.T.);
#4604=EDGE_CURVE('',#3212,#3847,#1815,.T.);
#4605=EDGE_CURVE('',#3534,#3216,#1816,.T.);
#4606=EDGE_CURVE('',#3538,#3206,#1817,.T.);
#4607=EDGE_CURVE('',#3531,#3218,#1818,.T.);
#4608=EDGE_CURVE('',#3539,#3205,#1819,.T.);
#4609=EDGE_CURVE('',#3533,#3217,#1820,.T.);
#4610=EDGE_CURVE('',#3842,#3519,#1821,.T.);
#4611=EDGE_CURVE('',#3843,#3522,#1822,.T.);
#4612=EDGE_CURVE('',#3844,#3521,#1823,.T.);
#4613=EDGE_CURVE('',#3841,#3520,#1824,.T.);
#4614=EDGE_CURVE('',#3838,#3515,#1825,.T.);
#4615=EDGE_CURVE('',#3839,#3518,#1826,.T.);
#4616=EDGE_CURVE('',#3840,#3517,#1827,.T.);
#4617=EDGE_CURVE('',#3837,#3516,#1828,.T.);
#4618=EDGE_CURVE('',#3834,#3511,#1829,.T.);
#4619=EDGE_CURVE('',#3835,#3514,#1830,.T.);
#4620=EDGE_CURVE('',#3836,#3513,#1831,.T.);
#4621=EDGE_CURVE('',#3833,#3512,#1832,.T.);
#4622=EDGE_CURVE('',#3830,#3507,#1833,.T.);
#4623=EDGE_CURVE('',#3831,#3510,#1834,.T.);
#4624=EDGE_CURVE('',#3832,#3509,#1835,.T.);
#4625=EDGE_CURVE('',#3829,#3508,#1836,.T.);
#4626=EDGE_CURVE('',#3826,#3503,#1837,.T.);
#4627=EDGE_CURVE('',#3827,#3506,#1838,.T.);
#4628=EDGE_CURVE('',#3828,#3505,#1839,.T.);
#4629=EDGE_CURVE('',#3825,#3504,#1840,.T.);
#4630=EDGE_CURVE('',#3822,#3499,#1841,.T.);
#4631=EDGE_CURVE('',#3823,#3502,#1842,.T.);
#4632=EDGE_CURVE('',#3824,#3501,#1843,.T.);
#4633=EDGE_CURVE('',#3821,#3500,#1844,.T.);
#4634=EDGE_CURVE('',#3818,#3495,#1845,.T.);
#4635=EDGE_CURVE('',#3819,#3498,#1846,.T.);
#4636=EDGE_CURVE('',#3820,#3497,#1847,.T.);
#4637=EDGE_CURVE('',#3817,#3496,#1848,.T.);
#4638=EDGE_CURVE('',#3814,#3491,#1849,.T.);
#4639=EDGE_CURVE('',#3815,#3494,#1850,.T.);
#4640=EDGE_CURVE('',#3816,#3493,#1851,.T.);
#4641=EDGE_CURVE('',#3813,#3492,#1852,.T.);
#4642=EDGE_CURVE('',#3810,#3487,#1853,.T.);
#4643=EDGE_CURVE('',#3811,#3490,#1854,.T.);
#4644=EDGE_CURVE('',#3812,#3489,#1855,.T.);
#4645=EDGE_CURVE('',#3809,#3488,#1856,.T.);
#4646=EDGE_CURVE('',#3806,#3483,#1857,.T.);
#4647=EDGE_CURVE('',#3807,#3486,#1858,.T.);
#4648=EDGE_CURVE('',#3808,#3485,#1859,.T.);
#4649=EDGE_CURVE('',#3805,#3484,#1860,.T.);
#4650=EDGE_CURVE('',#3802,#3479,#1861,.T.);
#4651=EDGE_CURVE('',#3803,#3482,#1862,.T.);
#4652=EDGE_CURVE('',#3804,#3481,#1863,.T.);
#4653=EDGE_CURVE('',#3801,#3480,#1864,.T.);
#4654=EDGE_CURVE('',#3798,#3475,#1865,.T.);
#4655=EDGE_CURVE('',#3799,#3478,#1866,.T.);
#4656=EDGE_CURVE('',#3800,#3477,#1867,.T.);
#4657=EDGE_CURVE('',#3797,#3476,#1868,.T.);
#4658=EDGE_CURVE('',#3794,#3471,#1869,.T.);
#4659=EDGE_CURVE('',#3795,#3474,#1870,.T.);
#4660=EDGE_CURVE('',#3796,#3473,#1871,.T.);
#4661=EDGE_CURVE('',#3793,#3472,#1872,.T.);
#4662=EDGE_CURVE('',#3790,#3467,#1873,.T.);
#4663=EDGE_CURVE('',#3791,#3470,#1874,.T.);
#4664=EDGE_CURVE('',#3792,#3469,#1875,.T.);
#4665=EDGE_CURVE('',#3789,#3468,#1876,.T.);
#4666=EDGE_CURVE('',#3786,#3463,#1877,.T.);
#4667=EDGE_CURVE('',#3787,#3466,#1878,.T.);
#4668=EDGE_CURVE('',#3788,#3465,#1879,.T.);
#4669=EDGE_CURVE('',#3785,#3464,#1880,.T.);
#4670=EDGE_CURVE('',#3782,#3459,#1881,.T.);
#4671=EDGE_CURVE('',#3783,#3462,#1882,.T.);
#4672=EDGE_CURVE('',#3784,#3461,#1883,.T.);
#4673=EDGE_CURVE('',#3781,#3460,#1884,.T.);
#4674=EDGE_CURVE('',#3778,#3455,#1885,.T.);
#4675=EDGE_CURVE('',#3779,#3458,#1886,.T.);
#4676=EDGE_CURVE('',#3780,#3457,#1887,.T.);
#4677=EDGE_CURVE('',#3777,#3456,#1888,.T.);
#4678=EDGE_CURVE('',#3774,#3451,#1889,.T.);
#4679=EDGE_CURVE('',#3775,#3454,#1890,.T.);
#4680=EDGE_CURVE('',#3776,#3453,#1891,.T.);
#4681=EDGE_CURVE('',#3773,#3452,#1892,.T.);
#4682=EDGE_CURVE('',#3770,#3447,#1893,.T.);
#4683=EDGE_CURVE('',#3771,#3450,#1894,.T.);
#4684=EDGE_CURVE('',#3772,#3449,#1895,.T.);
#4685=EDGE_CURVE('',#3769,#3448,#1896,.T.);
#4686=EDGE_CURVE('',#3766,#3443,#1897,.T.);
#4687=EDGE_CURVE('',#3767,#3446,#1898,.T.);
#4688=EDGE_CURVE('',#3768,#3445,#1899,.T.);
#4689=EDGE_CURVE('',#3765,#3444,#1900,.T.);
#4690=EDGE_CURVE('',#3762,#3439,#1901,.T.);
#4691=EDGE_CURVE('',#3763,#3442,#1902,.T.);
#4692=EDGE_CURVE('',#3764,#3441,#1903,.T.);
#4693=EDGE_CURVE('',#3761,#3440,#1904,.T.);
#4694=EDGE_CURVE('',#3758,#3435,#1905,.T.);
#4695=EDGE_CURVE('',#3759,#3438,#1906,.T.);
#4696=EDGE_CURVE('',#3760,#3437,#1907,.T.);
#4697=EDGE_CURVE('',#3757,#3436,#1908,.T.);
#4698=EDGE_CURVE('',#3754,#3431,#1909,.T.);
#4699=EDGE_CURVE('',#3755,#3434,#1910,.T.);
#4700=EDGE_CURVE('',#3756,#3433,#1911,.T.);
#4701=EDGE_CURVE('',#3753,#3432,#1912,.T.);
#4702=EDGE_CURVE('',#3750,#3427,#1913,.T.);
#4703=EDGE_CURVE('',#3751,#3430,#1914,.T.);
#4704=EDGE_CURVE('',#3752,#3429,#1915,.T.);
#4705=EDGE_CURVE('',#3749,#3428,#1916,.T.);
#4706=EDGE_CURVE('',#3746,#3423,#1917,.T.);
#4707=EDGE_CURVE('',#3747,#3426,#1918,.T.);
#4708=EDGE_CURVE('',#3748,#3425,#1919,.T.);
#4709=EDGE_CURVE('',#3745,#3424,#1920,.T.);
#4710=EDGE_CURVE('',#3742,#3419,#1921,.T.);
#4711=EDGE_CURVE('',#3743,#3422,#1922,.T.);
#4712=EDGE_CURVE('',#3744,#3421,#1923,.T.);
#4713=EDGE_CURVE('',#3741,#3420,#1924,.T.);
#4714=EDGE_CURVE('',#3738,#3415,#1925,.T.);
#4715=EDGE_CURVE('',#3739,#3418,#1926,.T.);
#4716=EDGE_CURVE('',#3740,#3417,#1927,.T.);
#4717=EDGE_CURVE('',#3737,#3416,#1928,.T.);
#4718=EDGE_CURVE('',#3734,#3411,#1929,.T.);
#4719=EDGE_CURVE('',#3735,#3414,#1930,.T.);
#4720=EDGE_CURVE('',#3736,#3413,#1931,.T.);
#4721=EDGE_CURVE('',#3733,#3412,#1932,.T.);
#4722=EDGE_CURVE('',#3730,#3407,#1933,.T.);
#4723=EDGE_CURVE('',#3731,#3410,#1934,.T.);
#4724=EDGE_CURVE('',#3732,#3409,#1935,.T.);
#4725=EDGE_CURVE('',#3729,#3408,#1936,.T.);
#4726=EDGE_CURVE('',#3726,#3403,#1937,.T.);
#4727=EDGE_CURVE('',#3727,#3406,#1938,.T.);
#4728=EDGE_CURVE('',#3728,#3405,#1939,.T.);
#4729=EDGE_CURVE('',#3725,#3404,#1940,.T.);
#4730=EDGE_CURVE('',#3722,#3399,#1941,.T.);
#4731=EDGE_CURVE('',#3723,#3402,#1942,.T.);
#4732=EDGE_CURVE('',#3724,#3401,#1943,.T.);
#4733=EDGE_CURVE('',#3721,#3400,#1944,.T.);
#4734=EDGE_CURVE('',#3718,#3395,#1945,.T.);
#4735=EDGE_CURVE('',#3719,#3398,#1946,.T.);
#4736=EDGE_CURVE('',#3720,#3397,#1947,.T.);
#4737=EDGE_CURVE('',#3717,#3396,#1948,.T.);
#4738=EDGE_CURVE('',#3714,#3391,#1949,.T.);
#4739=EDGE_CURVE('',#3715,#3394,#1950,.T.);
#4740=EDGE_CURVE('',#3716,#3393,#1951,.T.);
#4741=EDGE_CURVE('',#3713,#3392,#1952,.T.);
#4742=EDGE_CURVE('',#3710,#3387,#1953,.T.);
#4743=EDGE_CURVE('',#3711,#3390,#1954,.T.);
#4744=EDGE_CURVE('',#3712,#3389,#1955,.T.);
#4745=EDGE_CURVE('',#3709,#3388,#1956,.T.);
#4746=EDGE_CURVE('',#3706,#3383,#1957,.T.);
#4747=EDGE_CURVE('',#3707,#3386,#1958,.T.);
#4748=EDGE_CURVE('',#3708,#3385,#1959,.T.);
#4749=EDGE_CURVE('',#3705,#3384,#1960,.T.);
#4750=EDGE_CURVE('',#3702,#3379,#1961,.T.);
#4751=EDGE_CURVE('',#3703,#3382,#1962,.T.);
#4752=EDGE_CURVE('',#3704,#3381,#1963,.T.);
#4753=EDGE_CURVE('',#3701,#3380,#1964,.T.);
#4754=EDGE_CURVE('',#3698,#3375,#1965,.T.);
#4755=EDGE_CURVE('',#3699,#3378,#1966,.T.);
#4756=EDGE_CURVE('',#3700,#3377,#1967,.T.);
#4757=EDGE_CURVE('',#3697,#3376,#1968,.T.);
#4758=EDGE_CURVE('',#3694,#3371,#1969,.T.);
#4759=EDGE_CURVE('',#3695,#3374,#1970,.T.);
#4760=EDGE_CURVE('',#3696,#3373,#1971,.T.);
#4761=EDGE_CURVE('',#3693,#3372,#1972,.T.);
#4762=EDGE_CURVE('',#3690,#3367,#1973,.T.);
#4763=EDGE_CURVE('',#3691,#3370,#1974,.T.);
#4764=EDGE_CURVE('',#3692,#3369,#1975,.T.);
#4765=EDGE_CURVE('',#3689,#3368,#1976,.T.);
#4766=EDGE_CURVE('',#3686,#3363,#1977,.T.);
#4767=EDGE_CURVE('',#3687,#3366,#1978,.T.);
#4768=EDGE_CURVE('',#3688,#3365,#1979,.T.);
#4769=EDGE_CURVE('',#3685,#3364,#1980,.T.);
#4770=EDGE_CURVE('',#3682,#3359,#1981,.T.);
#4771=EDGE_CURVE('',#3683,#3362,#1982,.T.);
#4772=EDGE_CURVE('',#3684,#3361,#1983,.T.);
#4773=EDGE_CURVE('',#3681,#3360,#1984,.T.);
#4774=EDGE_CURVE('',#3678,#3355,#1985,.T.);
#4775=EDGE_CURVE('',#3679,#3358,#1986,.T.);
#4776=EDGE_CURVE('',#3680,#3357,#1987,.T.);
#4777=EDGE_CURVE('',#3677,#3356,#1988,.T.);
#4778=EDGE_CURVE('',#3674,#3351,#1989,.T.);
#4779=EDGE_CURVE('',#3675,#3354,#1990,.T.);
#4780=EDGE_CURVE('',#3676,#3353,#1991,.T.);
#4781=EDGE_CURVE('',#3673,#3352,#1992,.T.);
#4782=EDGE_CURVE('',#3670,#3347,#1993,.T.);
#4783=EDGE_CURVE('',#3671,#3350,#1994,.T.);
#4784=EDGE_CURVE('',#3672,#3349,#1995,.T.);
#4785=EDGE_CURVE('',#3669,#3348,#1996,.T.);
#4786=EDGE_CURVE('',#3666,#3343,#1997,.T.);
#4787=EDGE_CURVE('',#3667,#3346,#1998,.T.);
#4788=EDGE_CURVE('',#3668,#3345,#1999,.T.);
#4789=EDGE_CURVE('',#3665,#3344,#2000,.T.);
#4790=EDGE_CURVE('',#3662,#3339,#2001,.T.);
#4791=EDGE_CURVE('',#3663,#3342,#2002,.T.);
#4792=EDGE_CURVE('',#3664,#3341,#2003,.T.);
#4793=EDGE_CURVE('',#3661,#3340,#2004,.T.);
#4794=EDGE_CURVE('',#3658,#3335,#2005,.T.);
#4795=EDGE_CURVE('',#3659,#3338,#2006,.T.);
#4796=EDGE_CURVE('',#3660,#3337,#2007,.T.);
#4797=EDGE_CURVE('',#3657,#3336,#2008,.T.);
#4798=EDGE_CURVE('',#3654,#3331,#2009,.T.);
#4799=EDGE_CURVE('',#3655,#3334,#2010,.T.);
#4800=EDGE_CURVE('',#3656,#3333,#2011,.T.);
#4801=EDGE_CURVE('',#3653,#3332,#2012,.T.);
#4802=EDGE_CURVE('',#3650,#3327,#2013,.T.);
#4803=EDGE_CURVE('',#3651,#3330,#2014,.T.);
#4804=EDGE_CURVE('',#3652,#3329,#2015,.T.);
#4805=EDGE_CURVE('',#3649,#3328,#2016,.T.);
#4806=EDGE_CURVE('',#3646,#3323,#2017,.T.);
#4807=EDGE_CURVE('',#3647,#3326,#2018,.T.);
#4808=EDGE_CURVE('',#3648,#3325,#2019,.T.);
#4809=EDGE_CURVE('',#3645,#3324,#2020,.T.);
#4810=EDGE_CURVE('',#3642,#3319,#2021,.T.);
#4811=EDGE_CURVE('',#3643,#3322,#2022,.T.);
#4812=EDGE_CURVE('',#3644,#3321,#2023,.T.);
#4813=EDGE_CURVE('',#3641,#3320,#2024,.T.);
#4814=EDGE_CURVE('',#3638,#3315,#2025,.T.);
#4815=EDGE_CURVE('',#3639,#3318,#2026,.T.);
#4816=EDGE_CURVE('',#3640,#3317,#2027,.T.);
#4817=EDGE_CURVE('',#3637,#3316,#2028,.T.);
#4818=EDGE_CURVE('',#3634,#3311,#2029,.T.);
#4819=EDGE_CURVE('',#3635,#3314,#2030,.T.);
#4820=EDGE_CURVE('',#3636,#3313,#2031,.T.);
#4821=EDGE_CURVE('',#3633,#3312,#2032,.T.);
#4822=EDGE_CURVE('',#3630,#3307,#2033,.T.);
#4823=EDGE_CURVE('',#3631,#3310,#2034,.T.);
#4824=EDGE_CURVE('',#3632,#3309,#2035,.T.);
#4825=EDGE_CURVE('',#3629,#3308,#2036,.T.);
#4826=EDGE_CURVE('',#3626,#3303,#2037,.T.);
#4827=EDGE_CURVE('',#3627,#3306,#2038,.T.);
#4828=EDGE_CURVE('',#3628,#3305,#2039,.T.);
#4829=EDGE_CURVE('',#3625,#3304,#2040,.T.);
#4830=EDGE_CURVE('',#3622,#3299,#2041,.T.);
#4831=EDGE_CURVE('',#3623,#3302,#2042,.T.);
#4832=EDGE_CURVE('',#3624,#3301,#2043,.T.);
#4833=EDGE_CURVE('',#3621,#3300,#2044,.T.);
#4834=EDGE_CURVE('',#3618,#3295,#2045,.T.);
#4835=EDGE_CURVE('',#3619,#3298,#2046,.T.);
#4836=EDGE_CURVE('',#3620,#3297,#2047,.T.);
#4837=EDGE_CURVE('',#3617,#3296,#2048,.T.);
#4838=EDGE_CURVE('',#3614,#3291,#2049,.T.);
#4839=EDGE_CURVE('',#3615,#3294,#2050,.T.);
#4840=EDGE_CURVE('',#3616,#3293,#2051,.T.);
#4841=EDGE_CURVE('',#3613,#3292,#2052,.T.);
#4842=EDGE_CURVE('',#3610,#3287,#2053,.T.);
#4843=EDGE_CURVE('',#3611,#3290,#2054,.T.);
#4844=EDGE_CURVE('',#3612,#3289,#2055,.T.);
#4845=EDGE_CURVE('',#3609,#3288,#2056,.T.);
#4846=EDGE_CURVE('',#3606,#3283,#2057,.T.);
#4847=EDGE_CURVE('',#3607,#3286,#2058,.T.);
#4848=EDGE_CURVE('',#3608,#3285,#2059,.T.);
#4849=EDGE_CURVE('',#3605,#3284,#2060,.T.);
#4850=EDGE_CURVE('',#3602,#3279,#2061,.T.);
#4851=EDGE_CURVE('',#3603,#3282,#2062,.T.);
#4852=EDGE_CURVE('',#3604,#3281,#2063,.T.);
#4853=EDGE_CURVE('',#3601,#3280,#2064,.T.);
#4854=EDGE_CURVE('',#3598,#3275,#2065,.T.);
#4855=EDGE_CURVE('',#3599,#3278,#2066,.T.);
#4856=EDGE_CURVE('',#3600,#3277,#2067,.T.);
#4857=EDGE_CURVE('',#3597,#3276,#2068,.T.);
#4858=EDGE_CURVE('',#3594,#3271,#2069,.T.);
#4859=EDGE_CURVE('',#3595,#3274,#2070,.T.);
#4860=EDGE_CURVE('',#3596,#3273,#2071,.T.);
#4861=EDGE_CURVE('',#3593,#3272,#2072,.T.);
#4862=EDGE_CURVE('',#3590,#3267,#2073,.T.);
#4863=EDGE_CURVE('',#3591,#3270,#2074,.T.);
#4864=EDGE_CURVE('',#3592,#3269,#2075,.T.);
#4865=EDGE_CURVE('',#3589,#3268,#2076,.T.);
#4866=EDGE_CURVE('',#3586,#3263,#2077,.T.);
#4867=EDGE_CURVE('',#3587,#3266,#2078,.T.);
#4868=EDGE_CURVE('',#3588,#3265,#2079,.T.);
#4869=EDGE_CURVE('',#3585,#3264,#2080,.T.);
#4870=EDGE_CURVE('',#3582,#3259,#2081,.T.);
#4871=EDGE_CURVE('',#3583,#3262,#2082,.T.);
#4872=EDGE_CURVE('',#3584,#3261,#2083,.T.);
#4873=EDGE_CURVE('',#3581,#3260,#2084,.T.);
#4874=EDGE_CURVE('',#3578,#3255,#2085,.T.);
#4875=EDGE_CURVE('',#3579,#3258,#2086,.T.);
#4876=EDGE_CURVE('',#3580,#3257,#2087,.T.);
#4877=EDGE_CURVE('',#3577,#3256,#2088,.T.);
#4878=EDGE_CURVE('',#3574,#3251,#2089,.T.);
#4879=EDGE_CURVE('',#3575,#3254,#2090,.T.);
#4880=EDGE_CURVE('',#3576,#3253,#2091,.T.);
#4881=EDGE_CURVE('',#3573,#3252,#2092,.T.);
#4882=EDGE_CURVE('',#3570,#3247,#2093,.T.);
#4883=EDGE_CURVE('',#3571,#3250,#2094,.T.);
#4884=EDGE_CURVE('',#3572,#3249,#2095,.T.);
#4885=EDGE_CURVE('',#3569,#3248,#2096,.T.);
#4886=EDGE_CURVE('',#3566,#3243,#2097,.T.);
#4887=EDGE_CURVE('',#3567,#3246,#2098,.T.);
#4888=EDGE_CURVE('',#3568,#3245,#2099,.T.);
#4889=EDGE_CURVE('',#3565,#3244,#2100,.T.);
#4890=EDGE_CURVE('',#3562,#3239,#2101,.T.);
#4891=EDGE_CURVE('',#3563,#3242,#2102,.T.);
#4892=EDGE_CURVE('',#3564,#3241,#2103,.T.);
#4893=EDGE_CURVE('',#3561,#3240,#2104,.T.);
#4894=EDGE_CURVE('',#3558,#3235,#2105,.T.);
#4895=EDGE_CURVE('',#3559,#3238,#2106,.T.);
#4896=EDGE_CURVE('',#3560,#3237,#2107,.T.);
#4897=EDGE_CURVE('',#3557,#3236,#2108,.T.);
#4898=EDGE_CURVE('',#3554,#3231,#2109,.T.);
#4899=EDGE_CURVE('',#3555,#3234,#2110,.T.);
#4900=EDGE_CURVE('',#3556,#3233,#2111,.T.);
#4901=EDGE_CURVE('',#3553,#3232,#2112,.T.);
#4902=EDGE_CURVE('',#3550,#3227,#2113,.T.);
#4903=EDGE_CURVE('',#3551,#3230,#2114,.T.);
#4904=EDGE_CURVE('',#3552,#3229,#2115,.T.);
#4905=EDGE_CURVE('',#3549,#3228,#2116,.T.);
#4906=EDGE_CURVE('',#3546,#3223,#2117,.T.);
#4907=EDGE_CURVE('',#3547,#3226,#2118,.T.);
#4908=EDGE_CURVE('',#3548,#3225,#2119,.T.);
#4909=EDGE_CURVE('',#3545,#3224,#2120,.T.);
#4910=EDGE_CURVE('',#3542,#3219,#2121,.T.);
#4911=EDGE_CURVE('',#3543,#3222,#2122,.T.);
#4912=EDGE_CURVE('',#3544,#3221,#2123,.T.);
#4913=EDGE_CURVE('',#3541,#3220,#2124,.T.);
#4914=ORIENTED_EDGE('',*,*,#3857,.T.);
#4915=ORIENTED_EDGE('',*,*,#3858,.F.);
#4916=ORIENTED_EDGE('',*,*,#3859,.F.);
#4917=ORIENTED_EDGE('',*,*,#3860,.F.);
#4918=ORIENTED_EDGE('',*,*,#3861,.T.);
#4919=ORIENTED_EDGE('',*,*,#3862,.T.);
#4920=ORIENTED_EDGE('',*,*,#3863,.T.);
#4921=ORIENTED_EDGE('',*,*,#3858,.T.);
#4922=ORIENTED_EDGE('',*,*,#3864,.T.);
#4923=ORIENTED_EDGE('',*,*,#3865,.F.);
#4924=ORIENTED_EDGE('',*,*,#3866,.F.);
#4925=ORIENTED_EDGE('',*,*,#3862,.F.);
#4926=ORIENTED_EDGE('',*,*,#3867,.T.);
#4927=ORIENTED_EDGE('',*,*,#3868,.T.);
#4928=ORIENTED_EDGE('',*,*,#3869,.T.);
#4929=ORIENTED_EDGE('',*,*,#3865,.T.);
#4930=ORIENTED_EDGE('',*,*,#3870,.T.);
#4931=ORIENTED_EDGE('',*,*,#3871,.F.);
#4932=ORIENTED_EDGE('',*,*,#3872,.F.);
#4933=ORIENTED_EDGE('',*,*,#3868,.F.);
#4934=ORIENTED_EDGE('',*,*,#3873,.T.);
#4935=ORIENTED_EDGE('',*,*,#3874,.T.);
#4936=ORIENTED_EDGE('',*,*,#3875,.T.);
#4937=ORIENTED_EDGE('',*,*,#3871,.T.);
#4938=ORIENTED_EDGE('',*,*,#3876,.T.);
#4939=ORIENTED_EDGE('',*,*,#3877,.T.);
#4940=ORIENTED_EDGE('',*,*,#3878,.F.);
#4941=ORIENTED_EDGE('',*,*,#3874,.F.);
#4942=ORIENTED_EDGE('',*,*,#3879,.T.);
#4943=ORIENTED_EDGE('',*,*,#3880,.F.);
#4944=ORIENTED_EDGE('',*,*,#3881,.F.);
#4945=ORIENTED_EDGE('',*,*,#3882,.T.);
#4946=ORIENTED_EDGE('',*,*,#3883,.F.);
#4947=ORIENTED_EDGE('',*,*,#3884,.F.);
#4948=ORIENTED_EDGE('',*,*,#3877,.F.);
#4949=ORIENTED_EDGE('',*,*,#3885,.T.);
#4950=ORIENTED_EDGE('',*,*,#3886,.T.);
#4951=ORIENTED_EDGE('',*,*,#3887,.T.);
#4952=ORIENTED_EDGE('',*,*,#3888,.F.);
#4953=ORIENTED_EDGE('',*,*,#3886,.F.);
#4954=ORIENTED_EDGE('',*,*,#3889,.T.);
#4955=ORIENTED_EDGE('',*,*,#3890,.T.);
#4956=ORIENTED_EDGE('',*,*,#3891,.T.);
#4957=ORIENTED_EDGE('',*,*,#3892,.T.);
#4958=ORIENTED_EDGE('',*,*,#3893,.F.);
#4959=ORIENTED_EDGE('',*,*,#3890,.F.);
#4960=ORIENTED_EDGE('',*,*,#3894,.F.);
#4961=ORIENTED_EDGE('',*,*,#3895,.F.);
#4962=ORIENTED_EDGE('',*,*,#3896,.T.);
#4963=ORIENTED_EDGE('',*,*,#3897,.T.);
#4964=ORIENTED_EDGE('',*,*,#3898,.T.);
#4965=ORIENTED_EDGE('',*,*,#3899,.T.);
#4966=ORIENTED_EDGE('',*,*,#3900,.T.);
#4967=ORIENTED_EDGE('',*,*,#3899,.F.);
#4968=ORIENTED_EDGE('',*,*,#3901,.F.);
#4969=ORIENTED_EDGE('',*,*,#3902,.F.);
#4970=ORIENTED_EDGE('',*,*,#3892,.F.);
#4971=ORIENTED_EDGE('',*,*,#3903,.F.);
#4972=ORIENTED_EDGE('',*,*,#3904,.F.);
#4973=ORIENTED_EDGE('',*,*,#3898,.F.);
#4974=ORIENTED_EDGE('',*,*,#3905,.F.);
#4975=ORIENTED_EDGE('',*,*,#3906,.F.);
#4976=ORIENTED_EDGE('',*,*,#3907,.F.);
#4977=ORIENTED_EDGE('',*,*,#3908,.T.);
#4978=ORIENTED_EDGE('',*,*,#3909,.T.);
#4979=ORIENTED_EDGE('',*,*,#3901,.T.);
#4980=ORIENTED_EDGE('',*,*,#3897,.F.);
#4981=ORIENTED_EDGE('',*,*,#3910,.T.);
#4982=ORIENTED_EDGE('',*,*,#3911,.T.);
#4983=ORIENTED_EDGE('',*,*,#3905,.T.);
#4984=ORIENTED_EDGE('',*,*,#3912,.F.);
#4985=ORIENTED_EDGE('',*,*,#3900,.F.);
#4986=ORIENTED_EDGE('',*,*,#3904,.T.);
#4987=ORIENTED_EDGE('',*,*,#3913,.F.);
#4988=ORIENTED_EDGE('',*,*,#3914,.T.);
#4989=ORIENTED_EDGE('',*,*,#3895,.T.);
#4990=ORIENTED_EDGE('',*,*,#3915,.T.);
#4991=ORIENTED_EDGE('',*,*,#3913,.T.);
#4992=ORIENTED_EDGE('',*,*,#3903,.T.);
#4993=ORIENTED_EDGE('',*,*,#3896,.F.);
#4994=ORIENTED_EDGE('',*,*,#3916,.F.);
#4995=ORIENTED_EDGE('',*,*,#3917,.F.);
#4996=ORIENTED_EDGE('',*,*,#3918,.T.);
#4997=ORIENTED_EDGE('',*,*,#3910,.F.);
#4998=ORIENTED_EDGE('',*,*,#3902,.T.);
#4999=ORIENTED_EDGE('',*,*,#3909,.F.);
#5000=ORIENTED_EDGE('',*,*,#3919,.T.);
#5001=ORIENTED_EDGE('',*,*,#3879,.F.);
#5002=ORIENTED_EDGE('',*,*,#3876,.F.);
#5003=ORIENTED_EDGE('',*,*,#3873,.F.);
#5004=ORIENTED_EDGE('',*,*,#3870,.F.);
#5005=ORIENTED_EDGE('',*,*,#3867,.F.);
#5006=ORIENTED_EDGE('',*,*,#3864,.F.);
#5007=ORIENTED_EDGE('',*,*,#3861,.F.);
#5008=ORIENTED_EDGE('',*,*,#3857,.F.);
#5009=ORIENTED_EDGE('',*,*,#3920,.F.);
#5010=ORIENTED_EDGE('',*,*,#3887,.F.);
#5011=ORIENTED_EDGE('',*,*,#3891,.F.);
#5012=ORIENTED_EDGE('',*,*,#3893,.T.);
#5013=ORIENTED_EDGE('',*,*,#3921,.T.);
#5014=ORIENTED_EDGE('',*,*,#3922,.T.);
#5015=ORIENTED_EDGE('',*,*,#3923,.T.);
#5016=ORIENTED_EDGE('',*,*,#3924,.T.);
#5017=ORIENTED_EDGE('',*,*,#3925,.T.);
#5018=ORIENTED_EDGE('',*,*,#3926,.T.);
#5019=ORIENTED_EDGE('',*,*,#3927,.T.);
#5020=ORIENTED_EDGE('',*,*,#3928,.T.);
#5021=ORIENTED_EDGE('',*,*,#3929,.T.);
#5022=ORIENTED_EDGE('',*,*,#3930,.T.);
#5023=ORIENTED_EDGE('',*,*,#3931,.T.);
#5024=ORIENTED_EDGE('',*,*,#3932,.T.);
#5025=ORIENTED_EDGE('',*,*,#3933,.T.);
#5026=ORIENTED_EDGE('',*,*,#3934,.T.);
#5027=ORIENTED_EDGE('',*,*,#3935,.T.);
#5028=ORIENTED_EDGE('',*,*,#3936,.T.);
#5029=ORIENTED_EDGE('',*,*,#3937,.T.);
#5030=ORIENTED_EDGE('',*,*,#3938,.T.);
#5031=ORIENTED_EDGE('',*,*,#3939,.T.);
#5032=ORIENTED_EDGE('',*,*,#3940,.T.);
#5033=ORIENTED_EDGE('',*,*,#3941,.T.);
#5034=ORIENTED_EDGE('',*,*,#3942,.T.);
#5035=ORIENTED_EDGE('',*,*,#3943,.T.);
#5036=ORIENTED_EDGE('',*,*,#3944,.T.);
#5037=ORIENTED_EDGE('',*,*,#3945,.T.);
#5038=ORIENTED_EDGE('',*,*,#3946,.T.);
#5039=ORIENTED_EDGE('',*,*,#3947,.T.);
#5040=ORIENTED_EDGE('',*,*,#3948,.T.);
#5041=ORIENTED_EDGE('',*,*,#3949,.T.);
#5042=ORIENTED_EDGE('',*,*,#3950,.T.);
#5043=ORIENTED_EDGE('',*,*,#3951,.T.);
#5044=ORIENTED_EDGE('',*,*,#3952,.T.);
#5045=ORIENTED_EDGE('',*,*,#3953,.T.);
#5046=ORIENTED_EDGE('',*,*,#3954,.T.);
#5047=ORIENTED_EDGE('',*,*,#3955,.T.);
#5048=ORIENTED_EDGE('',*,*,#3956,.T.);
#5049=ORIENTED_EDGE('',*,*,#3957,.T.);
#5050=ORIENTED_EDGE('',*,*,#3958,.T.);
#5051=ORIENTED_EDGE('',*,*,#3959,.T.);
#5052=ORIENTED_EDGE('',*,*,#3960,.T.);
#5053=ORIENTED_EDGE('',*,*,#3961,.T.);
#5054=ORIENTED_EDGE('',*,*,#3962,.T.);
#5055=ORIENTED_EDGE('',*,*,#3963,.T.);
#5056=ORIENTED_EDGE('',*,*,#3964,.T.);
#5057=ORIENTED_EDGE('',*,*,#3965,.T.);
#5058=ORIENTED_EDGE('',*,*,#3966,.T.);
#5059=ORIENTED_EDGE('',*,*,#3967,.T.);
#5060=ORIENTED_EDGE('',*,*,#3968,.T.);
#5061=ORIENTED_EDGE('',*,*,#3969,.T.);
#5062=ORIENTED_EDGE('',*,*,#3970,.T.);
#5063=ORIENTED_EDGE('',*,*,#3971,.T.);
#5064=ORIENTED_EDGE('',*,*,#3972,.T.);
#5065=ORIENTED_EDGE('',*,*,#3973,.T.);
#5066=ORIENTED_EDGE('',*,*,#3974,.T.);
#5067=ORIENTED_EDGE('',*,*,#3975,.T.);
#5068=ORIENTED_EDGE('',*,*,#3976,.T.);
#5069=ORIENTED_EDGE('',*,*,#3977,.T.);
#5070=ORIENTED_EDGE('',*,*,#3978,.T.);
#5071=ORIENTED_EDGE('',*,*,#3979,.T.);
#5072=ORIENTED_EDGE('',*,*,#3980,.T.);
#5073=ORIENTED_EDGE('',*,*,#3981,.T.);
#5074=ORIENTED_EDGE('',*,*,#3982,.T.);
#5075=ORIENTED_EDGE('',*,*,#3983,.T.);
#5076=ORIENTED_EDGE('',*,*,#3984,.T.);
#5077=ORIENTED_EDGE('',*,*,#3985,.T.);
#5078=ORIENTED_EDGE('',*,*,#3986,.T.);
#5079=ORIENTED_EDGE('',*,*,#3987,.T.);
#5080=ORIENTED_EDGE('',*,*,#3988,.T.);
#5081=ORIENTED_EDGE('',*,*,#3989,.T.);
#5082=ORIENTED_EDGE('',*,*,#3990,.T.);
#5083=ORIENTED_EDGE('',*,*,#3991,.T.);
#5084=ORIENTED_EDGE('',*,*,#3992,.T.);
#5085=ORIENTED_EDGE('',*,*,#3993,.T.);
#5086=ORIENTED_EDGE('',*,*,#3994,.T.);
#5087=ORIENTED_EDGE('',*,*,#3995,.T.);
#5088=ORIENTED_EDGE('',*,*,#3996,.T.);
#5089=ORIENTED_EDGE('',*,*,#3997,.T.);
#5090=ORIENTED_EDGE('',*,*,#3998,.T.);
#5091=ORIENTED_EDGE('',*,*,#3999,.T.);
#5092=ORIENTED_EDGE('',*,*,#4000,.T.);
#5093=ORIENTED_EDGE('',*,*,#4001,.T.);
#5094=ORIENTED_EDGE('',*,*,#4002,.T.);
#5095=ORIENTED_EDGE('',*,*,#4003,.T.);
#5096=ORIENTED_EDGE('',*,*,#4004,.T.);
#5097=ORIENTED_EDGE('',*,*,#4005,.T.);
#5098=ORIENTED_EDGE('',*,*,#4006,.T.);
#5099=ORIENTED_EDGE('',*,*,#4007,.T.);
#5100=ORIENTED_EDGE('',*,*,#4008,.T.);
#5101=ORIENTED_EDGE('',*,*,#4009,.T.);
#5102=ORIENTED_EDGE('',*,*,#4010,.T.);
#5103=ORIENTED_EDGE('',*,*,#4011,.T.);
#5104=ORIENTED_EDGE('',*,*,#4012,.T.);
#5105=ORIENTED_EDGE('',*,*,#4013,.T.);
#5106=ORIENTED_EDGE('',*,*,#4014,.T.);
#5107=ORIENTED_EDGE('',*,*,#4015,.T.);
#5108=ORIENTED_EDGE('',*,*,#4016,.T.);
#5109=ORIENTED_EDGE('',*,*,#4017,.T.);
#5110=ORIENTED_EDGE('',*,*,#4018,.T.);
#5111=ORIENTED_EDGE('',*,*,#4019,.T.);
#5112=ORIENTED_EDGE('',*,*,#4020,.T.);
#5113=ORIENTED_EDGE('',*,*,#4021,.T.);
#5114=ORIENTED_EDGE('',*,*,#4022,.T.);
#5115=ORIENTED_EDGE('',*,*,#4023,.T.);
#5116=ORIENTED_EDGE('',*,*,#4024,.T.);
#5117=ORIENTED_EDGE('',*,*,#4025,.T.);
#5118=ORIENTED_EDGE('',*,*,#4026,.T.);
#5119=ORIENTED_EDGE('',*,*,#4027,.T.);
#5120=ORIENTED_EDGE('',*,*,#4028,.T.);
#5121=ORIENTED_EDGE('',*,*,#4029,.T.);
#5122=ORIENTED_EDGE('',*,*,#4030,.T.);
#5123=ORIENTED_EDGE('',*,*,#4031,.T.);
#5124=ORIENTED_EDGE('',*,*,#4032,.T.);
#5125=ORIENTED_EDGE('',*,*,#4033,.T.);
#5126=ORIENTED_EDGE('',*,*,#4034,.T.);
#5127=ORIENTED_EDGE('',*,*,#4035,.T.);
#5128=ORIENTED_EDGE('',*,*,#4036,.T.);
#5129=ORIENTED_EDGE('',*,*,#4037,.T.);
#5130=ORIENTED_EDGE('',*,*,#4038,.T.);
#5131=ORIENTED_EDGE('',*,*,#4039,.T.);
#5132=ORIENTED_EDGE('',*,*,#4040,.T.);
#5133=ORIENTED_EDGE('',*,*,#4041,.T.);
#5134=ORIENTED_EDGE('',*,*,#4042,.T.);
#5135=ORIENTED_EDGE('',*,*,#4043,.T.);
#5136=ORIENTED_EDGE('',*,*,#4044,.T.);
#5137=ORIENTED_EDGE('',*,*,#4045,.T.);
#5138=ORIENTED_EDGE('',*,*,#4046,.T.);
#5139=ORIENTED_EDGE('',*,*,#4047,.T.);
#5140=ORIENTED_EDGE('',*,*,#4048,.T.);
#5141=ORIENTED_EDGE('',*,*,#4049,.T.);
#5142=ORIENTED_EDGE('',*,*,#4050,.T.);
#5143=ORIENTED_EDGE('',*,*,#4051,.T.);
#5144=ORIENTED_EDGE('',*,*,#4052,.T.);
#5145=ORIENTED_EDGE('',*,*,#4053,.T.);
#5146=ORIENTED_EDGE('',*,*,#4054,.T.);
#5147=ORIENTED_EDGE('',*,*,#4055,.T.);
#5148=ORIENTED_EDGE('',*,*,#4056,.T.);
#5149=ORIENTED_EDGE('',*,*,#4057,.T.);
#5150=ORIENTED_EDGE('',*,*,#4058,.T.);
#5151=ORIENTED_EDGE('',*,*,#4059,.T.);
#5152=ORIENTED_EDGE('',*,*,#4060,.T.);
#5153=ORIENTED_EDGE('',*,*,#4061,.T.);
#5154=ORIENTED_EDGE('',*,*,#4062,.T.);
#5155=ORIENTED_EDGE('',*,*,#4063,.T.);
#5156=ORIENTED_EDGE('',*,*,#4064,.T.);
#5157=ORIENTED_EDGE('',*,*,#4065,.T.);
#5158=ORIENTED_EDGE('',*,*,#4066,.T.);
#5159=ORIENTED_EDGE('',*,*,#4067,.T.);
#5160=ORIENTED_EDGE('',*,*,#4068,.T.);
#5161=ORIENTED_EDGE('',*,*,#4069,.T.);
#5162=ORIENTED_EDGE('',*,*,#4070,.T.);
#5163=ORIENTED_EDGE('',*,*,#4071,.T.);
#5164=ORIENTED_EDGE('',*,*,#4072,.T.);
#5165=ORIENTED_EDGE('',*,*,#4073,.T.);
#5166=ORIENTED_EDGE('',*,*,#4074,.T.);
#5167=ORIENTED_EDGE('',*,*,#4075,.T.);
#5168=ORIENTED_EDGE('',*,*,#4076,.T.);
#5169=ORIENTED_EDGE('',*,*,#4077,.T.);
#5170=ORIENTED_EDGE('',*,*,#4078,.T.);
#5171=ORIENTED_EDGE('',*,*,#4079,.T.);
#5172=ORIENTED_EDGE('',*,*,#4080,.T.);
#5173=ORIENTED_EDGE('',*,*,#4081,.T.);
#5174=ORIENTED_EDGE('',*,*,#4082,.T.);
#5175=ORIENTED_EDGE('',*,*,#4083,.T.);
#5176=ORIENTED_EDGE('',*,*,#4084,.T.);
#5177=ORIENTED_EDGE('',*,*,#4085,.T.);
#5178=ORIENTED_EDGE('',*,*,#4086,.T.);
#5179=ORIENTED_EDGE('',*,*,#4087,.T.);
#5180=ORIENTED_EDGE('',*,*,#4088,.T.);
#5181=ORIENTED_EDGE('',*,*,#4089,.T.);
#5182=ORIENTED_EDGE('',*,*,#4090,.T.);
#5183=ORIENTED_EDGE('',*,*,#4091,.T.);
#5184=ORIENTED_EDGE('',*,*,#4092,.T.);
#5185=ORIENTED_EDGE('',*,*,#4093,.T.);
#5186=ORIENTED_EDGE('',*,*,#4094,.T.);
#5187=ORIENTED_EDGE('',*,*,#4095,.T.);
#5188=ORIENTED_EDGE('',*,*,#4096,.T.);
#5189=ORIENTED_EDGE('',*,*,#4097,.T.);
#5190=ORIENTED_EDGE('',*,*,#4098,.T.);
#5191=ORIENTED_EDGE('',*,*,#4099,.T.);
#5192=ORIENTED_EDGE('',*,*,#4100,.T.);
#5193=ORIENTED_EDGE('',*,*,#4101,.T.);
#5194=ORIENTED_EDGE('',*,*,#4102,.T.);
#5195=ORIENTED_EDGE('',*,*,#4103,.T.);
#5196=ORIENTED_EDGE('',*,*,#4104,.T.);
#5197=ORIENTED_EDGE('',*,*,#4105,.T.);
#5198=ORIENTED_EDGE('',*,*,#4106,.T.);
#5199=ORIENTED_EDGE('',*,*,#4107,.T.);
#5200=ORIENTED_EDGE('',*,*,#4108,.T.);
#5201=ORIENTED_EDGE('',*,*,#4109,.T.);
#5202=ORIENTED_EDGE('',*,*,#4110,.T.);
#5203=ORIENTED_EDGE('',*,*,#4111,.T.);
#5204=ORIENTED_EDGE('',*,*,#4112,.T.);
#5205=ORIENTED_EDGE('',*,*,#4113,.T.);
#5206=ORIENTED_EDGE('',*,*,#4114,.T.);
#5207=ORIENTED_EDGE('',*,*,#4115,.T.);
#5208=ORIENTED_EDGE('',*,*,#4116,.T.);
#5209=ORIENTED_EDGE('',*,*,#4117,.T.);
#5210=ORIENTED_EDGE('',*,*,#4118,.T.);
#5211=ORIENTED_EDGE('',*,*,#4119,.T.);
#5212=ORIENTED_EDGE('',*,*,#4120,.T.);
#5213=ORIENTED_EDGE('',*,*,#4121,.T.);
#5214=ORIENTED_EDGE('',*,*,#4122,.T.);
#5215=ORIENTED_EDGE('',*,*,#4123,.T.);
#5216=ORIENTED_EDGE('',*,*,#4124,.T.);
#5217=ORIENTED_EDGE('',*,*,#4125,.T.);
#5218=ORIENTED_EDGE('',*,*,#4126,.T.);
#5219=ORIENTED_EDGE('',*,*,#4127,.T.);
#5220=ORIENTED_EDGE('',*,*,#4128,.T.);
#5221=ORIENTED_EDGE('',*,*,#4129,.T.);
#5222=ORIENTED_EDGE('',*,*,#4130,.T.);
#5223=ORIENTED_EDGE('',*,*,#4131,.T.);
#5224=ORIENTED_EDGE('',*,*,#4132,.T.);
#5225=ORIENTED_EDGE('',*,*,#4133,.T.);
#5226=ORIENTED_EDGE('',*,*,#4134,.T.);
#5227=ORIENTED_EDGE('',*,*,#4135,.T.);
#5228=ORIENTED_EDGE('',*,*,#4136,.T.);
#5229=ORIENTED_EDGE('',*,*,#4137,.T.);
#5230=ORIENTED_EDGE('',*,*,#4138,.T.);
#5231=ORIENTED_EDGE('',*,*,#4139,.T.);
#5232=ORIENTED_EDGE('',*,*,#4140,.T.);
#5233=ORIENTED_EDGE('',*,*,#4141,.T.);
#5234=ORIENTED_EDGE('',*,*,#4142,.T.);
#5235=ORIENTED_EDGE('',*,*,#4143,.T.);
#5236=ORIENTED_EDGE('',*,*,#4144,.T.);
#5237=ORIENTED_EDGE('',*,*,#4145,.T.);
#5238=ORIENTED_EDGE('',*,*,#4146,.T.);
#5239=ORIENTED_EDGE('',*,*,#4147,.T.);
#5240=ORIENTED_EDGE('',*,*,#4148,.T.);
#5241=ORIENTED_EDGE('',*,*,#4149,.T.);
#5242=ORIENTED_EDGE('',*,*,#4150,.T.);
#5243=ORIENTED_EDGE('',*,*,#4151,.T.);
#5244=ORIENTED_EDGE('',*,*,#4152,.T.);
#5245=ORIENTED_EDGE('',*,*,#4153,.T.);
#5246=ORIENTED_EDGE('',*,*,#4154,.T.);
#5247=ORIENTED_EDGE('',*,*,#4155,.T.);
#5248=ORIENTED_EDGE('',*,*,#4156,.T.);
#5249=ORIENTED_EDGE('',*,*,#4157,.T.);
#5250=ORIENTED_EDGE('',*,*,#4158,.T.);
#5251=ORIENTED_EDGE('',*,*,#4159,.T.);
#5252=ORIENTED_EDGE('',*,*,#4160,.T.);
#5253=ORIENTED_EDGE('',*,*,#4161,.T.);
#5254=ORIENTED_EDGE('',*,*,#4162,.T.);
#5255=ORIENTED_EDGE('',*,*,#4163,.T.);
#5256=ORIENTED_EDGE('',*,*,#4164,.T.);
#5257=ORIENTED_EDGE('',*,*,#4165,.T.);
#5258=ORIENTED_EDGE('',*,*,#4166,.T.);
#5259=ORIENTED_EDGE('',*,*,#4167,.T.);
#5260=ORIENTED_EDGE('',*,*,#4168,.T.);
#5261=ORIENTED_EDGE('',*,*,#4169,.T.);
#5262=ORIENTED_EDGE('',*,*,#4170,.T.);
#5263=ORIENTED_EDGE('',*,*,#4171,.T.);
#5264=ORIENTED_EDGE('',*,*,#4172,.T.);
#5265=ORIENTED_EDGE('',*,*,#4173,.T.);
#5266=ORIENTED_EDGE('',*,*,#4174,.T.);
#5267=ORIENTED_EDGE('',*,*,#4175,.T.);
#5268=ORIENTED_EDGE('',*,*,#4176,.T.);
#5269=ORIENTED_EDGE('',*,*,#4177,.T.);
#5270=ORIENTED_EDGE('',*,*,#4178,.T.);
#5271=ORIENTED_EDGE('',*,*,#4179,.T.);
#5272=ORIENTED_EDGE('',*,*,#4180,.T.);
#5273=ORIENTED_EDGE('',*,*,#4181,.T.);
#5274=ORIENTED_EDGE('',*,*,#4182,.T.);
#5275=ORIENTED_EDGE('',*,*,#4183,.T.);
#5276=ORIENTED_EDGE('',*,*,#4184,.T.);
#5277=ORIENTED_EDGE('',*,*,#4185,.T.);
#5278=ORIENTED_EDGE('',*,*,#4186,.T.);
#5279=ORIENTED_EDGE('',*,*,#4187,.T.);
#5280=ORIENTED_EDGE('',*,*,#4188,.T.);
#5281=ORIENTED_EDGE('',*,*,#4189,.T.);
#5282=ORIENTED_EDGE('',*,*,#4190,.T.);
#5283=ORIENTED_EDGE('',*,*,#4191,.T.);
#5284=ORIENTED_EDGE('',*,*,#4192,.T.);
#5285=ORIENTED_EDGE('',*,*,#4193,.T.);
#5286=ORIENTED_EDGE('',*,*,#4194,.T.);
#5287=ORIENTED_EDGE('',*,*,#4195,.T.);
#5288=ORIENTED_EDGE('',*,*,#4196,.T.);
#5289=ORIENTED_EDGE('',*,*,#4197,.T.);
#5290=ORIENTED_EDGE('',*,*,#4198,.T.);
#5291=ORIENTED_EDGE('',*,*,#4199,.T.);
#5292=ORIENTED_EDGE('',*,*,#4200,.T.);
#5293=ORIENTED_EDGE('',*,*,#4201,.T.);
#5294=ORIENTED_EDGE('',*,*,#4202,.T.);
#5295=ORIENTED_EDGE('',*,*,#4203,.T.);
#5296=ORIENTED_EDGE('',*,*,#4204,.T.);
#5297=ORIENTED_EDGE('',*,*,#4205,.T.);
#5298=ORIENTED_EDGE('',*,*,#4206,.T.);
#5299=ORIENTED_EDGE('',*,*,#4207,.T.);
#5300=ORIENTED_EDGE('',*,*,#4208,.T.);
#5301=ORIENTED_EDGE('',*,*,#4209,.T.);
#5302=ORIENTED_EDGE('',*,*,#4210,.T.);
#5303=ORIENTED_EDGE('',*,*,#4211,.T.);
#5304=ORIENTED_EDGE('',*,*,#4212,.T.);
#5305=ORIENTED_EDGE('',*,*,#4213,.T.);
#5306=ORIENTED_EDGE('',*,*,#4214,.T.);
#5307=ORIENTED_EDGE('',*,*,#4215,.T.);
#5308=ORIENTED_EDGE('',*,*,#4216,.T.);
#5309=ORIENTED_EDGE('',*,*,#4217,.T.);
#5310=ORIENTED_EDGE('',*,*,#4218,.T.);
#5311=ORIENTED_EDGE('',*,*,#4219,.T.);
#5312=ORIENTED_EDGE('',*,*,#4220,.T.);
#5313=ORIENTED_EDGE('',*,*,#4221,.T.);
#5314=ORIENTED_EDGE('',*,*,#4222,.T.);
#5315=ORIENTED_EDGE('',*,*,#4223,.T.);
#5316=ORIENTED_EDGE('',*,*,#4224,.T.);
#5317=ORIENTED_EDGE('',*,*,#4225,.T.);
#5318=ORIENTED_EDGE('',*,*,#4226,.T.);
#5319=ORIENTED_EDGE('',*,*,#4227,.T.);
#5320=ORIENTED_EDGE('',*,*,#4228,.T.);
#5321=ORIENTED_EDGE('',*,*,#4229,.T.);
#5322=ORIENTED_EDGE('',*,*,#4230,.T.);
#5323=ORIENTED_EDGE('',*,*,#4231,.T.);
#5324=ORIENTED_EDGE('',*,*,#4232,.T.);
#5325=ORIENTED_EDGE('',*,*,#4233,.T.);
#5326=ORIENTED_EDGE('',*,*,#4234,.T.);
#5327=ORIENTED_EDGE('',*,*,#4235,.T.);
#5328=ORIENTED_EDGE('',*,*,#4236,.T.);
#5329=ORIENTED_EDGE('',*,*,#4237,.T.);
#5330=ORIENTED_EDGE('',*,*,#4238,.T.);
#5331=ORIENTED_EDGE('',*,*,#4239,.T.);
#5332=ORIENTED_EDGE('',*,*,#4240,.T.);
#5333=ORIENTED_EDGE('',*,*,#3885,.F.);
#5334=ORIENTED_EDGE('',*,*,#4241,.T.);
#5335=ORIENTED_EDGE('',*,*,#4242,.T.);
#5336=ORIENTED_EDGE('',*,*,#3894,.T.);
#5337=ORIENTED_EDGE('',*,*,#3889,.F.);
#5338=ORIENTED_EDGE('',*,*,#3907,.T.);
#5339=ORIENTED_EDGE('',*,*,#4243,.T.);
#5340=ORIENTED_EDGE('',*,*,#4244,.T.);
#5341=ORIENTED_EDGE('',*,*,#4245,.T.);
#5342=ORIENTED_EDGE('',*,*,#4246,.T.);
#5343=ORIENTED_EDGE('',*,*,#4247,.T.);
#5344=ORIENTED_EDGE('',*,*,#3881,.T.);
#5345=ORIENTED_EDGE('',*,*,#4248,.F.);
#5346=ORIENTED_EDGE('',*,*,#4249,.T.);
#5347=ORIENTED_EDGE('',*,*,#4250,.T.);
#5348=ORIENTED_EDGE('',*,*,#4251,.T.);
#5349=ORIENTED_EDGE('',*,*,#4252,.F.);
#5350=ORIENTED_EDGE('',*,*,#4253,.T.);
#5351=ORIENTED_EDGE('',*,*,#4254,.T.);
#5352=ORIENTED_EDGE('',*,*,#4255,.T.);
#5353=ORIENTED_EDGE('',*,*,#4256,.T.);
#5354=ORIENTED_EDGE('',*,*,#4257,.F.);
#5355=ORIENTED_EDGE('',*,*,#4258,.T.);
#5356=ORIENTED_EDGE('',*,*,#4259,.T.);
#5357=ORIENTED_EDGE('',*,*,#4260,.T.);
#5358=ORIENTED_EDGE('',*,*,#4261,.T.);
#5359=ORIENTED_EDGE('',*,*,#4262,.T.);
#5360=ORIENTED_EDGE('',*,*,#4263,.T.);
#5361=ORIENTED_EDGE('',*,*,#4264,.T.);
#5362=ORIENTED_EDGE('',*,*,#4265,.T.);
#5363=ORIENTED_EDGE('',*,*,#4266,.T.);
#5364=ORIENTED_EDGE('',*,*,#4267,.T.);
#5365=ORIENTED_EDGE('',*,*,#4268,.T.);
#5366=ORIENTED_EDGE('',*,*,#4269,.T.);
#5367=ORIENTED_EDGE('',*,*,#4270,.T.);
#5368=ORIENTED_EDGE('',*,*,#4271,.T.);
#5369=ORIENTED_EDGE('',*,*,#4272,.T.);
#5370=ORIENTED_EDGE('',*,*,#4273,.T.);
#5371=ORIENTED_EDGE('',*,*,#4274,.T.);
#5372=ORIENTED_EDGE('',*,*,#4275,.T.);
#5373=ORIENTED_EDGE('',*,*,#4276,.T.);
#5374=ORIENTED_EDGE('',*,*,#4277,.T.);
#5375=ORIENTED_EDGE('',*,*,#4278,.T.);
#5376=ORIENTED_EDGE('',*,*,#4279,.T.);
#5377=ORIENTED_EDGE('',*,*,#4280,.T.);
#5378=ORIENTED_EDGE('',*,*,#4281,.T.);
#5379=ORIENTED_EDGE('',*,*,#4282,.T.);
#5380=ORIENTED_EDGE('',*,*,#4283,.T.);
#5381=ORIENTED_EDGE('',*,*,#4284,.T.);
#5382=ORIENTED_EDGE('',*,*,#4285,.T.);
#5383=ORIENTED_EDGE('',*,*,#4286,.T.);
#5384=ORIENTED_EDGE('',*,*,#4287,.T.);
#5385=ORIENTED_EDGE('',*,*,#4288,.T.);
#5386=ORIENTED_EDGE('',*,*,#4289,.T.);
#5387=ORIENTED_EDGE('',*,*,#4290,.T.);
#5388=ORIENTED_EDGE('',*,*,#4291,.T.);
#5389=ORIENTED_EDGE('',*,*,#4292,.T.);
#5390=ORIENTED_EDGE('',*,*,#4293,.T.);
#5391=ORIENTED_EDGE('',*,*,#4294,.T.);
#5392=ORIENTED_EDGE('',*,*,#4295,.T.);
#5393=ORIENTED_EDGE('',*,*,#4296,.T.);
#5394=ORIENTED_EDGE('',*,*,#4297,.T.);
#5395=ORIENTED_EDGE('',*,*,#4298,.T.);
#5396=ORIENTED_EDGE('',*,*,#4299,.T.);
#5397=ORIENTED_EDGE('',*,*,#4300,.T.);
#5398=ORIENTED_EDGE('',*,*,#4301,.T.);
#5399=ORIENTED_EDGE('',*,*,#4302,.T.);
#5400=ORIENTED_EDGE('',*,*,#4303,.T.);
#5401=ORIENTED_EDGE('',*,*,#4304,.T.);
#5402=ORIENTED_EDGE('',*,*,#4305,.T.);
#5403=ORIENTED_EDGE('',*,*,#4306,.T.);
#5404=ORIENTED_EDGE('',*,*,#4307,.T.);
#5405=ORIENTED_EDGE('',*,*,#4308,.T.);
#5406=ORIENTED_EDGE('',*,*,#4309,.T.);
#5407=ORIENTED_EDGE('',*,*,#4310,.T.);
#5408=ORIENTED_EDGE('',*,*,#4311,.T.);
#5409=ORIENTED_EDGE('',*,*,#4312,.T.);
#5410=ORIENTED_EDGE('',*,*,#4313,.T.);
#5411=ORIENTED_EDGE('',*,*,#4314,.T.);
#5412=ORIENTED_EDGE('',*,*,#4315,.T.);
#5413=ORIENTED_EDGE('',*,*,#4316,.T.);
#5414=ORIENTED_EDGE('',*,*,#4317,.T.);
#5415=ORIENTED_EDGE('',*,*,#4318,.T.);
#5416=ORIENTED_EDGE('',*,*,#4319,.T.);
#5417=ORIENTED_EDGE('',*,*,#4320,.T.);
#5418=ORIENTED_EDGE('',*,*,#4321,.T.);
#5419=ORIENTED_EDGE('',*,*,#4322,.T.);
#5420=ORIENTED_EDGE('',*,*,#4323,.T.);
#5421=ORIENTED_EDGE('',*,*,#4324,.T.);
#5422=ORIENTED_EDGE('',*,*,#4325,.T.);
#5423=ORIENTED_EDGE('',*,*,#4326,.T.);
#5424=ORIENTED_EDGE('',*,*,#4327,.T.);
#5425=ORIENTED_EDGE('',*,*,#4328,.T.);
#5426=ORIENTED_EDGE('',*,*,#4329,.T.);
#5427=ORIENTED_EDGE('',*,*,#4330,.T.);
#5428=ORIENTED_EDGE('',*,*,#4331,.T.);
#5429=ORIENTED_EDGE('',*,*,#4332,.T.);
#5430=ORIENTED_EDGE('',*,*,#4333,.T.);
#5431=ORIENTED_EDGE('',*,*,#4334,.T.);
#5432=ORIENTED_EDGE('',*,*,#4335,.T.);
#5433=ORIENTED_EDGE('',*,*,#4336,.T.);
#5434=ORIENTED_EDGE('',*,*,#4337,.T.);
#5435=ORIENTED_EDGE('',*,*,#4338,.T.);
#5436=ORIENTED_EDGE('',*,*,#4339,.T.);
#5437=ORIENTED_EDGE('',*,*,#4340,.T.);
#5438=ORIENTED_EDGE('',*,*,#4341,.T.);
#5439=ORIENTED_EDGE('',*,*,#4342,.T.);
#5440=ORIENTED_EDGE('',*,*,#4343,.T.);
#5441=ORIENTED_EDGE('',*,*,#4344,.T.);
#5442=ORIENTED_EDGE('',*,*,#4345,.T.);
#5443=ORIENTED_EDGE('',*,*,#4346,.T.);
#5444=ORIENTED_EDGE('',*,*,#4347,.T.);
#5445=ORIENTED_EDGE('',*,*,#4348,.T.);
#5446=ORIENTED_EDGE('',*,*,#4349,.T.);
#5447=ORIENTED_EDGE('',*,*,#4350,.T.);
#5448=ORIENTED_EDGE('',*,*,#4351,.T.);
#5449=ORIENTED_EDGE('',*,*,#4352,.T.);
#5450=ORIENTED_EDGE('',*,*,#4353,.T.);
#5451=ORIENTED_EDGE('',*,*,#4354,.T.);
#5452=ORIENTED_EDGE('',*,*,#4355,.T.);
#5453=ORIENTED_EDGE('',*,*,#4356,.T.);
#5454=ORIENTED_EDGE('',*,*,#4357,.T.);
#5455=ORIENTED_EDGE('',*,*,#4358,.T.);
#5456=ORIENTED_EDGE('',*,*,#4359,.T.);
#5457=ORIENTED_EDGE('',*,*,#4360,.T.);
#5458=ORIENTED_EDGE('',*,*,#4361,.T.);
#5459=ORIENTED_EDGE('',*,*,#4362,.T.);
#5460=ORIENTED_EDGE('',*,*,#4363,.T.);
#5461=ORIENTED_EDGE('',*,*,#4364,.T.);
#5462=ORIENTED_EDGE('',*,*,#4365,.T.);
#5463=ORIENTED_EDGE('',*,*,#4366,.T.);
#5464=ORIENTED_EDGE('',*,*,#4367,.T.);
#5465=ORIENTED_EDGE('',*,*,#4368,.T.);
#5466=ORIENTED_EDGE('',*,*,#4369,.T.);
#5467=ORIENTED_EDGE('',*,*,#4370,.T.);
#5468=ORIENTED_EDGE('',*,*,#4371,.T.);
#5469=ORIENTED_EDGE('',*,*,#4372,.T.);
#5470=ORIENTED_EDGE('',*,*,#4373,.T.);
#5471=ORIENTED_EDGE('',*,*,#4374,.T.);
#5472=ORIENTED_EDGE('',*,*,#4375,.T.);
#5473=ORIENTED_EDGE('',*,*,#4376,.T.);
#5474=ORIENTED_EDGE('',*,*,#4377,.T.);
#5475=ORIENTED_EDGE('',*,*,#4378,.T.);
#5476=ORIENTED_EDGE('',*,*,#4379,.T.);
#5477=ORIENTED_EDGE('',*,*,#4380,.T.);
#5478=ORIENTED_EDGE('',*,*,#4381,.T.);
#5479=ORIENTED_EDGE('',*,*,#4382,.T.);
#5480=ORIENTED_EDGE('',*,*,#4383,.T.);
#5481=ORIENTED_EDGE('',*,*,#4384,.T.);
#5482=ORIENTED_EDGE('',*,*,#4385,.T.);
#5483=ORIENTED_EDGE('',*,*,#4386,.T.);
#5484=ORIENTED_EDGE('',*,*,#4387,.T.);
#5485=ORIENTED_EDGE('',*,*,#4388,.T.);
#5486=ORIENTED_EDGE('',*,*,#4389,.T.);
#5487=ORIENTED_EDGE('',*,*,#4390,.T.);
#5488=ORIENTED_EDGE('',*,*,#4391,.T.);
#5489=ORIENTED_EDGE('',*,*,#4392,.T.);
#5490=ORIENTED_EDGE('',*,*,#4393,.T.);
#5491=ORIENTED_EDGE('',*,*,#4394,.T.);
#5492=ORIENTED_EDGE('',*,*,#4395,.T.);
#5493=ORIENTED_EDGE('',*,*,#4396,.T.);
#5494=ORIENTED_EDGE('',*,*,#4397,.T.);
#5495=ORIENTED_EDGE('',*,*,#4398,.T.);
#5496=ORIENTED_EDGE('',*,*,#4399,.T.);
#5497=ORIENTED_EDGE('',*,*,#4400,.T.);
#5498=ORIENTED_EDGE('',*,*,#4401,.T.);
#5499=ORIENTED_EDGE('',*,*,#4402,.T.);
#5500=ORIENTED_EDGE('',*,*,#4403,.T.);
#5501=ORIENTED_EDGE('',*,*,#4404,.T.);
#5502=ORIENTED_EDGE('',*,*,#4405,.T.);
#5503=ORIENTED_EDGE('',*,*,#4406,.T.);
#5504=ORIENTED_EDGE('',*,*,#4407,.T.);
#5505=ORIENTED_EDGE('',*,*,#4408,.T.);
#5506=ORIENTED_EDGE('',*,*,#4409,.T.);
#5507=ORIENTED_EDGE('',*,*,#4410,.T.);
#5508=ORIENTED_EDGE('',*,*,#4411,.T.);
#5509=ORIENTED_EDGE('',*,*,#4412,.T.);
#5510=ORIENTED_EDGE('',*,*,#4413,.T.);
#5511=ORIENTED_EDGE('',*,*,#4414,.T.);
#5512=ORIENTED_EDGE('',*,*,#4415,.T.);
#5513=ORIENTED_EDGE('',*,*,#4416,.T.);
#5514=ORIENTED_EDGE('',*,*,#4417,.T.);
#5515=ORIENTED_EDGE('',*,*,#4418,.T.);
#5516=ORIENTED_EDGE('',*,*,#4419,.T.);
#5517=ORIENTED_EDGE('',*,*,#4420,.T.);
#5518=ORIENTED_EDGE('',*,*,#4421,.T.);
#5519=ORIENTED_EDGE('',*,*,#4422,.T.);
#5520=ORIENTED_EDGE('',*,*,#4423,.T.);
#5521=ORIENTED_EDGE('',*,*,#4424,.T.);
#5522=ORIENTED_EDGE('',*,*,#4425,.T.);
#5523=ORIENTED_EDGE('',*,*,#4426,.T.);
#5524=ORIENTED_EDGE('',*,*,#4427,.T.);
#5525=ORIENTED_EDGE('',*,*,#4428,.T.);
#5526=ORIENTED_EDGE('',*,*,#4429,.T.);
#5527=ORIENTED_EDGE('',*,*,#4430,.T.);
#5528=ORIENTED_EDGE('',*,*,#4431,.T.);
#5529=ORIENTED_EDGE('',*,*,#4432,.T.);
#5530=ORIENTED_EDGE('',*,*,#4433,.T.);
#5531=ORIENTED_EDGE('',*,*,#4434,.T.);
#5532=ORIENTED_EDGE('',*,*,#4435,.T.);
#5533=ORIENTED_EDGE('',*,*,#4436,.T.);
#5534=ORIENTED_EDGE('',*,*,#4437,.T.);
#5535=ORIENTED_EDGE('',*,*,#4438,.T.);
#5536=ORIENTED_EDGE('',*,*,#4439,.T.);
#5537=ORIENTED_EDGE('',*,*,#4440,.T.);
#5538=ORIENTED_EDGE('',*,*,#4441,.T.);
#5539=ORIENTED_EDGE('',*,*,#4442,.T.);
#5540=ORIENTED_EDGE('',*,*,#4443,.T.);
#5541=ORIENTED_EDGE('',*,*,#4444,.T.);
#5542=ORIENTED_EDGE('',*,*,#4445,.T.);
#5543=ORIENTED_EDGE('',*,*,#4446,.T.);
#5544=ORIENTED_EDGE('',*,*,#4447,.T.);
#5545=ORIENTED_EDGE('',*,*,#4448,.T.);
#5546=ORIENTED_EDGE('',*,*,#4449,.T.);
#5547=ORIENTED_EDGE('',*,*,#4450,.T.);
#5548=ORIENTED_EDGE('',*,*,#4451,.T.);
#5549=ORIENTED_EDGE('',*,*,#4452,.T.);
#5550=ORIENTED_EDGE('',*,*,#4453,.T.);
#5551=ORIENTED_EDGE('',*,*,#4454,.T.);
#5552=ORIENTED_EDGE('',*,*,#4455,.T.);
#5553=ORIENTED_EDGE('',*,*,#4456,.T.);
#5554=ORIENTED_EDGE('',*,*,#4457,.T.);
#5555=ORIENTED_EDGE('',*,*,#4458,.T.);
#5556=ORIENTED_EDGE('',*,*,#4459,.T.);
#5557=ORIENTED_EDGE('',*,*,#4460,.T.);
#5558=ORIENTED_EDGE('',*,*,#4461,.T.);
#5559=ORIENTED_EDGE('',*,*,#4462,.T.);
#5560=ORIENTED_EDGE('',*,*,#4463,.T.);
#5561=ORIENTED_EDGE('',*,*,#4464,.T.);
#5562=ORIENTED_EDGE('',*,*,#4465,.T.);
#5563=ORIENTED_EDGE('',*,*,#4466,.T.);
#5564=ORIENTED_EDGE('',*,*,#4467,.T.);
#5565=ORIENTED_EDGE('',*,*,#4468,.T.);
#5566=ORIENTED_EDGE('',*,*,#4469,.T.);
#5567=ORIENTED_EDGE('',*,*,#4470,.T.);
#5568=ORIENTED_EDGE('',*,*,#4471,.T.);
#5569=ORIENTED_EDGE('',*,*,#4472,.T.);
#5570=ORIENTED_EDGE('',*,*,#4473,.T.);
#5571=ORIENTED_EDGE('',*,*,#4474,.T.);
#5572=ORIENTED_EDGE('',*,*,#4475,.T.);
#5573=ORIENTED_EDGE('',*,*,#4476,.T.);
#5574=ORIENTED_EDGE('',*,*,#4477,.T.);
#5575=ORIENTED_EDGE('',*,*,#4478,.T.);
#5576=ORIENTED_EDGE('',*,*,#4479,.T.);
#5577=ORIENTED_EDGE('',*,*,#4480,.T.);
#5578=ORIENTED_EDGE('',*,*,#4481,.T.);
#5579=ORIENTED_EDGE('',*,*,#4482,.T.);
#5580=ORIENTED_EDGE('',*,*,#4483,.T.);
#5581=ORIENTED_EDGE('',*,*,#4484,.T.);
#5582=ORIENTED_EDGE('',*,*,#4485,.T.);
#5583=ORIENTED_EDGE('',*,*,#4486,.T.);
#5584=ORIENTED_EDGE('',*,*,#4487,.T.);
#5585=ORIENTED_EDGE('',*,*,#4488,.T.);
#5586=ORIENTED_EDGE('',*,*,#4489,.T.);
#5587=ORIENTED_EDGE('',*,*,#4490,.T.);
#5588=ORIENTED_EDGE('',*,*,#4491,.T.);
#5589=ORIENTED_EDGE('',*,*,#4492,.T.);
#5590=ORIENTED_EDGE('',*,*,#4493,.T.);
#5591=ORIENTED_EDGE('',*,*,#4494,.T.);
#5592=ORIENTED_EDGE('',*,*,#4495,.T.);
#5593=ORIENTED_EDGE('',*,*,#4496,.T.);
#5594=ORIENTED_EDGE('',*,*,#4497,.T.);
#5595=ORIENTED_EDGE('',*,*,#4498,.T.);
#5596=ORIENTED_EDGE('',*,*,#4499,.T.);
#5597=ORIENTED_EDGE('',*,*,#4500,.T.);
#5598=ORIENTED_EDGE('',*,*,#4501,.T.);
#5599=ORIENTED_EDGE('',*,*,#4502,.T.);
#5600=ORIENTED_EDGE('',*,*,#4503,.T.);
#5601=ORIENTED_EDGE('',*,*,#4504,.T.);
#5602=ORIENTED_EDGE('',*,*,#4505,.T.);
#5603=ORIENTED_EDGE('',*,*,#4506,.T.);
#5604=ORIENTED_EDGE('',*,*,#4507,.T.);
#5605=ORIENTED_EDGE('',*,*,#4508,.T.);
#5606=ORIENTED_EDGE('',*,*,#4509,.T.);
#5607=ORIENTED_EDGE('',*,*,#4510,.T.);
#5608=ORIENTED_EDGE('',*,*,#4511,.T.);
#5609=ORIENTED_EDGE('',*,*,#4512,.T.);
#5610=ORIENTED_EDGE('',*,*,#4513,.T.);
#5611=ORIENTED_EDGE('',*,*,#4514,.T.);
#5612=ORIENTED_EDGE('',*,*,#4515,.T.);
#5613=ORIENTED_EDGE('',*,*,#4516,.T.);
#5614=ORIENTED_EDGE('',*,*,#4517,.T.);
#5615=ORIENTED_EDGE('',*,*,#4518,.T.);
#5616=ORIENTED_EDGE('',*,*,#4519,.T.);
#5617=ORIENTED_EDGE('',*,*,#4520,.T.);
#5618=ORIENTED_EDGE('',*,*,#4521,.T.);
#5619=ORIENTED_EDGE('',*,*,#4522,.T.);
#5620=ORIENTED_EDGE('',*,*,#4523,.T.);
#5621=ORIENTED_EDGE('',*,*,#4524,.T.);
#5622=ORIENTED_EDGE('',*,*,#4525,.T.);
#5623=ORIENTED_EDGE('',*,*,#4526,.T.);
#5624=ORIENTED_EDGE('',*,*,#4527,.T.);
#5625=ORIENTED_EDGE('',*,*,#4528,.T.);
#5626=ORIENTED_EDGE('',*,*,#4529,.T.);
#5627=ORIENTED_EDGE('',*,*,#4530,.T.);
#5628=ORIENTED_EDGE('',*,*,#4531,.T.);
#5629=ORIENTED_EDGE('',*,*,#4532,.T.);
#5630=ORIENTED_EDGE('',*,*,#4533,.T.);
#5631=ORIENTED_EDGE('',*,*,#4534,.T.);
#5632=ORIENTED_EDGE('',*,*,#4535,.T.);
#5633=ORIENTED_EDGE('',*,*,#4536,.T.);
#5634=ORIENTED_EDGE('',*,*,#4537,.T.);
#5635=ORIENTED_EDGE('',*,*,#4538,.T.);
#5636=ORIENTED_EDGE('',*,*,#4539,.T.);
#5637=ORIENTED_EDGE('',*,*,#4540,.T.);
#5638=ORIENTED_EDGE('',*,*,#4541,.T.);
#5639=ORIENTED_EDGE('',*,*,#4542,.T.);
#5640=ORIENTED_EDGE('',*,*,#4543,.T.);
#5641=ORIENTED_EDGE('',*,*,#4544,.T.);
#5642=ORIENTED_EDGE('',*,*,#4545,.T.);
#5643=ORIENTED_EDGE('',*,*,#4546,.T.);
#5644=ORIENTED_EDGE('',*,*,#4547,.T.);
#5645=ORIENTED_EDGE('',*,*,#4548,.T.);
#5646=ORIENTED_EDGE('',*,*,#4549,.T.);
#5647=ORIENTED_EDGE('',*,*,#4550,.T.);
#5648=ORIENTED_EDGE('',*,*,#4551,.T.);
#5649=ORIENTED_EDGE('',*,*,#4552,.T.);
#5650=ORIENTED_EDGE('',*,*,#4553,.T.);
#5651=ORIENTED_EDGE('',*,*,#4554,.T.);
#5652=ORIENTED_EDGE('',*,*,#4555,.T.);
#5653=ORIENTED_EDGE('',*,*,#4556,.T.);
#5654=ORIENTED_EDGE('',*,*,#4557,.T.);
#5655=ORIENTED_EDGE('',*,*,#4558,.T.);
#5656=ORIENTED_EDGE('',*,*,#4559,.T.);
#5657=ORIENTED_EDGE('',*,*,#4560,.T.);
#5658=ORIENTED_EDGE('',*,*,#4561,.T.);
#5659=ORIENTED_EDGE('',*,*,#4562,.T.);
#5660=ORIENTED_EDGE('',*,*,#4563,.T.);
#5661=ORIENTED_EDGE('',*,*,#4564,.T.);
#5662=ORIENTED_EDGE('',*,*,#4565,.T.);
#5663=ORIENTED_EDGE('',*,*,#4566,.F.);
#5664=ORIENTED_EDGE('',*,*,#4567,.T.);
#5665=ORIENTED_EDGE('',*,*,#4568,.F.);
#5666=ORIENTED_EDGE('',*,*,#3920,.T.);
#5667=ORIENTED_EDGE('',*,*,#3860,.T.);
#5668=ORIENTED_EDGE('',*,*,#4569,.T.);
#5669=ORIENTED_EDGE('',*,*,#4570,.T.);
#5670=ORIENTED_EDGE('',*,*,#4241,.F.);
#5671=ORIENTED_EDGE('',*,*,#3888,.T.);
#5672=ORIENTED_EDGE('',*,*,#4571,.T.);
#5673=ORIENTED_EDGE('',*,*,#3859,.T.);
#5674=ORIENTED_EDGE('',*,*,#4572,.T.);
#5675=ORIENTED_EDGE('',*,*,#4573,.T.);
#5676=ORIENTED_EDGE('',*,*,#3863,.F.);
#5677=ORIENTED_EDGE('',*,*,#4574,.T.);
#5678=ORIENTED_EDGE('',*,*,#4572,.F.);
#5679=ORIENTED_EDGE('',*,*,#4571,.F.);
#5680=ORIENTED_EDGE('',*,*,#4575,.T.);
#5681=ORIENTED_EDGE('',*,*,#4569,.F.);
#5682=ORIENTED_EDGE('',*,*,#4570,.F.);
#5683=ORIENTED_EDGE('',*,*,#4576,.F.);
#5684=ORIENTED_EDGE('',*,*,#3914,.F.);
#5685=ORIENTED_EDGE('',*,*,#3915,.F.);
#5686=ORIENTED_EDGE('',*,*,#4242,.F.);
#5687=ORIENTED_EDGE('',*,*,#4575,.F.);
#5688=ORIENTED_EDGE('',*,*,#4577,.T.);
#5689=ORIENTED_EDGE('',*,*,#3916,.T.);
#5690=ORIENTED_EDGE('',*,*,#3912,.T.);
#5691=ORIENTED_EDGE('',*,*,#4576,.T.);
#5692=ORIENTED_EDGE('',*,*,#4573,.F.);
#5693=ORIENTED_EDGE('',*,*,#4578,.F.);
#5694=ORIENTED_EDGE('',*,*,#4579,.F.);
#5695=ORIENTED_EDGE('',*,*,#4580,.F.);
#5696=ORIENTED_EDGE('',*,*,#3883,.T.);
#5697=ORIENTED_EDGE('',*,*,#4581,.T.);
#5698=ORIENTED_EDGE('',*,*,#4582,.T.);
#5699=ORIENTED_EDGE('',*,*,#4583,.T.);
#5700=ORIENTED_EDGE('',*,*,#4584,.T.);
#5701=ORIENTED_EDGE('',*,*,#4585,.T.);
#5702=ORIENTED_EDGE('',*,*,#3917,.T.);
#5703=ORIENTED_EDGE('',*,*,#4577,.F.);
#5704=ORIENTED_EDGE('',*,*,#4574,.F.);
#5705=ORIENTED_EDGE('',*,*,#3866,.T.);
#5706=ORIENTED_EDGE('',*,*,#4586,.F.);
#5707=ORIENTED_EDGE('',*,*,#4578,.T.);
#5708=ORIENTED_EDGE('',*,*,#3884,.T.);
#5709=ORIENTED_EDGE('',*,*,#4580,.T.);
#5710=ORIENTED_EDGE('',*,*,#4587,.T.);
#5711=ORIENTED_EDGE('',*,*,#3878,.T.);
#5712=ORIENTED_EDGE('',*,*,#4587,.F.);
#5713=ORIENTED_EDGE('',*,*,#4588,.T.);
#5714=ORIENTED_EDGE('',*,*,#3875,.F.);
#5715=ORIENTED_EDGE('',*,*,#4588,.F.);
#5716=ORIENTED_EDGE('',*,*,#4579,.T.);
#5717=ORIENTED_EDGE('',*,*,#4589,.T.);
#5718=ORIENTED_EDGE('',*,*,#3872,.T.);
#5719=ORIENTED_EDGE('',*,*,#4589,.F.);
#5720=ORIENTED_EDGE('',*,*,#4586,.T.);
#5721=ORIENTED_EDGE('',*,*,#3869,.F.);
#5722=ORIENTED_EDGE('',*,*,#4247,.F.);
#5723=ORIENTED_EDGE('',*,*,#4590,.T.);
#5724=ORIENTED_EDGE('',*,*,#4581,.F.);
#5725=ORIENTED_EDGE('',*,*,#3882,.F.);
#5726=ORIENTED_EDGE('',*,*,#4246,.F.);
#5727=ORIENTED_EDGE('',*,*,#4591,.T.);
#5728=ORIENTED_EDGE('',*,*,#4582,.F.);
#5729=ORIENTED_EDGE('',*,*,#4590,.F.);
#5730=ORIENTED_EDGE('',*,*,#4245,.F.);
#5731=ORIENTED_EDGE('',*,*,#4592,.T.);
#5732=ORIENTED_EDGE('',*,*,#4583,.F.);
#5733=ORIENTED_EDGE('',*,*,#4591,.F.);
#5734=ORIENTED_EDGE('',*,*,#4244,.F.);
#5735=ORIENTED_EDGE('',*,*,#4593,.T.);
#5736=ORIENTED_EDGE('',*,*,#4584,.F.);
#5737=ORIENTED_EDGE('',*,*,#4592,.F.);
#5738=ORIENTED_EDGE('',*,*,#4243,.F.);
#5739=ORIENTED_EDGE('',*,*,#3906,.T.);
#5740=ORIENTED_EDGE('',*,*,#3911,.F.);
#5741=ORIENTED_EDGE('',*,*,#3918,.F.);
#5742=ORIENTED_EDGE('',*,*,#4585,.F.);
#5743=ORIENTED_EDGE('',*,*,#4593,.F.);
#5744=ORIENTED_EDGE('',*,*,#3880,.T.);
#5745=ORIENTED_EDGE('',*,*,#3919,.F.);
#5746=ORIENTED_EDGE('',*,*,#3908,.F.);
#5747=ORIENTED_EDGE('',*,*,#4248,.T.);
#5748=ORIENTED_EDGE('',*,*,#4594,.F.);
#5749=ORIENTED_EDGE('',*,*,#3926,.F.);
#5750=ORIENTED_EDGE('',*,*,#4595,.F.);
#5751=ORIENTED_EDGE('',*,*,#4251,.F.);
#5752=ORIENTED_EDGE('',*,*,#4596,.F.);
#5753=ORIENTED_EDGE('',*,*,#4257,.T.);
#5754=ORIENTED_EDGE('',*,*,#4597,.F.);
#5755=ORIENTED_EDGE('',*,*,#3925,.F.);
#5756=ORIENTED_EDGE('',*,*,#4598,.F.);
#5757=ORIENTED_EDGE('',*,*,#4256,.F.);
#5758=ORIENTED_EDGE('',*,*,#4599,.F.);
#5759=ORIENTED_EDGE('',*,*,#3932,.F.);
#5760=ORIENTED_EDGE('',*,*,#4600,.F.);
#5761=ORIENTED_EDGE('',*,*,#3931,.F.);
#5762=ORIENTED_EDGE('',*,*,#4601,.F.);
#5763=ORIENTED_EDGE('',*,*,#4566,.T.);
#5764=ORIENTED_EDGE('',*,*,#4595,.T.);
#5765=ORIENTED_EDGE('',*,*,#3928,.F.);
#5766=ORIENTED_EDGE('',*,*,#4602,.T.);
#5767=ORIENTED_EDGE('',*,*,#4249,.F.);
#5768=ORIENTED_EDGE('',*,*,#4597,.T.);
#5769=ORIENTED_EDGE('',*,*,#4261,.F.);
#5770=ORIENTED_EDGE('',*,*,#4603,.T.);
#5771=ORIENTED_EDGE('',*,*,#3921,.F.);
#5772=ORIENTED_EDGE('',*,*,#4601,.T.);
#5773=ORIENTED_EDGE('',*,*,#3930,.F.);
#5774=ORIENTED_EDGE('',*,*,#4604,.T.);
#5775=ORIENTED_EDGE('',*,*,#4567,.F.);
#5776=ORIENTED_EDGE('',*,*,#4599,.T.);
#5777=ORIENTED_EDGE('',*,*,#4255,.F.);
#5778=ORIENTED_EDGE('',*,*,#4605,.T.);
#5779=ORIENTED_EDGE('',*,*,#3933,.F.);
#5780=ORIENTED_EDGE('',*,*,#4600,.T.);
#5781=ORIENTED_EDGE('',*,*,#4568,.T.);
#5782=ORIENTED_EDGE('',*,*,#4604,.F.);
#5783=ORIENTED_EDGE('',*,*,#3929,.F.);
#5784=ORIENTED_EDGE('',*,*,#4596,.T.);
#5785=ORIENTED_EDGE('',*,*,#3924,.F.);
#5786=ORIENTED_EDGE('',*,*,#4606,.F.);
#5787=ORIENTED_EDGE('',*,*,#4258,.F.);
#5788=ORIENTED_EDGE('',*,*,#4598,.T.);
#5789=ORIENTED_EDGE('',*,*,#3936,.F.);
#5790=ORIENTED_EDGE('',*,*,#4607,.F.);
#5791=ORIENTED_EDGE('',*,*,#4252,.T.);
#5792=ORIENTED_EDGE('',*,*,#4594,.T.);
#5793=ORIENTED_EDGE('',*,*,#4250,.F.);
#5794=ORIENTED_EDGE('',*,*,#4602,.F.);
#5795=ORIENTED_EDGE('',*,*,#3927,.F.);
#5796=ORIENTED_EDGE('',*,*,#4606,.T.);
#5797=ORIENTED_EDGE('',*,*,#3923,.F.);
#5798=ORIENTED_EDGE('',*,*,#4608,.F.);
#5799=ORIENTED_EDGE('',*,*,#4259,.F.);
#5800=ORIENTED_EDGE('',*,*,#4607,.T.);
#5801=ORIENTED_EDGE('',*,*,#3935,.F.);
#5802=ORIENTED_EDGE('',*,*,#4609,.F.);
#5803=ORIENTED_EDGE('',*,*,#4253,.F.);
#5804=ORIENTED_EDGE('',*,*,#4254,.F.);
#5805=ORIENTED_EDGE('',*,*,#4609,.T.);
#5806=ORIENTED_EDGE('',*,*,#3934,.F.);
#5807=ORIENTED_EDGE('',*,*,#4605,.F.);
#5808=ORIENTED_EDGE('',*,*,#4260,.F.);
#5809=ORIENTED_EDGE('',*,*,#4608,.T.);
#5810=ORIENTED_EDGE('',*,*,#3922,.F.);
#5811=ORIENTED_EDGE('',*,*,#4603,.F.);
#5812=ORIENTED_EDGE('',*,*,#4563,.F.);
#5813=ORIENTED_EDGE('',*,*,#4610,.T.);
#5814=ORIENTED_EDGE('',*,*,#4240,.F.);
#5815=ORIENTED_EDGE('',*,*,#4611,.F.);
#5816=ORIENTED_EDGE('',*,*,#4564,.F.);
#5817=ORIENTED_EDGE('',*,*,#4611,.T.);
#5818=ORIENTED_EDGE('',*,*,#4239,.F.);
#5819=ORIENTED_EDGE('',*,*,#4612,.F.);
#5820=ORIENTED_EDGE('',*,*,#4565,.F.);
#5821=ORIENTED_EDGE('',*,*,#4612,.T.);
#5822=ORIENTED_EDGE('',*,*,#4238,.F.);
#5823=ORIENTED_EDGE('',*,*,#4613,.F.);
#5824=ORIENTED_EDGE('',*,*,#4562,.F.);
#5825=ORIENTED_EDGE('',*,*,#4613,.T.);
#5826=ORIENTED_EDGE('',*,*,#4237,.F.);
#5827=ORIENTED_EDGE('',*,*,#4610,.F.);
#5828=ORIENTED_EDGE('',*,*,#4559,.F.);
#5829=ORIENTED_EDGE('',*,*,#4614,.T.);
#5830=ORIENTED_EDGE('',*,*,#4236,.F.);
#5831=ORIENTED_EDGE('',*,*,#4615,.F.);
#5832=ORIENTED_EDGE('',*,*,#4560,.F.);
#5833=ORIENTED_EDGE('',*,*,#4615,.T.);
#5834=ORIENTED_EDGE('',*,*,#4235,.F.);
#5835=ORIENTED_EDGE('',*,*,#4616,.F.);
#5836=ORIENTED_EDGE('',*,*,#4561,.F.);
#5837=ORIENTED_EDGE('',*,*,#4616,.T.);
#5838=ORIENTED_EDGE('',*,*,#4234,.F.);
#5839=ORIENTED_EDGE('',*,*,#4617,.F.);
#5840=ORIENTED_EDGE('',*,*,#4558,.F.);
#5841=ORIENTED_EDGE('',*,*,#4617,.T.);
#5842=ORIENTED_EDGE('',*,*,#4233,.F.);
#5843=ORIENTED_EDGE('',*,*,#4614,.F.);
#5844=ORIENTED_EDGE('',*,*,#4555,.F.);
#5845=ORIENTED_EDGE('',*,*,#4618,.T.);
#5846=ORIENTED_EDGE('',*,*,#4232,.F.);
#5847=ORIENTED_EDGE('',*,*,#4619,.F.);
#5848=ORIENTED_EDGE('',*,*,#4556,.F.);
#5849=ORIENTED_EDGE('',*,*,#4619,.T.);
#5850=ORIENTED_EDGE('',*,*,#4231,.F.);
#5851=ORIENTED_EDGE('',*,*,#4620,.F.);
#5852=ORIENTED_EDGE('',*,*,#4557,.F.);
#5853=ORIENTED_EDGE('',*,*,#4620,.T.);
#5854=ORIENTED_EDGE('',*,*,#4230,.F.);
#5855=ORIENTED_EDGE('',*,*,#4621,.F.);
#5856=ORIENTED_EDGE('',*,*,#4554,.F.);
#5857=ORIENTED_EDGE('',*,*,#4621,.T.);
#5858=ORIENTED_EDGE('',*,*,#4229,.F.);
#5859=ORIENTED_EDGE('',*,*,#4618,.F.);
#5860=ORIENTED_EDGE('',*,*,#4551,.F.);
#5861=ORIENTED_EDGE('',*,*,#4622,.T.);
#5862=ORIENTED_EDGE('',*,*,#4228,.F.);
#5863=ORIENTED_EDGE('',*,*,#4623,.F.);
#5864=ORIENTED_EDGE('',*,*,#4552,.F.);
#5865=ORIENTED_EDGE('',*,*,#4623,.T.);
#5866=ORIENTED_EDGE('',*,*,#4227,.F.);
#5867=ORIENTED_EDGE('',*,*,#4624,.F.);
#5868=ORIENTED_EDGE('',*,*,#4553,.F.);
#5869=ORIENTED_EDGE('',*,*,#4624,.T.);
#5870=ORIENTED_EDGE('',*,*,#4226,.F.);
#5871=ORIENTED_EDGE('',*,*,#4625,.F.);
#5872=ORIENTED_EDGE('',*,*,#4550,.F.);
#5873=ORIENTED_EDGE('',*,*,#4625,.T.);
#5874=ORIENTED_EDGE('',*,*,#4225,.F.);
#5875=ORIENTED_EDGE('',*,*,#4622,.F.);
#5876=ORIENTED_EDGE('',*,*,#4547,.F.);
#5877=ORIENTED_EDGE('',*,*,#4626,.T.);
#5878=ORIENTED_EDGE('',*,*,#4224,.F.);
#5879=ORIENTED_EDGE('',*,*,#4627,.F.);
#5880=ORIENTED_EDGE('',*,*,#4548,.F.);
#5881=ORIENTED_EDGE('',*,*,#4627,.T.);
#5882=ORIENTED_EDGE('',*,*,#4223,.F.);
#5883=ORIENTED_EDGE('',*,*,#4628,.F.);
#5884=ORIENTED_EDGE('',*,*,#4549,.F.);
#5885=ORIENTED_EDGE('',*,*,#4628,.T.);
#5886=ORIENTED_EDGE('',*,*,#4222,.F.);
#5887=ORIENTED_EDGE('',*,*,#4629,.F.);
#5888=ORIENTED_EDGE('',*,*,#4546,.F.);
#5889=ORIENTED_EDGE('',*,*,#4629,.T.);
#5890=ORIENTED_EDGE('',*,*,#4221,.F.);
#5891=ORIENTED_EDGE('',*,*,#4626,.F.);
#5892=ORIENTED_EDGE('',*,*,#4543,.F.);
#5893=ORIENTED_EDGE('',*,*,#4630,.T.);
#5894=ORIENTED_EDGE('',*,*,#4220,.F.);
#5895=ORIENTED_EDGE('',*,*,#4631,.F.);
#5896=ORIENTED_EDGE('',*,*,#4544,.F.);
#5897=ORIENTED_EDGE('',*,*,#4631,.T.);
#5898=ORIENTED_EDGE('',*,*,#4219,.F.);
#5899=ORIENTED_EDGE('',*,*,#4632,.F.);
#5900=ORIENTED_EDGE('',*,*,#4545,.F.);
#5901=ORIENTED_EDGE('',*,*,#4632,.T.);
#5902=ORIENTED_EDGE('',*,*,#4218,.F.);
#5903=ORIENTED_EDGE('',*,*,#4633,.F.);
#5904=ORIENTED_EDGE('',*,*,#4542,.F.);
#5905=ORIENTED_EDGE('',*,*,#4633,.T.);
#5906=ORIENTED_EDGE('',*,*,#4217,.F.);
#5907=ORIENTED_EDGE('',*,*,#4630,.F.);
#5908=ORIENTED_EDGE('',*,*,#4539,.F.);
#5909=ORIENTED_EDGE('',*,*,#4634,.T.);
#5910=ORIENTED_EDGE('',*,*,#4216,.F.);
#5911=ORIENTED_EDGE('',*,*,#4635,.F.);
#5912=ORIENTED_EDGE('',*,*,#4540,.F.);
#5913=ORIENTED_EDGE('',*,*,#4635,.T.);
#5914=ORIENTED_EDGE('',*,*,#4215,.F.);
#5915=ORIENTED_EDGE('',*,*,#4636,.F.);
#5916=ORIENTED_EDGE('',*,*,#4541,.F.);
#5917=ORIENTED_EDGE('',*,*,#4636,.T.);
#5918=ORIENTED_EDGE('',*,*,#4214,.F.);
#5919=ORIENTED_EDGE('',*,*,#4637,.F.);
#5920=ORIENTED_EDGE('',*,*,#4538,.F.);
#5921=ORIENTED_EDGE('',*,*,#4637,.T.);
#5922=ORIENTED_EDGE('',*,*,#4213,.F.);
#5923=ORIENTED_EDGE('',*,*,#4634,.F.);
#5924=ORIENTED_EDGE('',*,*,#4535,.F.);
#5925=ORIENTED_EDGE('',*,*,#4638,.T.);
#5926=ORIENTED_EDGE('',*,*,#4212,.F.);
#5927=ORIENTED_EDGE('',*,*,#4639,.F.);
#5928=ORIENTED_EDGE('',*,*,#4536,.F.);
#5929=ORIENTED_EDGE('',*,*,#4639,.T.);
#5930=ORIENTED_EDGE('',*,*,#4211,.F.);
#5931=ORIENTED_EDGE('',*,*,#4640,.F.);
#5932=ORIENTED_EDGE('',*,*,#4537,.F.);
#5933=ORIENTED_EDGE('',*,*,#4640,.T.);
#5934=ORIENTED_EDGE('',*,*,#4210,.F.);
#5935=ORIENTED_EDGE('',*,*,#4641,.F.);
#5936=ORIENTED_EDGE('',*,*,#4534,.F.);
#5937=ORIENTED_EDGE('',*,*,#4641,.T.);
#5938=ORIENTED_EDGE('',*,*,#4209,.F.);
#5939=ORIENTED_EDGE('',*,*,#4638,.F.);
#5940=ORIENTED_EDGE('',*,*,#4531,.F.);
#5941=ORIENTED_EDGE('',*,*,#4642,.T.);
#5942=ORIENTED_EDGE('',*,*,#4208,.F.);
#5943=ORIENTED_EDGE('',*,*,#4643,.F.);
#5944=ORIENTED_EDGE('',*,*,#4532,.F.);
#5945=ORIENTED_EDGE('',*,*,#4643,.T.);
#5946=ORIENTED_EDGE('',*,*,#4207,.F.);
#5947=ORIENTED_EDGE('',*,*,#4644,.F.);
#5948=ORIENTED_EDGE('',*,*,#4533,.F.);
#5949=ORIENTED_EDGE('',*,*,#4644,.T.);
#5950=ORIENTED_EDGE('',*,*,#4206,.F.);
#5951=ORIENTED_EDGE('',*,*,#4645,.F.);
#5952=ORIENTED_EDGE('',*,*,#4530,.F.);
#5953=ORIENTED_EDGE('',*,*,#4645,.T.);
#5954=ORIENTED_EDGE('',*,*,#4205,.F.);
#5955=ORIENTED_EDGE('',*,*,#4642,.F.);
#5956=ORIENTED_EDGE('',*,*,#4527,.F.);
#5957=ORIENTED_EDGE('',*,*,#4646,.T.);
#5958=ORIENTED_EDGE('',*,*,#4204,.F.);
#5959=ORIENTED_EDGE('',*,*,#4647,.F.);
#5960=ORIENTED_EDGE('',*,*,#4528,.F.);
#5961=ORIENTED_EDGE('',*,*,#4647,.T.);
#5962=ORIENTED_EDGE('',*,*,#4203,.F.);
#5963=ORIENTED_EDGE('',*,*,#4648,.F.);
#5964=ORIENTED_EDGE('',*,*,#4529,.F.);
#5965=ORIENTED_EDGE('',*,*,#4648,.T.);
#5966=ORIENTED_EDGE('',*,*,#4202,.F.);
#5967=ORIENTED_EDGE('',*,*,#4649,.F.);
#5968=ORIENTED_EDGE('',*,*,#4526,.F.);
#5969=ORIENTED_EDGE('',*,*,#4649,.T.);
#5970=ORIENTED_EDGE('',*,*,#4201,.F.);
#5971=ORIENTED_EDGE('',*,*,#4646,.F.);
#5972=ORIENTED_EDGE('',*,*,#4523,.F.);
#5973=ORIENTED_EDGE('',*,*,#4650,.T.);
#5974=ORIENTED_EDGE('',*,*,#4200,.F.);
#5975=ORIENTED_EDGE('',*,*,#4651,.F.);
#5976=ORIENTED_EDGE('',*,*,#4524,.F.);
#5977=ORIENTED_EDGE('',*,*,#4651,.T.);
#5978=ORIENTED_EDGE('',*,*,#4199,.F.);
#5979=ORIENTED_EDGE('',*,*,#4652,.F.);
#5980=ORIENTED_EDGE('',*,*,#4525,.F.);
#5981=ORIENTED_EDGE('',*,*,#4652,.T.);
#5982=ORIENTED_EDGE('',*,*,#4198,.F.);
#5983=ORIENTED_EDGE('',*,*,#4653,.F.);
#5984=ORIENTED_EDGE('',*,*,#4522,.F.);
#5985=ORIENTED_EDGE('',*,*,#4653,.T.);
#5986=ORIENTED_EDGE('',*,*,#4197,.F.);
#5987=ORIENTED_EDGE('',*,*,#4650,.F.);
#5988=ORIENTED_EDGE('',*,*,#4519,.F.);
#5989=ORIENTED_EDGE('',*,*,#4654,.T.);
#5990=ORIENTED_EDGE('',*,*,#4196,.F.);
#5991=ORIENTED_EDGE('',*,*,#4655,.F.);
#5992=ORIENTED_EDGE('',*,*,#4520,.F.);
#5993=ORIENTED_EDGE('',*,*,#4655,.T.);
#5994=ORIENTED_EDGE('',*,*,#4195,.F.);
#5995=ORIENTED_EDGE('',*,*,#4656,.F.);
#5996=ORIENTED_EDGE('',*,*,#4521,.F.);
#5997=ORIENTED_EDGE('',*,*,#4656,.T.);
#5998=ORIENTED_EDGE('',*,*,#4194,.F.);
#5999=ORIENTED_EDGE('',*,*,#4657,.F.);
#6000=ORIENTED_EDGE('',*,*,#4518,.F.);
#6001=ORIENTED_EDGE('',*,*,#4657,.T.);
#6002=ORIENTED_EDGE('',*,*,#4193,.F.);
#6003=ORIENTED_EDGE('',*,*,#4654,.F.);
#6004=ORIENTED_EDGE('',*,*,#4515,.F.);
#6005=ORIENTED_EDGE('',*,*,#4658,.T.);
#6006=ORIENTED_EDGE('',*,*,#4192,.F.);
#6007=ORIENTED_EDGE('',*,*,#4659,.F.);
#6008=ORIENTED_EDGE('',*,*,#4516,.F.);
#6009=ORIENTED_EDGE('',*,*,#4659,.T.);
#6010=ORIENTED_EDGE('',*,*,#4191,.F.);
#6011=ORIENTED_EDGE('',*,*,#4660,.F.);
#6012=ORIENTED_EDGE('',*,*,#4517,.F.);
#6013=ORIENTED_EDGE('',*,*,#4660,.T.);
#6014=ORIENTED_EDGE('',*,*,#4190,.F.);
#6015=ORIENTED_EDGE('',*,*,#4661,.F.);
#6016=ORIENTED_EDGE('',*,*,#4514,.F.);
#6017=ORIENTED_EDGE('',*,*,#4661,.T.);
#6018=ORIENTED_EDGE('',*,*,#4189,.F.);
#6019=ORIENTED_EDGE('',*,*,#4658,.F.);
#6020=ORIENTED_EDGE('',*,*,#4511,.F.);
#6021=ORIENTED_EDGE('',*,*,#4662,.T.);
#6022=ORIENTED_EDGE('',*,*,#4188,.F.);
#6023=ORIENTED_EDGE('',*,*,#4663,.F.);
#6024=ORIENTED_EDGE('',*,*,#4512,.F.);
#6025=ORIENTED_EDGE('',*,*,#4663,.T.);
#6026=ORIENTED_EDGE('',*,*,#4187,.F.);
#6027=ORIENTED_EDGE('',*,*,#4664,.F.);
#6028=ORIENTED_EDGE('',*,*,#4513,.F.);
#6029=ORIENTED_EDGE('',*,*,#4664,.T.);
#6030=ORIENTED_EDGE('',*,*,#4186,.F.);
#6031=ORIENTED_EDGE('',*,*,#4665,.F.);
#6032=ORIENTED_EDGE('',*,*,#4510,.F.);
#6033=ORIENTED_EDGE('',*,*,#4665,.T.);
#6034=ORIENTED_EDGE('',*,*,#4185,.F.);
#6035=ORIENTED_EDGE('',*,*,#4662,.F.);
#6036=ORIENTED_EDGE('',*,*,#4507,.F.);
#6037=ORIENTED_EDGE('',*,*,#4666,.T.);
#6038=ORIENTED_EDGE('',*,*,#4184,.F.);
#6039=ORIENTED_EDGE('',*,*,#4667,.F.);
#6040=ORIENTED_EDGE('',*,*,#4508,.F.);
#6041=ORIENTED_EDGE('',*,*,#4667,.T.);
#6042=ORIENTED_EDGE('',*,*,#4183,.F.);
#6043=ORIENTED_EDGE('',*,*,#4668,.F.);
#6044=ORIENTED_EDGE('',*,*,#4509,.F.);
#6045=ORIENTED_EDGE('',*,*,#4668,.T.);
#6046=ORIENTED_EDGE('',*,*,#4182,.F.);
#6047=ORIENTED_EDGE('',*,*,#4669,.F.);
#6048=ORIENTED_EDGE('',*,*,#4506,.F.);
#6049=ORIENTED_EDGE('',*,*,#4669,.T.);
#6050=ORIENTED_EDGE('',*,*,#4181,.F.);
#6051=ORIENTED_EDGE('',*,*,#4666,.F.);
#6052=ORIENTED_EDGE('',*,*,#4503,.F.);
#6053=ORIENTED_EDGE('',*,*,#4670,.T.);
#6054=ORIENTED_EDGE('',*,*,#4180,.F.);
#6055=ORIENTED_EDGE('',*,*,#4671,.F.);
#6056=ORIENTED_EDGE('',*,*,#4504,.F.);
#6057=ORIENTED_EDGE('',*,*,#4671,.T.);
#6058=ORIENTED_EDGE('',*,*,#4179,.F.);
#6059=ORIENTED_EDGE('',*,*,#4672,.F.);
#6060=ORIENTED_EDGE('',*,*,#4505,.F.);
#6061=ORIENTED_EDGE('',*,*,#4672,.T.);
#6062=ORIENTED_EDGE('',*,*,#4178,.F.);
#6063=ORIENTED_EDGE('',*,*,#4673,.F.);
#6064=ORIENTED_EDGE('',*,*,#4502,.F.);
#6065=ORIENTED_EDGE('',*,*,#4673,.T.);
#6066=ORIENTED_EDGE('',*,*,#4177,.F.);
#6067=ORIENTED_EDGE('',*,*,#4670,.F.);
#6068=ORIENTED_EDGE('',*,*,#4499,.F.);
#6069=ORIENTED_EDGE('',*,*,#4674,.T.);
#6070=ORIENTED_EDGE('',*,*,#4176,.F.);
#6071=ORIENTED_EDGE('',*,*,#4675,.F.);
#6072=ORIENTED_EDGE('',*,*,#4500,.F.);
#6073=ORIENTED_EDGE('',*,*,#4675,.T.);
#6074=ORIENTED_EDGE('',*,*,#4175,.F.);
#6075=ORIENTED_EDGE('',*,*,#4676,.F.);
#6076=ORIENTED_EDGE('',*,*,#4501,.F.);
#6077=ORIENTED_EDGE('',*,*,#4676,.T.);
#6078=ORIENTED_EDGE('',*,*,#4174,.F.);
#6079=ORIENTED_EDGE('',*,*,#4677,.F.);
#6080=ORIENTED_EDGE('',*,*,#4498,.F.);
#6081=ORIENTED_EDGE('',*,*,#4677,.T.);
#6082=ORIENTED_EDGE('',*,*,#4173,.F.);
#6083=ORIENTED_EDGE('',*,*,#4674,.F.);
#6084=ORIENTED_EDGE('',*,*,#4495,.F.);
#6085=ORIENTED_EDGE('',*,*,#4678,.T.);
#6086=ORIENTED_EDGE('',*,*,#4172,.F.);
#6087=ORIENTED_EDGE('',*,*,#4679,.F.);
#6088=ORIENTED_EDGE('',*,*,#4496,.F.);
#6089=ORIENTED_EDGE('',*,*,#4679,.T.);
#6090=ORIENTED_EDGE('',*,*,#4171,.F.);
#6091=ORIENTED_EDGE('',*,*,#4680,.F.);
#6092=ORIENTED_EDGE('',*,*,#4497,.F.);
#6093=ORIENTED_EDGE('',*,*,#4680,.T.);
#6094=ORIENTED_EDGE('',*,*,#4170,.F.);
#6095=ORIENTED_EDGE('',*,*,#4681,.F.);
#6096=ORIENTED_EDGE('',*,*,#4494,.F.);
#6097=ORIENTED_EDGE('',*,*,#4681,.T.);
#6098=ORIENTED_EDGE('',*,*,#4169,.F.);
#6099=ORIENTED_EDGE('',*,*,#4678,.F.);
#6100=ORIENTED_EDGE('',*,*,#4491,.F.);
#6101=ORIENTED_EDGE('',*,*,#4682,.T.);
#6102=ORIENTED_EDGE('',*,*,#4168,.F.);
#6103=ORIENTED_EDGE('',*,*,#4683,.F.);
#6104=ORIENTED_EDGE('',*,*,#4492,.F.);
#6105=ORIENTED_EDGE('',*,*,#4683,.T.);
#6106=ORIENTED_EDGE('',*,*,#4167,.F.);
#6107=ORIENTED_EDGE('',*,*,#4684,.F.);
#6108=ORIENTED_EDGE('',*,*,#4493,.F.);
#6109=ORIENTED_EDGE('',*,*,#4684,.T.);
#6110=ORIENTED_EDGE('',*,*,#4166,.F.);
#6111=ORIENTED_EDGE('',*,*,#4685,.F.);
#6112=ORIENTED_EDGE('',*,*,#4490,.F.);
#6113=ORIENTED_EDGE('',*,*,#4685,.T.);
#6114=ORIENTED_EDGE('',*,*,#4165,.F.);
#6115=ORIENTED_EDGE('',*,*,#4682,.F.);
#6116=ORIENTED_EDGE('',*,*,#4487,.F.);
#6117=ORIENTED_EDGE('',*,*,#4686,.T.);
#6118=ORIENTED_EDGE('',*,*,#4164,.F.);
#6119=ORIENTED_EDGE('',*,*,#4687,.F.);
#6120=ORIENTED_EDGE('',*,*,#4488,.F.);
#6121=ORIENTED_EDGE('',*,*,#4687,.T.);
#6122=ORIENTED_EDGE('',*,*,#4163,.F.);
#6123=ORIENTED_EDGE('',*,*,#4688,.F.);
#6124=ORIENTED_EDGE('',*,*,#4489,.F.);
#6125=ORIENTED_EDGE('',*,*,#4688,.T.);
#6126=ORIENTED_EDGE('',*,*,#4162,.F.);
#6127=ORIENTED_EDGE('',*,*,#4689,.F.);
#6128=ORIENTED_EDGE('',*,*,#4486,.F.);
#6129=ORIENTED_EDGE('',*,*,#4689,.T.);
#6130=ORIENTED_EDGE('',*,*,#4161,.F.);
#6131=ORIENTED_EDGE('',*,*,#4686,.F.);
#6132=ORIENTED_EDGE('',*,*,#4483,.F.);
#6133=ORIENTED_EDGE('',*,*,#4690,.T.);
#6134=ORIENTED_EDGE('',*,*,#4160,.F.);
#6135=ORIENTED_EDGE('',*,*,#4691,.F.);
#6136=ORIENTED_EDGE('',*,*,#4484,.F.);
#6137=ORIENTED_EDGE('',*,*,#4691,.T.);
#6138=ORIENTED_EDGE('',*,*,#4159,.F.);
#6139=ORIENTED_EDGE('',*,*,#4692,.F.);
#6140=ORIENTED_EDGE('',*,*,#4485,.F.);
#6141=ORIENTED_EDGE('',*,*,#4692,.T.);
#6142=ORIENTED_EDGE('',*,*,#4158,.F.);
#6143=ORIENTED_EDGE('',*,*,#4693,.F.);
#6144=ORIENTED_EDGE('',*,*,#4482,.F.);
#6145=ORIENTED_EDGE('',*,*,#4693,.T.);
#6146=ORIENTED_EDGE('',*,*,#4157,.F.);
#6147=ORIENTED_EDGE('',*,*,#4690,.F.);
#6148=ORIENTED_EDGE('',*,*,#4479,.F.);
#6149=ORIENTED_EDGE('',*,*,#4694,.T.);
#6150=ORIENTED_EDGE('',*,*,#4156,.F.);
#6151=ORIENTED_EDGE('',*,*,#4695,.F.);
#6152=ORIENTED_EDGE('',*,*,#4480,.F.);
#6153=ORIENTED_EDGE('',*,*,#4695,.T.);
#6154=ORIENTED_EDGE('',*,*,#4155,.F.);
#6155=ORIENTED_EDGE('',*,*,#4696,.F.);
#6156=ORIENTED_EDGE('',*,*,#4481,.F.);
#6157=ORIENTED_EDGE('',*,*,#4696,.T.);
#6158=ORIENTED_EDGE('',*,*,#4154,.F.);
#6159=ORIENTED_EDGE('',*,*,#4697,.F.);
#6160=ORIENTED_EDGE('',*,*,#4478,.F.);
#6161=ORIENTED_EDGE('',*,*,#4697,.T.);
#6162=ORIENTED_EDGE('',*,*,#4153,.F.);
#6163=ORIENTED_EDGE('',*,*,#4694,.F.);
#6164=ORIENTED_EDGE('',*,*,#4475,.F.);
#6165=ORIENTED_EDGE('',*,*,#4698,.T.);
#6166=ORIENTED_EDGE('',*,*,#4152,.F.);
#6167=ORIENTED_EDGE('',*,*,#4699,.F.);
#6168=ORIENTED_EDGE('',*,*,#4476,.F.);
#6169=ORIENTED_EDGE('',*,*,#4699,.T.);
#6170=ORIENTED_EDGE('',*,*,#4151,.F.);
#6171=ORIENTED_EDGE('',*,*,#4700,.F.);
#6172=ORIENTED_EDGE('',*,*,#4477,.F.);
#6173=ORIENTED_EDGE('',*,*,#4700,.T.);
#6174=ORIENTED_EDGE('',*,*,#4150,.F.);
#6175=ORIENTED_EDGE('',*,*,#4701,.F.);
#6176=ORIENTED_EDGE('',*,*,#4474,.F.);
#6177=ORIENTED_EDGE('',*,*,#4701,.T.);
#6178=ORIENTED_EDGE('',*,*,#4149,.F.);
#6179=ORIENTED_EDGE('',*,*,#4698,.F.);
#6180=ORIENTED_EDGE('',*,*,#4471,.F.);
#6181=ORIENTED_EDGE('',*,*,#4702,.T.);
#6182=ORIENTED_EDGE('',*,*,#4148,.F.);
#6183=ORIENTED_EDGE('',*,*,#4703,.F.);
#6184=ORIENTED_EDGE('',*,*,#4472,.F.);
#6185=ORIENTED_EDGE('',*,*,#4703,.T.);
#6186=ORIENTED_EDGE('',*,*,#4147,.F.);
#6187=ORIENTED_EDGE('',*,*,#4704,.F.);
#6188=ORIENTED_EDGE('',*,*,#4473,.F.);
#6189=ORIENTED_EDGE('',*,*,#4704,.T.);
#6190=ORIENTED_EDGE('',*,*,#4146,.F.);
#6191=ORIENTED_EDGE('',*,*,#4705,.F.);
#6192=ORIENTED_EDGE('',*,*,#4470,.F.);
#6193=ORIENTED_EDGE('',*,*,#4705,.T.);
#6194=ORIENTED_EDGE('',*,*,#4145,.F.);
#6195=ORIENTED_EDGE('',*,*,#4702,.F.);
#6196=ORIENTED_EDGE('',*,*,#4467,.F.);
#6197=ORIENTED_EDGE('',*,*,#4706,.T.);
#6198=ORIENTED_EDGE('',*,*,#4144,.F.);
#6199=ORIENTED_EDGE('',*,*,#4707,.F.);
#6200=ORIENTED_EDGE('',*,*,#4468,.F.);
#6201=ORIENTED_EDGE('',*,*,#4707,.T.);
#6202=ORIENTED_EDGE('',*,*,#4143,.F.);
#6203=ORIENTED_EDGE('',*,*,#4708,.F.);
#6204=ORIENTED_EDGE('',*,*,#4469,.F.);
#6205=ORIENTED_EDGE('',*,*,#4708,.T.);
#6206=ORIENTED_EDGE('',*,*,#4142,.F.);
#6207=ORIENTED_EDGE('',*,*,#4709,.F.);
#6208=ORIENTED_EDGE('',*,*,#4466,.F.);
#6209=ORIENTED_EDGE('',*,*,#4709,.T.);
#6210=ORIENTED_EDGE('',*,*,#4141,.F.);
#6211=ORIENTED_EDGE('',*,*,#4706,.F.);
#6212=ORIENTED_EDGE('',*,*,#4463,.F.);
#6213=ORIENTED_EDGE('',*,*,#4710,.T.);
#6214=ORIENTED_EDGE('',*,*,#4140,.F.);
#6215=ORIENTED_EDGE('',*,*,#4711,.F.);
#6216=ORIENTED_EDGE('',*,*,#4464,.F.);
#6217=ORIENTED_EDGE('',*,*,#4711,.T.);
#6218=ORIENTED_EDGE('',*,*,#4139,.F.);
#6219=ORIENTED_EDGE('',*,*,#4712,.F.);
#6220=ORIENTED_EDGE('',*,*,#4465,.F.);
#6221=ORIENTED_EDGE('',*,*,#4712,.T.);
#6222=ORIENTED_EDGE('',*,*,#4138,.F.);
#6223=ORIENTED_EDGE('',*,*,#4713,.F.);
#6224=ORIENTED_EDGE('',*,*,#4462,.F.);
#6225=ORIENTED_EDGE('',*,*,#4713,.T.);
#6226=ORIENTED_EDGE('',*,*,#4137,.F.);
#6227=ORIENTED_EDGE('',*,*,#4710,.F.);
#6228=ORIENTED_EDGE('',*,*,#4459,.F.);
#6229=ORIENTED_EDGE('',*,*,#4714,.T.);
#6230=ORIENTED_EDGE('',*,*,#4136,.F.);
#6231=ORIENTED_EDGE('',*,*,#4715,.F.);
#6232=ORIENTED_EDGE('',*,*,#4460,.F.);
#6233=ORIENTED_EDGE('',*,*,#4715,.T.);
#6234=ORIENTED_EDGE('',*,*,#4135,.F.);
#6235=ORIENTED_EDGE('',*,*,#4716,.F.);
#6236=ORIENTED_EDGE('',*,*,#4461,.F.);
#6237=ORIENTED_EDGE('',*,*,#4716,.T.);
#6238=ORIENTED_EDGE('',*,*,#4134,.F.);
#6239=ORIENTED_EDGE('',*,*,#4717,.F.);
#6240=ORIENTED_EDGE('',*,*,#4458,.F.);
#6241=ORIENTED_EDGE('',*,*,#4717,.T.);
#6242=ORIENTED_EDGE('',*,*,#4133,.F.);
#6243=ORIENTED_EDGE('',*,*,#4714,.F.);
#6244=ORIENTED_EDGE('',*,*,#4455,.F.);
#6245=ORIENTED_EDGE('',*,*,#4718,.T.);
#6246=ORIENTED_EDGE('',*,*,#4132,.F.);
#6247=ORIENTED_EDGE('',*,*,#4719,.F.);
#6248=ORIENTED_EDGE('',*,*,#4456,.F.);
#6249=ORIENTED_EDGE('',*,*,#4719,.T.);
#6250=ORIENTED_EDGE('',*,*,#4131,.F.);
#6251=ORIENTED_EDGE('',*,*,#4720,.F.);
#6252=ORIENTED_EDGE('',*,*,#4457,.F.);
#6253=ORIENTED_EDGE('',*,*,#4720,.T.);
#6254=ORIENTED_EDGE('',*,*,#4130,.F.);
#6255=ORIENTED_EDGE('',*,*,#4721,.F.);
#6256=ORIENTED_EDGE('',*,*,#4454,.F.);
#6257=ORIENTED_EDGE('',*,*,#4721,.T.);
#6258=ORIENTED_EDGE('',*,*,#4129,.F.);
#6259=ORIENTED_EDGE('',*,*,#4718,.F.);
#6260=ORIENTED_EDGE('',*,*,#4451,.F.);
#6261=ORIENTED_EDGE('',*,*,#4722,.T.);
#6262=ORIENTED_EDGE('',*,*,#4128,.F.);
#6263=ORIENTED_EDGE('',*,*,#4723,.F.);
#6264=ORIENTED_EDGE('',*,*,#4452,.F.);
#6265=ORIENTED_EDGE('',*,*,#4723,.T.);
#6266=ORIENTED_EDGE('',*,*,#4127,.F.);
#6267=ORIENTED_EDGE('',*,*,#4724,.F.);
#6268=ORIENTED_EDGE('',*,*,#4453,.F.);
#6269=ORIENTED_EDGE('',*,*,#4724,.T.);
#6270=ORIENTED_EDGE('',*,*,#4126,.F.);
#6271=ORIENTED_EDGE('',*,*,#4725,.F.);
#6272=ORIENTED_EDGE('',*,*,#4450,.F.);
#6273=ORIENTED_EDGE('',*,*,#4725,.T.);
#6274=ORIENTED_EDGE('',*,*,#4125,.F.);
#6275=ORIENTED_EDGE('',*,*,#4722,.F.);
#6276=ORIENTED_EDGE('',*,*,#4447,.F.);
#6277=ORIENTED_EDGE('',*,*,#4726,.T.);
#6278=ORIENTED_EDGE('',*,*,#4124,.F.);
#6279=ORIENTED_EDGE('',*,*,#4727,.F.);
#6280=ORIENTED_EDGE('',*,*,#4448,.F.);
#6281=ORIENTED_EDGE('',*,*,#4727,.T.);
#6282=ORIENTED_EDGE('',*,*,#4123,.F.);
#6283=ORIENTED_EDGE('',*,*,#4728,.F.);
#6284=ORIENTED_EDGE('',*,*,#4449,.F.);
#6285=ORIENTED_EDGE('',*,*,#4728,.T.);
#6286=ORIENTED_EDGE('',*,*,#4122,.F.);
#6287=ORIENTED_EDGE('',*,*,#4729,.F.);
#6288=ORIENTED_EDGE('',*,*,#4446,.F.);
#6289=ORIENTED_EDGE('',*,*,#4729,.T.);
#6290=ORIENTED_EDGE('',*,*,#4121,.F.);
#6291=ORIENTED_EDGE('',*,*,#4726,.F.);
#6292=ORIENTED_EDGE('',*,*,#4443,.F.);
#6293=ORIENTED_EDGE('',*,*,#4730,.T.);
#6294=ORIENTED_EDGE('',*,*,#4120,.F.);
#6295=ORIENTED_EDGE('',*,*,#4731,.F.);
#6296=ORIENTED_EDGE('',*,*,#4444,.F.);
#6297=ORIENTED_EDGE('',*,*,#4731,.T.);
#6298=ORIENTED_EDGE('',*,*,#4119,.F.);
#6299=ORIENTED_EDGE('',*,*,#4732,.F.);
#6300=ORIENTED_EDGE('',*,*,#4445,.F.);
#6301=ORIENTED_EDGE('',*,*,#4732,.T.);
#6302=ORIENTED_EDGE('',*,*,#4118,.F.);
#6303=ORIENTED_EDGE('',*,*,#4733,.F.);
#6304=ORIENTED_EDGE('',*,*,#4442,.F.);
#6305=ORIENTED_EDGE('',*,*,#4733,.T.);
#6306=ORIENTED_EDGE('',*,*,#4117,.F.);
#6307=ORIENTED_EDGE('',*,*,#4730,.F.);
#6308=ORIENTED_EDGE('',*,*,#4439,.F.);
#6309=ORIENTED_EDGE('',*,*,#4734,.T.);
#6310=ORIENTED_EDGE('',*,*,#4116,.F.);
#6311=ORIENTED_EDGE('',*,*,#4735,.F.);
#6312=ORIENTED_EDGE('',*,*,#4440,.F.);
#6313=ORIENTED_EDGE('',*,*,#4735,.T.);
#6314=ORIENTED_EDGE('',*,*,#4115,.F.);
#6315=ORIENTED_EDGE('',*,*,#4736,.F.);
#6316=ORIENTED_EDGE('',*,*,#4441,.F.);
#6317=ORIENTED_EDGE('',*,*,#4736,.T.);
#6318=ORIENTED_EDGE('',*,*,#4114,.F.);
#6319=ORIENTED_EDGE('',*,*,#4737,.F.);
#6320=ORIENTED_EDGE('',*,*,#4438,.F.);
#6321=ORIENTED_EDGE('',*,*,#4737,.T.);
#6322=ORIENTED_EDGE('',*,*,#4113,.F.);
#6323=ORIENTED_EDGE('',*,*,#4734,.F.);
#6324=ORIENTED_EDGE('',*,*,#4435,.F.);
#6325=ORIENTED_EDGE('',*,*,#4738,.T.);
#6326=ORIENTED_EDGE('',*,*,#4112,.F.);
#6327=ORIENTED_EDGE('',*,*,#4739,.F.);
#6328=ORIENTED_EDGE('',*,*,#4436,.F.);
#6329=ORIENTED_EDGE('',*,*,#4739,.T.);
#6330=ORIENTED_EDGE('',*,*,#4111,.F.);
#6331=ORIENTED_EDGE('',*,*,#4740,.F.);
#6332=ORIENTED_EDGE('',*,*,#4437,.F.);
#6333=ORIENTED_EDGE('',*,*,#4740,.T.);
#6334=ORIENTED_EDGE('',*,*,#4110,.F.);
#6335=ORIENTED_EDGE('',*,*,#4741,.F.);
#6336=ORIENTED_EDGE('',*,*,#4434,.F.);
#6337=ORIENTED_EDGE('',*,*,#4741,.T.);
#6338=ORIENTED_EDGE('',*,*,#4109,.F.);
#6339=ORIENTED_EDGE('',*,*,#4738,.F.);
#6340=ORIENTED_EDGE('',*,*,#4431,.F.);
#6341=ORIENTED_EDGE('',*,*,#4742,.T.);
#6342=ORIENTED_EDGE('',*,*,#4108,.F.);
#6343=ORIENTED_EDGE('',*,*,#4743,.F.);
#6344=ORIENTED_EDGE('',*,*,#4432,.F.);
#6345=ORIENTED_EDGE('',*,*,#4743,.T.);
#6346=ORIENTED_EDGE('',*,*,#4107,.F.);
#6347=ORIENTED_EDGE('',*,*,#4744,.F.);
#6348=ORIENTED_EDGE('',*,*,#4433,.F.);
#6349=ORIENTED_EDGE('',*,*,#4744,.T.);
#6350=ORIENTED_EDGE('',*,*,#4106,.F.);
#6351=ORIENTED_EDGE('',*,*,#4745,.F.);
#6352=ORIENTED_EDGE('',*,*,#4430,.F.);
#6353=ORIENTED_EDGE('',*,*,#4745,.T.);
#6354=ORIENTED_EDGE('',*,*,#4105,.F.);
#6355=ORIENTED_EDGE('',*,*,#4742,.F.);
#6356=ORIENTED_EDGE('',*,*,#4427,.F.);
#6357=ORIENTED_EDGE('',*,*,#4746,.T.);
#6358=ORIENTED_EDGE('',*,*,#4104,.F.);
#6359=ORIENTED_EDGE('',*,*,#4747,.F.);
#6360=ORIENTED_EDGE('',*,*,#4428,.F.);
#6361=ORIENTED_EDGE('',*,*,#4747,.T.);
#6362=ORIENTED_EDGE('',*,*,#4103,.F.);
#6363=ORIENTED_EDGE('',*,*,#4748,.F.);
#6364=ORIENTED_EDGE('',*,*,#4429,.F.);
#6365=ORIENTED_EDGE('',*,*,#4748,.T.);
#6366=ORIENTED_EDGE('',*,*,#4102,.F.);
#6367=ORIENTED_EDGE('',*,*,#4749,.F.);
#6368=ORIENTED_EDGE('',*,*,#4426,.F.);
#6369=ORIENTED_EDGE('',*,*,#4749,.T.);
#6370=ORIENTED_EDGE('',*,*,#4101,.F.);
#6371=ORIENTED_EDGE('',*,*,#4746,.F.);
#6372=ORIENTED_EDGE('',*,*,#4423,.F.);
#6373=ORIENTED_EDGE('',*,*,#4750,.T.);
#6374=ORIENTED_EDGE('',*,*,#4100,.F.);
#6375=ORIENTED_EDGE('',*,*,#4751,.F.);
#6376=ORIENTED_EDGE('',*,*,#4424,.F.);
#6377=ORIENTED_EDGE('',*,*,#4751,.T.);
#6378=ORIENTED_EDGE('',*,*,#4099,.F.);
#6379=ORIENTED_EDGE('',*,*,#4752,.F.);
#6380=ORIENTED_EDGE('',*,*,#4425,.F.);
#6381=ORIENTED_EDGE('',*,*,#4752,.T.);
#6382=ORIENTED_EDGE('',*,*,#4098,.F.);
#6383=ORIENTED_EDGE('',*,*,#4753,.F.);
#6384=ORIENTED_EDGE('',*,*,#4422,.F.);
#6385=ORIENTED_EDGE('',*,*,#4753,.T.);
#6386=ORIENTED_EDGE('',*,*,#4097,.F.);
#6387=ORIENTED_EDGE('',*,*,#4750,.F.);
#6388=ORIENTED_EDGE('',*,*,#4419,.F.);
#6389=ORIENTED_EDGE('',*,*,#4754,.T.);
#6390=ORIENTED_EDGE('',*,*,#4096,.F.);
#6391=ORIENTED_EDGE('',*,*,#4755,.F.);
#6392=ORIENTED_EDGE('',*,*,#4420,.F.);
#6393=ORIENTED_EDGE('',*,*,#4755,.T.);
#6394=ORIENTED_EDGE('',*,*,#4095,.F.);
#6395=ORIENTED_EDGE('',*,*,#4756,.F.);
#6396=ORIENTED_EDGE('',*,*,#4421,.F.);
#6397=ORIENTED_EDGE('',*,*,#4756,.T.);
#6398=ORIENTED_EDGE('',*,*,#4094,.F.);
#6399=ORIENTED_EDGE('',*,*,#4757,.F.);
#6400=ORIENTED_EDGE('',*,*,#4418,.F.);
#6401=ORIENTED_EDGE('',*,*,#4757,.T.);
#6402=ORIENTED_EDGE('',*,*,#4093,.F.);
#6403=ORIENTED_EDGE('',*,*,#4754,.F.);
#6404=ORIENTED_EDGE('',*,*,#4415,.F.);
#6405=ORIENTED_EDGE('',*,*,#4758,.T.);
#6406=ORIENTED_EDGE('',*,*,#4092,.F.);
#6407=ORIENTED_EDGE('',*,*,#4759,.F.);
#6408=ORIENTED_EDGE('',*,*,#4416,.F.);
#6409=ORIENTED_EDGE('',*,*,#4759,.T.);
#6410=ORIENTED_EDGE('',*,*,#4091,.F.);
#6411=ORIENTED_EDGE('',*,*,#4760,.F.);
#6412=ORIENTED_EDGE('',*,*,#4417,.F.);
#6413=ORIENTED_EDGE('',*,*,#4760,.T.);
#6414=ORIENTED_EDGE('',*,*,#4090,.F.);
#6415=ORIENTED_EDGE('',*,*,#4761,.F.);
#6416=ORIENTED_EDGE('',*,*,#4414,.F.);
#6417=ORIENTED_EDGE('',*,*,#4761,.T.);
#6418=ORIENTED_EDGE('',*,*,#4089,.F.);
#6419=ORIENTED_EDGE('',*,*,#4758,.F.);
#6420=ORIENTED_EDGE('',*,*,#4411,.F.);
#6421=ORIENTED_EDGE('',*,*,#4762,.T.);
#6422=ORIENTED_EDGE('',*,*,#4088,.F.);
#6423=ORIENTED_EDGE('',*,*,#4763,.F.);
#6424=ORIENTED_EDGE('',*,*,#4412,.F.);
#6425=ORIENTED_EDGE('',*,*,#4763,.T.);
#6426=ORIENTED_EDGE('',*,*,#4087,.F.);
#6427=ORIENTED_EDGE('',*,*,#4764,.F.);
#6428=ORIENTED_EDGE('',*,*,#4413,.F.);
#6429=ORIENTED_EDGE('',*,*,#4764,.T.);
#6430=ORIENTED_EDGE('',*,*,#4086,.F.);
#6431=ORIENTED_EDGE('',*,*,#4765,.F.);
#6432=ORIENTED_EDGE('',*,*,#4410,.F.);
#6433=ORIENTED_EDGE('',*,*,#4765,.T.);
#6434=ORIENTED_EDGE('',*,*,#4085,.F.);
#6435=ORIENTED_EDGE('',*,*,#4762,.F.);
#6436=ORIENTED_EDGE('',*,*,#4407,.F.);
#6437=ORIENTED_EDGE('',*,*,#4766,.T.);
#6438=ORIENTED_EDGE('',*,*,#4084,.F.);
#6439=ORIENTED_EDGE('',*,*,#4767,.F.);
#6440=ORIENTED_EDGE('',*,*,#4408,.F.);
#6441=ORIENTED_EDGE('',*,*,#4767,.T.);
#6442=ORIENTED_EDGE('',*,*,#4083,.F.);
#6443=ORIENTED_EDGE('',*,*,#4768,.F.);
#6444=ORIENTED_EDGE('',*,*,#4409,.F.);
#6445=ORIENTED_EDGE('',*,*,#4768,.T.);
#6446=ORIENTED_EDGE('',*,*,#4082,.F.);
#6447=ORIENTED_EDGE('',*,*,#4769,.F.);
#6448=ORIENTED_EDGE('',*,*,#4406,.F.);
#6449=ORIENTED_EDGE('',*,*,#4769,.T.);
#6450=ORIENTED_EDGE('',*,*,#4081,.F.);
#6451=ORIENTED_EDGE('',*,*,#4766,.F.);
#6452=ORIENTED_EDGE('',*,*,#4403,.F.);
#6453=ORIENTED_EDGE('',*,*,#4770,.T.);
#6454=ORIENTED_EDGE('',*,*,#4080,.F.);
#6455=ORIENTED_EDGE('',*,*,#4771,.F.);
#6456=ORIENTED_EDGE('',*,*,#4404,.F.);
#6457=ORIENTED_EDGE('',*,*,#4771,.T.);
#6458=ORIENTED_EDGE('',*,*,#4079,.F.);
#6459=ORIENTED_EDGE('',*,*,#4772,.F.);
#6460=ORIENTED_EDGE('',*,*,#4405,.F.);
#6461=ORIENTED_EDGE('',*,*,#4772,.T.);
#6462=ORIENTED_EDGE('',*,*,#4078,.F.);
#6463=ORIENTED_EDGE('',*,*,#4773,.F.);
#6464=ORIENTED_EDGE('',*,*,#4402,.F.);
#6465=ORIENTED_EDGE('',*,*,#4773,.T.);
#6466=ORIENTED_EDGE('',*,*,#4077,.F.);
#6467=ORIENTED_EDGE('',*,*,#4770,.F.);
#6468=ORIENTED_EDGE('',*,*,#4399,.F.);
#6469=ORIENTED_EDGE('',*,*,#4774,.T.);
#6470=ORIENTED_EDGE('',*,*,#4076,.F.);
#6471=ORIENTED_EDGE('',*,*,#4775,.F.);
#6472=ORIENTED_EDGE('',*,*,#4400,.F.);
#6473=ORIENTED_EDGE('',*,*,#4775,.T.);
#6474=ORIENTED_EDGE('',*,*,#4075,.F.);
#6475=ORIENTED_EDGE('',*,*,#4776,.F.);
#6476=ORIENTED_EDGE('',*,*,#4401,.F.);
#6477=ORIENTED_EDGE('',*,*,#4776,.T.);
#6478=ORIENTED_EDGE('',*,*,#4074,.F.);
#6479=ORIENTED_EDGE('',*,*,#4777,.F.);
#6480=ORIENTED_EDGE('',*,*,#4398,.F.);
#6481=ORIENTED_EDGE('',*,*,#4777,.T.);
#6482=ORIENTED_EDGE('',*,*,#4073,.F.);
#6483=ORIENTED_EDGE('',*,*,#4774,.F.);
#6484=ORIENTED_EDGE('',*,*,#4395,.F.);
#6485=ORIENTED_EDGE('',*,*,#4778,.T.);
#6486=ORIENTED_EDGE('',*,*,#4072,.F.);
#6487=ORIENTED_EDGE('',*,*,#4779,.F.);
#6488=ORIENTED_EDGE('',*,*,#4396,.F.);
#6489=ORIENTED_EDGE('',*,*,#4779,.T.);
#6490=ORIENTED_EDGE('',*,*,#4071,.F.);
#6491=ORIENTED_EDGE('',*,*,#4780,.F.);
#6492=ORIENTED_EDGE('',*,*,#4397,.F.);
#6493=ORIENTED_EDGE('',*,*,#4780,.T.);
#6494=ORIENTED_EDGE('',*,*,#4070,.F.);
#6495=ORIENTED_EDGE('',*,*,#4781,.F.);
#6496=ORIENTED_EDGE('',*,*,#4394,.F.);
#6497=ORIENTED_EDGE('',*,*,#4781,.T.);
#6498=ORIENTED_EDGE('',*,*,#4069,.F.);
#6499=ORIENTED_EDGE('',*,*,#4778,.F.);
#6500=ORIENTED_EDGE('',*,*,#4391,.F.);
#6501=ORIENTED_EDGE('',*,*,#4782,.T.);
#6502=ORIENTED_EDGE('',*,*,#4068,.F.);
#6503=ORIENTED_EDGE('',*,*,#4783,.F.);
#6504=ORIENTED_EDGE('',*,*,#4392,.F.);
#6505=ORIENTED_EDGE('',*,*,#4783,.T.);
#6506=ORIENTED_EDGE('',*,*,#4067,.F.);
#6507=ORIENTED_EDGE('',*,*,#4784,.F.);
#6508=ORIENTED_EDGE('',*,*,#4393,.F.);
#6509=ORIENTED_EDGE('',*,*,#4784,.T.);
#6510=ORIENTED_EDGE('',*,*,#4066,.F.);
#6511=ORIENTED_EDGE('',*,*,#4785,.F.);
#6512=ORIENTED_EDGE('',*,*,#4390,.F.);
#6513=ORIENTED_EDGE('',*,*,#4785,.T.);
#6514=ORIENTED_EDGE('',*,*,#4065,.F.);
#6515=ORIENTED_EDGE('',*,*,#4782,.F.);
#6516=ORIENTED_EDGE('',*,*,#4387,.F.);
#6517=ORIENTED_EDGE('',*,*,#4786,.T.);
#6518=ORIENTED_EDGE('',*,*,#4064,.F.);
#6519=ORIENTED_EDGE('',*,*,#4787,.F.);
#6520=ORIENTED_EDGE('',*,*,#4388,.F.);
#6521=ORIENTED_EDGE('',*,*,#4787,.T.);
#6522=ORIENTED_EDGE('',*,*,#4063,.F.);
#6523=ORIENTED_EDGE('',*,*,#4788,.F.);
#6524=ORIENTED_EDGE('',*,*,#4389,.F.);
#6525=ORIENTED_EDGE('',*,*,#4788,.T.);
#6526=ORIENTED_EDGE('',*,*,#4062,.F.);
#6527=ORIENTED_EDGE('',*,*,#4789,.F.);
#6528=ORIENTED_EDGE('',*,*,#4386,.F.);
#6529=ORIENTED_EDGE('',*,*,#4789,.T.);
#6530=ORIENTED_EDGE('',*,*,#4061,.F.);
#6531=ORIENTED_EDGE('',*,*,#4786,.F.);
#6532=ORIENTED_EDGE('',*,*,#4383,.F.);
#6533=ORIENTED_EDGE('',*,*,#4790,.T.);
#6534=ORIENTED_EDGE('',*,*,#4060,.F.);
#6535=ORIENTED_EDGE('',*,*,#4791,.F.);
#6536=ORIENTED_EDGE('',*,*,#4384,.F.);
#6537=ORIENTED_EDGE('',*,*,#4791,.T.);
#6538=ORIENTED_EDGE('',*,*,#4059,.F.);
#6539=ORIENTED_EDGE('',*,*,#4792,.F.);
#6540=ORIENTED_EDGE('',*,*,#4385,.F.);
#6541=ORIENTED_EDGE('',*,*,#4792,.T.);
#6542=ORIENTED_EDGE('',*,*,#4058,.F.);
#6543=ORIENTED_EDGE('',*,*,#4793,.F.);
#6544=ORIENTED_EDGE('',*,*,#4382,.F.);
#6545=ORIENTED_EDGE('',*,*,#4793,.T.);
#6546=ORIENTED_EDGE('',*,*,#4057,.F.);
#6547=ORIENTED_EDGE('',*,*,#4790,.F.);
#6548=ORIENTED_EDGE('',*,*,#4379,.F.);
#6549=ORIENTED_EDGE('',*,*,#4794,.T.);
#6550=ORIENTED_EDGE('',*,*,#4056,.F.);
#6551=ORIENTED_EDGE('',*,*,#4795,.F.);
#6552=ORIENTED_EDGE('',*,*,#4380,.F.);
#6553=ORIENTED_EDGE('',*,*,#4795,.T.);
#6554=ORIENTED_EDGE('',*,*,#4055,.F.);
#6555=ORIENTED_EDGE('',*,*,#4796,.F.);
#6556=ORIENTED_EDGE('',*,*,#4381,.F.);
#6557=ORIENTED_EDGE('',*,*,#4796,.T.);
#6558=ORIENTED_EDGE('',*,*,#4054,.F.);
#6559=ORIENTED_EDGE('',*,*,#4797,.F.);
#6560=ORIENTED_EDGE('',*,*,#4378,.F.);
#6561=ORIENTED_EDGE('',*,*,#4797,.T.);
#6562=ORIENTED_EDGE('',*,*,#4053,.F.);
#6563=ORIENTED_EDGE('',*,*,#4794,.F.);
#6564=ORIENTED_EDGE('',*,*,#4375,.F.);
#6565=ORIENTED_EDGE('',*,*,#4798,.T.);
#6566=ORIENTED_EDGE('',*,*,#4052,.F.);
#6567=ORIENTED_EDGE('',*,*,#4799,.F.);
#6568=ORIENTED_EDGE('',*,*,#4376,.F.);
#6569=ORIENTED_EDGE('',*,*,#4799,.T.);
#6570=ORIENTED_EDGE('',*,*,#4051,.F.);
#6571=ORIENTED_EDGE('',*,*,#4800,.F.);
#6572=ORIENTED_EDGE('',*,*,#4377,.F.);
#6573=ORIENTED_EDGE('',*,*,#4800,.T.);
#6574=ORIENTED_EDGE('',*,*,#4050,.F.);
#6575=ORIENTED_EDGE('',*,*,#4801,.F.);
#6576=ORIENTED_EDGE('',*,*,#4374,.F.);
#6577=ORIENTED_EDGE('',*,*,#4801,.T.);
#6578=ORIENTED_EDGE('',*,*,#4049,.F.);
#6579=ORIENTED_EDGE('',*,*,#4798,.F.);
#6580=ORIENTED_EDGE('',*,*,#4371,.F.);
#6581=ORIENTED_EDGE('',*,*,#4802,.T.);
#6582=ORIENTED_EDGE('',*,*,#4048,.F.);
#6583=ORIENTED_EDGE('',*,*,#4803,.F.);
#6584=ORIENTED_EDGE('',*,*,#4372,.F.);
#6585=ORIENTED_EDGE('',*,*,#4803,.T.);
#6586=ORIENTED_EDGE('',*,*,#4047,.F.);
#6587=ORIENTED_EDGE('',*,*,#4804,.F.);
#6588=ORIENTED_EDGE('',*,*,#4373,.F.);
#6589=ORIENTED_EDGE('',*,*,#4804,.T.);
#6590=ORIENTED_EDGE('',*,*,#4046,.F.);
#6591=ORIENTED_EDGE('',*,*,#4805,.F.);
#6592=ORIENTED_EDGE('',*,*,#4370,.F.);
#6593=ORIENTED_EDGE('',*,*,#4805,.T.);
#6594=ORIENTED_EDGE('',*,*,#4045,.F.);
#6595=ORIENTED_EDGE('',*,*,#4802,.F.);
#6596=ORIENTED_EDGE('',*,*,#4367,.F.);
#6597=ORIENTED_EDGE('',*,*,#4806,.T.);
#6598=ORIENTED_EDGE('',*,*,#4044,.F.);
#6599=ORIENTED_EDGE('',*,*,#4807,.F.);
#6600=ORIENTED_EDGE('',*,*,#4368,.F.);
#6601=ORIENTED_EDGE('',*,*,#4807,.T.);
#6602=ORIENTED_EDGE('',*,*,#4043,.F.);
#6603=ORIENTED_EDGE('',*,*,#4808,.F.);
#6604=ORIENTED_EDGE('',*,*,#4369,.F.);
#6605=ORIENTED_EDGE('',*,*,#4808,.T.);
#6606=ORIENTED_EDGE('',*,*,#4042,.F.);
#6607=ORIENTED_EDGE('',*,*,#4809,.F.);
#6608=ORIENTED_EDGE('',*,*,#4366,.F.);
#6609=ORIENTED_EDGE('',*,*,#4809,.T.);
#6610=ORIENTED_EDGE('',*,*,#4041,.F.);
#6611=ORIENTED_EDGE('',*,*,#4806,.F.);
#6612=ORIENTED_EDGE('',*,*,#4363,.F.);
#6613=ORIENTED_EDGE('',*,*,#4810,.T.);
#6614=ORIENTED_EDGE('',*,*,#4040,.F.);
#6615=ORIENTED_EDGE('',*,*,#4811,.F.);
#6616=ORIENTED_EDGE('',*,*,#4364,.F.);
#6617=ORIENTED_EDGE('',*,*,#4811,.T.);
#6618=ORIENTED_EDGE('',*,*,#4039,.F.);
#6619=ORIENTED_EDGE('',*,*,#4812,.F.);
#6620=ORIENTED_EDGE('',*,*,#4365,.F.);
#6621=ORIENTED_EDGE('',*,*,#4812,.T.);
#6622=ORIENTED_EDGE('',*,*,#4038,.F.);
#6623=ORIENTED_EDGE('',*,*,#4813,.F.);
#6624=ORIENTED_EDGE('',*,*,#4362,.F.);
#6625=ORIENTED_EDGE('',*,*,#4813,.T.);
#6626=ORIENTED_EDGE('',*,*,#4037,.F.);
#6627=ORIENTED_EDGE('',*,*,#4810,.F.);
#6628=ORIENTED_EDGE('',*,*,#4359,.F.);
#6629=ORIENTED_EDGE('',*,*,#4814,.T.);
#6630=ORIENTED_EDGE('',*,*,#4036,.F.);
#6631=ORIENTED_EDGE('',*,*,#4815,.F.);
#6632=ORIENTED_EDGE('',*,*,#4360,.F.);
#6633=ORIENTED_EDGE('',*,*,#4815,.T.);
#6634=ORIENTED_EDGE('',*,*,#4035,.F.);
#6635=ORIENTED_EDGE('',*,*,#4816,.F.);
#6636=ORIENTED_EDGE('',*,*,#4361,.F.);
#6637=ORIENTED_EDGE('',*,*,#4816,.T.);
#6638=ORIENTED_EDGE('',*,*,#4034,.F.);
#6639=ORIENTED_EDGE('',*,*,#4817,.F.);
#6640=ORIENTED_EDGE('',*,*,#4358,.F.);
#6641=ORIENTED_EDGE('',*,*,#4817,.T.);
#6642=ORIENTED_EDGE('',*,*,#4033,.F.);
#6643=ORIENTED_EDGE('',*,*,#4814,.F.);
#6644=ORIENTED_EDGE('',*,*,#4355,.F.);
#6645=ORIENTED_EDGE('',*,*,#4818,.T.);
#6646=ORIENTED_EDGE('',*,*,#4032,.F.);
#6647=ORIENTED_EDGE('',*,*,#4819,.F.);
#6648=ORIENTED_EDGE('',*,*,#4356,.F.);
#6649=ORIENTED_EDGE('',*,*,#4819,.T.);
#6650=ORIENTED_EDGE('',*,*,#4031,.F.);
#6651=ORIENTED_EDGE('',*,*,#4820,.F.);
#6652=ORIENTED_EDGE('',*,*,#4357,.F.);
#6653=ORIENTED_EDGE('',*,*,#4820,.T.);
#6654=ORIENTED_EDGE('',*,*,#4030,.F.);
#6655=ORIENTED_EDGE('',*,*,#4821,.F.);
#6656=ORIENTED_EDGE('',*,*,#4354,.F.);
#6657=ORIENTED_EDGE('',*,*,#4821,.T.);
#6658=ORIENTED_EDGE('',*,*,#4029,.F.);
#6659=ORIENTED_EDGE('',*,*,#4818,.F.);
#6660=ORIENTED_EDGE('',*,*,#4351,.F.);
#6661=ORIENTED_EDGE('',*,*,#4822,.T.);
#6662=ORIENTED_EDGE('',*,*,#4028,.F.);
#6663=ORIENTED_EDGE('',*,*,#4823,.F.);
#6664=ORIENTED_EDGE('',*,*,#4352,.F.);
#6665=ORIENTED_EDGE('',*,*,#4823,.T.);
#6666=ORIENTED_EDGE('',*,*,#4027,.F.);
#6667=ORIENTED_EDGE('',*,*,#4824,.F.);
#6668=ORIENTED_EDGE('',*,*,#4353,.F.);
#6669=ORIENTED_EDGE('',*,*,#4824,.T.);
#6670=ORIENTED_EDGE('',*,*,#4026,.F.);
#6671=ORIENTED_EDGE('',*,*,#4825,.F.);
#6672=ORIENTED_EDGE('',*,*,#4350,.F.);
#6673=ORIENTED_EDGE('',*,*,#4825,.T.);
#6674=ORIENTED_EDGE('',*,*,#4025,.F.);
#6675=ORIENTED_EDGE('',*,*,#4822,.F.);
#6676=ORIENTED_EDGE('',*,*,#4347,.F.);
#6677=ORIENTED_EDGE('',*,*,#4826,.T.);
#6678=ORIENTED_EDGE('',*,*,#4024,.F.);
#6679=ORIENTED_EDGE('',*,*,#4827,.F.);
#6680=ORIENTED_EDGE('',*,*,#4348,.F.);
#6681=ORIENTED_EDGE('',*,*,#4827,.T.);
#6682=ORIENTED_EDGE('',*,*,#4023,.F.);
#6683=ORIENTED_EDGE('',*,*,#4828,.F.);
#6684=ORIENTED_EDGE('',*,*,#4349,.F.);
#6685=ORIENTED_EDGE('',*,*,#4828,.T.);
#6686=ORIENTED_EDGE('',*,*,#4022,.F.);
#6687=ORIENTED_EDGE('',*,*,#4829,.F.);
#6688=ORIENTED_EDGE('',*,*,#4346,.F.);
#6689=ORIENTED_EDGE('',*,*,#4829,.T.);
#6690=ORIENTED_EDGE('',*,*,#4021,.F.);
#6691=ORIENTED_EDGE('',*,*,#4826,.F.);
#6692=ORIENTED_EDGE('',*,*,#4343,.F.);
#6693=ORIENTED_EDGE('',*,*,#4830,.T.);
#6694=ORIENTED_EDGE('',*,*,#4020,.F.);
#6695=ORIENTED_EDGE('',*,*,#4831,.F.);
#6696=ORIENTED_EDGE('',*,*,#4344,.F.);
#6697=ORIENTED_EDGE('',*,*,#4831,.T.);
#6698=ORIENTED_EDGE('',*,*,#4019,.F.);
#6699=ORIENTED_EDGE('',*,*,#4832,.F.);
#6700=ORIENTED_EDGE('',*,*,#4345,.F.);
#6701=ORIENTED_EDGE('',*,*,#4832,.T.);
#6702=ORIENTED_EDGE('',*,*,#4018,.F.);
#6703=ORIENTED_EDGE('',*,*,#4833,.F.);
#6704=ORIENTED_EDGE('',*,*,#4342,.F.);
#6705=ORIENTED_EDGE('',*,*,#4833,.T.);
#6706=ORIENTED_EDGE('',*,*,#4017,.F.);
#6707=ORIENTED_EDGE('',*,*,#4830,.F.);
#6708=ORIENTED_EDGE('',*,*,#4339,.F.);
#6709=ORIENTED_EDGE('',*,*,#4834,.T.);
#6710=ORIENTED_EDGE('',*,*,#4016,.F.);
#6711=ORIENTED_EDGE('',*,*,#4835,.F.);
#6712=ORIENTED_EDGE('',*,*,#4340,.F.);
#6713=ORIENTED_EDGE('',*,*,#4835,.T.);
#6714=ORIENTED_EDGE('',*,*,#4015,.F.);
#6715=ORIENTED_EDGE('',*,*,#4836,.F.);
#6716=ORIENTED_EDGE('',*,*,#4341,.F.);
#6717=ORIENTED_EDGE('',*,*,#4836,.T.);
#6718=ORIENTED_EDGE('',*,*,#4014,.F.);
#6719=ORIENTED_EDGE('',*,*,#4837,.F.);
#6720=ORIENTED_EDGE('',*,*,#4338,.F.);
#6721=ORIENTED_EDGE('',*,*,#4837,.T.);
#6722=ORIENTED_EDGE('',*,*,#4013,.F.);
#6723=ORIENTED_EDGE('',*,*,#4834,.F.);
#6724=ORIENTED_EDGE('',*,*,#4335,.F.);
#6725=ORIENTED_EDGE('',*,*,#4838,.T.);
#6726=ORIENTED_EDGE('',*,*,#4012,.F.);
#6727=ORIENTED_EDGE('',*,*,#4839,.F.);
#6728=ORIENTED_EDGE('',*,*,#4336,.F.);
#6729=ORIENTED_EDGE('',*,*,#4839,.T.);
#6730=ORIENTED_EDGE('',*,*,#4011,.F.);
#6731=ORIENTED_EDGE('',*,*,#4840,.F.);
#6732=ORIENTED_EDGE('',*,*,#4337,.F.);
#6733=ORIENTED_EDGE('',*,*,#4840,.T.);
#6734=ORIENTED_EDGE('',*,*,#4010,.F.);
#6735=ORIENTED_EDGE('',*,*,#4841,.F.);
#6736=ORIENTED_EDGE('',*,*,#4334,.F.);
#6737=ORIENTED_EDGE('',*,*,#4841,.T.);
#6738=ORIENTED_EDGE('',*,*,#4009,.F.);
#6739=ORIENTED_EDGE('',*,*,#4838,.F.);
#6740=ORIENTED_EDGE('',*,*,#4331,.F.);
#6741=ORIENTED_EDGE('',*,*,#4842,.T.);
#6742=ORIENTED_EDGE('',*,*,#4008,.F.);
#6743=ORIENTED_EDGE('',*,*,#4843,.F.);
#6744=ORIENTED_EDGE('',*,*,#4332,.F.);
#6745=ORIENTED_EDGE('',*,*,#4843,.T.);
#6746=ORIENTED_EDGE('',*,*,#4007,.F.);
#6747=ORIENTED_EDGE('',*,*,#4844,.F.);
#6748=ORIENTED_EDGE('',*,*,#4333,.F.);
#6749=ORIENTED_EDGE('',*,*,#4844,.T.);
#6750=ORIENTED_EDGE('',*,*,#4006,.F.);
#6751=ORIENTED_EDGE('',*,*,#4845,.F.);
#6752=ORIENTED_EDGE('',*,*,#4330,.F.);
#6753=ORIENTED_EDGE('',*,*,#4845,.T.);
#6754=ORIENTED_EDGE('',*,*,#4005,.F.);
#6755=ORIENTED_EDGE('',*,*,#4842,.F.);
#6756=ORIENTED_EDGE('',*,*,#4327,.F.);
#6757=ORIENTED_EDGE('',*,*,#4846,.T.);
#6758=ORIENTED_EDGE('',*,*,#4004,.F.);
#6759=ORIENTED_EDGE('',*,*,#4847,.F.);
#6760=ORIENTED_EDGE('',*,*,#4328,.F.);
#6761=ORIENTED_EDGE('',*,*,#4847,.T.);
#6762=ORIENTED_EDGE('',*,*,#4003,.F.);
#6763=ORIENTED_EDGE('',*,*,#4848,.F.);
#6764=ORIENTED_EDGE('',*,*,#4329,.F.);
#6765=ORIENTED_EDGE('',*,*,#4848,.T.);
#6766=ORIENTED_EDGE('',*,*,#4002,.F.);
#6767=ORIENTED_EDGE('',*,*,#4849,.F.);
#6768=ORIENTED_EDGE('',*,*,#4326,.F.);
#6769=ORIENTED_EDGE('',*,*,#4849,.T.);
#6770=ORIENTED_EDGE('',*,*,#4001,.F.);
#6771=ORIENTED_EDGE('',*,*,#4846,.F.);
#6772=ORIENTED_EDGE('',*,*,#4323,.F.);
#6773=ORIENTED_EDGE('',*,*,#4850,.T.);
#6774=ORIENTED_EDGE('',*,*,#4000,.F.);
#6775=ORIENTED_EDGE('',*,*,#4851,.F.);
#6776=ORIENTED_EDGE('',*,*,#4324,.F.);
#6777=ORIENTED_EDGE('',*,*,#4851,.T.);
#6778=ORIENTED_EDGE('',*,*,#3999,.F.);
#6779=ORIENTED_EDGE('',*,*,#4852,.F.);
#6780=ORIENTED_EDGE('',*,*,#4325,.F.);
#6781=ORIENTED_EDGE('',*,*,#4852,.T.);
#6782=ORIENTED_EDGE('',*,*,#3998,.F.);
#6783=ORIENTED_EDGE('',*,*,#4853,.F.);
#6784=ORIENTED_EDGE('',*,*,#4322,.F.);
#6785=ORIENTED_EDGE('',*,*,#4853,.T.);
#6786=ORIENTED_EDGE('',*,*,#3997,.F.);
#6787=ORIENTED_EDGE('',*,*,#4850,.F.);
#6788=ORIENTED_EDGE('',*,*,#4319,.F.);
#6789=ORIENTED_EDGE('',*,*,#4854,.T.);
#6790=ORIENTED_EDGE('',*,*,#3996,.F.);
#6791=ORIENTED_EDGE('',*,*,#4855,.F.);
#6792=ORIENTED_EDGE('',*,*,#4320,.F.);
#6793=ORIENTED_EDGE('',*,*,#4855,.T.);
#6794=ORIENTED_EDGE('',*,*,#3995,.F.);
#6795=ORIENTED_EDGE('',*,*,#4856,.F.);
#6796=ORIENTED_EDGE('',*,*,#4321,.F.);
#6797=ORIENTED_EDGE('',*,*,#4856,.T.);
#6798=ORIENTED_EDGE('',*,*,#3994,.F.);
#6799=ORIENTED_EDGE('',*,*,#4857,.F.);
#6800=ORIENTED_EDGE('',*,*,#4318,.F.);
#6801=ORIENTED_EDGE('',*,*,#4857,.T.);
#6802=ORIENTED_EDGE('',*,*,#3993,.F.);
#6803=ORIENTED_EDGE('',*,*,#4854,.F.);
#6804=ORIENTED_EDGE('',*,*,#4315,.F.);
#6805=ORIENTED_EDGE('',*,*,#4858,.T.);
#6806=ORIENTED_EDGE('',*,*,#3992,.F.);
#6807=ORIENTED_EDGE('',*,*,#4859,.F.);
#6808=ORIENTED_EDGE('',*,*,#4316,.F.);
#6809=ORIENTED_EDGE('',*,*,#4859,.T.);
#6810=ORIENTED_EDGE('',*,*,#3991,.F.);
#6811=ORIENTED_EDGE('',*,*,#4860,.F.);
#6812=ORIENTED_EDGE('',*,*,#4317,.F.);
#6813=ORIENTED_EDGE('',*,*,#4860,.T.);
#6814=ORIENTED_EDGE('',*,*,#3990,.F.);
#6815=ORIENTED_EDGE('',*,*,#4861,.F.);
#6816=ORIENTED_EDGE('',*,*,#4314,.F.);
#6817=ORIENTED_EDGE('',*,*,#4861,.T.);
#6818=ORIENTED_EDGE('',*,*,#3989,.F.);
#6819=ORIENTED_EDGE('',*,*,#4858,.F.);
#6820=ORIENTED_EDGE('',*,*,#4311,.F.);
#6821=ORIENTED_EDGE('',*,*,#4862,.T.);
#6822=ORIENTED_EDGE('',*,*,#3988,.F.);
#6823=ORIENTED_EDGE('',*,*,#4863,.F.);
#6824=ORIENTED_EDGE('',*,*,#4312,.F.);
#6825=ORIENTED_EDGE('',*,*,#4863,.T.);
#6826=ORIENTED_EDGE('',*,*,#3987,.F.);
#6827=ORIENTED_EDGE('',*,*,#4864,.F.);
#6828=ORIENTED_EDGE('',*,*,#4313,.F.);
#6829=ORIENTED_EDGE('',*,*,#4864,.T.);
#6830=ORIENTED_EDGE('',*,*,#3986,.F.);
#6831=ORIENTED_EDGE('',*,*,#4865,.F.);
#6832=ORIENTED_EDGE('',*,*,#4310,.F.);
#6833=ORIENTED_EDGE('',*,*,#4865,.T.);
#6834=ORIENTED_EDGE('',*,*,#3985,.F.);
#6835=ORIENTED_EDGE('',*,*,#4862,.F.);
#6836=ORIENTED_EDGE('',*,*,#4307,.F.);
#6837=ORIENTED_EDGE('',*,*,#4866,.T.);
#6838=ORIENTED_EDGE('',*,*,#3984,.F.);
#6839=ORIENTED_EDGE('',*,*,#4867,.F.);
#6840=ORIENTED_EDGE('',*,*,#4308,.F.);
#6841=ORIENTED_EDGE('',*,*,#4867,.T.);
#6842=ORIENTED_EDGE('',*,*,#3983,.F.);
#6843=ORIENTED_EDGE('',*,*,#4868,.F.);
#6844=ORIENTED_EDGE('',*,*,#4309,.F.);
#6845=ORIENTED_EDGE('',*,*,#4868,.T.);
#6846=ORIENTED_EDGE('',*,*,#3982,.F.);
#6847=ORIENTED_EDGE('',*,*,#4869,.F.);
#6848=ORIENTED_EDGE('',*,*,#4306,.F.);
#6849=ORIENTED_EDGE('',*,*,#4869,.T.);
#6850=ORIENTED_EDGE('',*,*,#3981,.F.);
#6851=ORIENTED_EDGE('',*,*,#4866,.F.);
#6852=ORIENTED_EDGE('',*,*,#4303,.F.);
#6853=ORIENTED_EDGE('',*,*,#4870,.T.);
#6854=ORIENTED_EDGE('',*,*,#3980,.F.);
#6855=ORIENTED_EDGE('',*,*,#4871,.F.);
#6856=ORIENTED_EDGE('',*,*,#4304,.F.);
#6857=ORIENTED_EDGE('',*,*,#4871,.T.);
#6858=ORIENTED_EDGE('',*,*,#3979,.F.);
#6859=ORIENTED_EDGE('',*,*,#4872,.F.);
#6860=ORIENTED_EDGE('',*,*,#4305,.F.);
#6861=ORIENTED_EDGE('',*,*,#4872,.T.);
#6862=ORIENTED_EDGE('',*,*,#3978,.F.);
#6863=ORIENTED_EDGE('',*,*,#4873,.F.);
#6864=ORIENTED_EDGE('',*,*,#4302,.F.);
#6865=ORIENTED_EDGE('',*,*,#4873,.T.);
#6866=ORIENTED_EDGE('',*,*,#3977,.F.);
#6867=ORIENTED_EDGE('',*,*,#4870,.F.);
#6868=ORIENTED_EDGE('',*,*,#4299,.F.);
#6869=ORIENTED_EDGE('',*,*,#4874,.T.);
#6870=ORIENTED_EDGE('',*,*,#3976,.F.);
#6871=ORIENTED_EDGE('',*,*,#4875,.F.);
#6872=ORIENTED_EDGE('',*,*,#4300,.F.);
#6873=ORIENTED_EDGE('',*,*,#4875,.T.);
#6874=ORIENTED_EDGE('',*,*,#3975,.F.);
#6875=ORIENTED_EDGE('',*,*,#4876,.F.);
#6876=ORIENTED_EDGE('',*,*,#4301,.F.);
#6877=ORIENTED_EDGE('',*,*,#4876,.T.);
#6878=ORIENTED_EDGE('',*,*,#3974,.F.);
#6879=ORIENTED_EDGE('',*,*,#4877,.F.);
#6880=ORIENTED_EDGE('',*,*,#4298,.F.);
#6881=ORIENTED_EDGE('',*,*,#4877,.T.);
#6882=ORIENTED_EDGE('',*,*,#3973,.F.);
#6883=ORIENTED_EDGE('',*,*,#4874,.F.);
#6884=ORIENTED_EDGE('',*,*,#4295,.F.);
#6885=ORIENTED_EDGE('',*,*,#4878,.T.);
#6886=ORIENTED_EDGE('',*,*,#3972,.F.);
#6887=ORIENTED_EDGE('',*,*,#4879,.F.);
#6888=ORIENTED_EDGE('',*,*,#4296,.F.);
#6889=ORIENTED_EDGE('',*,*,#4879,.T.);
#6890=ORIENTED_EDGE('',*,*,#3971,.F.);
#6891=ORIENTED_EDGE('',*,*,#4880,.F.);
#6892=ORIENTED_EDGE('',*,*,#4297,.F.);
#6893=ORIENTED_EDGE('',*,*,#4880,.T.);
#6894=ORIENTED_EDGE('',*,*,#3970,.F.);
#6895=ORIENTED_EDGE('',*,*,#4881,.F.);
#6896=ORIENTED_EDGE('',*,*,#4294,.F.);
#6897=ORIENTED_EDGE('',*,*,#4881,.T.);
#6898=ORIENTED_EDGE('',*,*,#3969,.F.);
#6899=ORIENTED_EDGE('',*,*,#4878,.F.);
#6900=ORIENTED_EDGE('',*,*,#4291,.F.);
#6901=ORIENTED_EDGE('',*,*,#4882,.T.);
#6902=ORIENTED_EDGE('',*,*,#3968,.F.);
#6903=ORIENTED_EDGE('',*,*,#4883,.F.);
#6904=ORIENTED_EDGE('',*,*,#4292,.F.);
#6905=ORIENTED_EDGE('',*,*,#4883,.T.);
#6906=ORIENTED_EDGE('',*,*,#3967,.F.);
#6907=ORIENTED_EDGE('',*,*,#4884,.F.);
#6908=ORIENTED_EDGE('',*,*,#4293,.F.);
#6909=ORIENTED_EDGE('',*,*,#4884,.T.);
#6910=ORIENTED_EDGE('',*,*,#3966,.F.);
#6911=ORIENTED_EDGE('',*,*,#4885,.F.);
#6912=ORIENTED_EDGE('',*,*,#4290,.F.);
#6913=ORIENTED_EDGE('',*,*,#4885,.T.);
#6914=ORIENTED_EDGE('',*,*,#3965,.F.);
#6915=ORIENTED_EDGE('',*,*,#4882,.F.);
#6916=ORIENTED_EDGE('',*,*,#4287,.F.);
#6917=ORIENTED_EDGE('',*,*,#4886,.T.);
#6918=ORIENTED_EDGE('',*,*,#3964,.F.);
#6919=ORIENTED_EDGE('',*,*,#4887,.F.);
#6920=ORIENTED_EDGE('',*,*,#4288,.F.);
#6921=ORIENTED_EDGE('',*,*,#4887,.T.);
#6922=ORIENTED_EDGE('',*,*,#3963,.F.);
#6923=ORIENTED_EDGE('',*,*,#4888,.F.);
#6924=ORIENTED_EDGE('',*,*,#4289,.F.);
#6925=ORIENTED_EDGE('',*,*,#4888,.T.);
#6926=ORIENTED_EDGE('',*,*,#3962,.F.);
#6927=ORIENTED_EDGE('',*,*,#4889,.F.);
#6928=ORIENTED_EDGE('',*,*,#4286,.F.);
#6929=ORIENTED_EDGE('',*,*,#4889,.T.);
#6930=ORIENTED_EDGE('',*,*,#3961,.F.);
#6931=ORIENTED_EDGE('',*,*,#4886,.F.);
#6932=ORIENTED_EDGE('',*,*,#4283,.F.);
#6933=ORIENTED_EDGE('',*,*,#4890,.T.);
#6934=ORIENTED_EDGE('',*,*,#3960,.F.);
#6935=ORIENTED_EDGE('',*,*,#4891,.F.);
#6936=ORIENTED_EDGE('',*,*,#4284,.F.);
#6937=ORIENTED_EDGE('',*,*,#4891,.T.);
#6938=ORIENTED_EDGE('',*,*,#3959,.F.);
#6939=ORIENTED_EDGE('',*,*,#4892,.F.);
#6940=ORIENTED_EDGE('',*,*,#4285,.F.);
#6941=ORIENTED_EDGE('',*,*,#4892,.T.);
#6942=ORIENTED_EDGE('',*,*,#3958,.F.);
#6943=ORIENTED_EDGE('',*,*,#4893,.F.);
#6944=ORIENTED_EDGE('',*,*,#4282,.F.);
#6945=ORIENTED_EDGE('',*,*,#4893,.T.);
#6946=ORIENTED_EDGE('',*,*,#3957,.F.);
#6947=ORIENTED_EDGE('',*,*,#4890,.F.);
#6948=ORIENTED_EDGE('',*,*,#4279,.F.);
#6949=ORIENTED_EDGE('',*,*,#4894,.T.);
#6950=ORIENTED_EDGE('',*,*,#3956,.F.);
#6951=ORIENTED_EDGE('',*,*,#4895,.F.);
#6952=ORIENTED_EDGE('',*,*,#4280,.F.);
#6953=ORIENTED_EDGE('',*,*,#4895,.T.);
#6954=ORIENTED_EDGE('',*,*,#3955,.F.);
#6955=ORIENTED_EDGE('',*,*,#4896,.F.);
#6956=ORIENTED_EDGE('',*,*,#4281,.F.);
#6957=ORIENTED_EDGE('',*,*,#4896,.T.);
#6958=ORIENTED_EDGE('',*,*,#3954,.F.);
#6959=ORIENTED_EDGE('',*,*,#4897,.F.);
#6960=ORIENTED_EDGE('',*,*,#4278,.F.);
#6961=ORIENTED_EDGE('',*,*,#4897,.T.);
#6962=ORIENTED_EDGE('',*,*,#3953,.F.);
#6963=ORIENTED_EDGE('',*,*,#4894,.F.);
#6964=ORIENTED_EDGE('',*,*,#4275,.F.);
#6965=ORIENTED_EDGE('',*,*,#4898,.T.);
#6966=ORIENTED_EDGE('',*,*,#3952,.F.);
#6967=ORIENTED_EDGE('',*,*,#4899,.F.);
#6968=ORIENTED_EDGE('',*,*,#4276,.F.);
#6969=ORIENTED_EDGE('',*,*,#4899,.T.);
#6970=ORIENTED_EDGE('',*,*,#3951,.F.);
#6971=ORIENTED_EDGE('',*,*,#4900,.F.);
#6972=ORIENTED_EDGE('',*,*,#4277,.F.);
#6973=ORIENTED_EDGE('',*,*,#4900,.T.);
#6974=ORIENTED_EDGE('',*,*,#3950,.F.);
#6975=ORIENTED_EDGE('',*,*,#4901,.F.);
#6976=ORIENTED_EDGE('',*,*,#4274,.F.);
#6977=ORIENTED_EDGE('',*,*,#4901,.T.);
#6978=ORIENTED_EDGE('',*,*,#3949,.F.);
#6979=ORIENTED_EDGE('',*,*,#4898,.F.);
#6980=ORIENTED_EDGE('',*,*,#4271,.F.);
#6981=ORIENTED_EDGE('',*,*,#4902,.T.);
#6982=ORIENTED_EDGE('',*,*,#3948,.F.);
#6983=ORIENTED_EDGE('',*,*,#4903,.F.);
#6984=ORIENTED_EDGE('',*,*,#4272,.F.);
#6985=ORIENTED_EDGE('',*,*,#4903,.T.);
#6986=ORIENTED_EDGE('',*,*,#3947,.F.);
#6987=ORIENTED_EDGE('',*,*,#4904,.F.);
#6988=ORIENTED_EDGE('',*,*,#4273,.F.);
#6989=ORIENTED_EDGE('',*,*,#4904,.T.);
#6990=ORIENTED_EDGE('',*,*,#3946,.F.);
#6991=ORIENTED_EDGE('',*,*,#4905,.F.);
#6992=ORIENTED_EDGE('',*,*,#4270,.F.);
#6993=ORIENTED_EDGE('',*,*,#4905,.T.);
#6994=ORIENTED_EDGE('',*,*,#3945,.F.);
#6995=ORIENTED_EDGE('',*,*,#4902,.F.);
#6996=ORIENTED_EDGE('',*,*,#4267,.F.);
#6997=ORIENTED_EDGE('',*,*,#4906,.T.);
#6998=ORIENTED_EDGE('',*,*,#3944,.F.);
#6999=ORIENTED_EDGE('',*,*,#4907,.F.);
#7000=ORIENTED_EDGE('',*,*,#4268,.F.);
#7001=ORIENTED_EDGE('',*,*,#4907,.T.);
#7002=ORIENTED_EDGE('',*,*,#3943,.F.);
#7003=ORIENTED_EDGE('',*,*,#4908,.F.);
#7004=ORIENTED_EDGE('',*,*,#4269,.F.);
#7005=ORIENTED_EDGE('',*,*,#4908,.T.);
#7006=ORIENTED_EDGE('',*,*,#3942,.F.);
#7007=ORIENTED_EDGE('',*,*,#4909,.F.);
#7008=ORIENTED_EDGE('',*,*,#4266,.F.);
#7009=ORIENTED_EDGE('',*,*,#4909,.T.);
#7010=ORIENTED_EDGE('',*,*,#3941,.F.);
#7011=ORIENTED_EDGE('',*,*,#4906,.F.);
#7012=ORIENTED_EDGE('',*,*,#4263,.F.);
#7013=ORIENTED_EDGE('',*,*,#4910,.T.);
#7014=ORIENTED_EDGE('',*,*,#3940,.F.);
#7015=ORIENTED_EDGE('',*,*,#4911,.F.);
#7016=ORIENTED_EDGE('',*,*,#4264,.F.);
#7017=ORIENTED_EDGE('',*,*,#4911,.T.);
#7018=ORIENTED_EDGE('',*,*,#3939,.F.);
#7019=ORIENTED_EDGE('',*,*,#4912,.F.);
#7020=ORIENTED_EDGE('',*,*,#4265,.F.);
#7021=ORIENTED_EDGE('',*,*,#4912,.T.);
#7022=ORIENTED_EDGE('',*,*,#3938,.F.);
#7023=ORIENTED_EDGE('',*,*,#4913,.F.);
#7024=ORIENTED_EDGE('',*,*,#4262,.F.);
#7025=ORIENTED_EDGE('',*,*,#4913,.T.);
#7026=ORIENTED_EDGE('',*,*,#3937,.F.);
#7027=ORIENTED_EDGE('',*,*,#4910,.F.);
#7028=PLANE('',#7733);
#7029=PLANE('',#7737);
#7030=PLANE('',#7741);
#7031=PLANE('',#7745);
#7032=PLANE('',#7746);
#7033=PLANE('',#7751);
#7034=PLANE('',#7752);
#7035=PLANE('',#7757);
#7036=PLANE('',#7758);
#7037=PLANE('',#7759);
#7038=PLANE('',#7760);
#7039=PLANE('',#7762);
#7040=PLANE('',#7763);
#7041=PLANE('',#7765);
#7042=PLANE('',#7767);
#7043=PLANE('',#7769);
#7044=PLANE('',#7779);
#7045=PLANE('',#7781);
#7046=PLANE('',#7791);
#7047=PLANE('',#7792);
#7048=PLANE('',#7793);
#7049=PLANE('',#7794);
#7050=PLANE('',#7795);
#7051=PLANE('',#7796);
#7052=PLANE('',#7797);
#7053=PLANE('',#7798);
#7054=PLANE('',#7799);
#7055=PLANE('',#7800);
#7056=PLANE('',#7801);
#7057=PLANE('',#7802);
#7058=PLANE('',#7803);
#7059=PLANE('',#7804);
#7060=PLANE('',#7805);
#7061=PLANE('',#7806);
#7062=PLANE('',#7807);
#7063=PLANE('',#7808);
#7064=PLANE('',#7809);
#7065=PLANE('',#7810);
#7066=PLANE('',#7811);
#7067=PLANE('',#7812);
#7068=PLANE('',#7813);
#7069=PLANE('',#7814);
#7070=PLANE('',#7815);
#7071=PLANE('',#7816);
#7072=PLANE('',#7817);
#7073=PLANE('',#7818);
#7074=PLANE('',#7819);
#7075=PLANE('',#7820);
#7076=PLANE('',#7821);
#7077=PLANE('',#7822);
#7078=PLANE('',#7823);
#7079=PLANE('',#7824);
#7080=PLANE('',#7825);
#7081=PLANE('',#7826);
#7082=PLANE('',#7827);
#7083=PLANE('',#7828);
#7084=PLANE('',#7829);
#7085=PLANE('',#7830);
#7086=PLANE('',#7831);
#7087=PLANE('',#7832);
#7088=PLANE('',#7833);
#7089=PLANE('',#7834);
#7090=PLANE('',#7835);
#7091=PLANE('',#7836);
#7092=PLANE('',#7837);
#7093=PLANE('',#7838);
#7094=PLANE('',#7839);
#7095=PLANE('',#7840);
#7096=PLANE('',#7841);
#7097=PLANE('',#7842);
#7098=PLANE('',#7843);
#7099=PLANE('',#7844);
#7100=PLANE('',#7845);
#7101=PLANE('',#7846);
#7102=PLANE('',#7847);
#7103=PLANE('',#7848);
#7104=PLANE('',#7849);
#7105=PLANE('',#7850);
#7106=PLANE('',#7851);
#7107=PLANE('',#7852);
#7108=PLANE('',#7853);
#7109=PLANE('',#7854);
#7110=PLANE('',#7855);
#7111=PLANE('',#7856);
#7112=PLANE('',#7857);
#7113=PLANE('',#7858);
#7114=PLANE('',#7859);
#7115=PLANE('',#7860);
#7116=PLANE('',#7861);
#7117=PLANE('',#7862);
#7118=PLANE('',#7863);
#7119=PLANE('',#7864);
#7120=PLANE('',#7865);
#7121=PLANE('',#7866);
#7122=PLANE('',#7867);
#7123=PLANE('',#7868);
#7124=PLANE('',#7869);
#7125=PLANE('',#7870);
#7126=PLANE('',#7871);
#7127=PLANE('',#7872);
#7128=PLANE('',#7873);
#7129=PLANE('',#7874);
#7130=PLANE('',#7875);
#7131=PLANE('',#7876);
#7132=PLANE('',#7877);
#7133=PLANE('',#7878);
#7134=PLANE('',#7879);
#7135=PLANE('',#7880);
#7136=PLANE('',#7881);
#7137=PLANE('',#7882);
#7138=PLANE('',#7883);
#7139=PLANE('',#7884);
#7140=PLANE('',#7885);
#7141=PLANE('',#7886);
#7142=PLANE('',#7887);
#7143=PLANE('',#7888);
#7144=PLANE('',#7889);
#7145=PLANE('',#7890);
#7146=PLANE('',#7891);
#7147=PLANE('',#7892);
#7148=PLANE('',#7893);
#7149=PLANE('',#7894);
#7150=PLANE('',#7895);
#7151=PLANE('',#7896);
#7152=PLANE('',#7897);
#7153=PLANE('',#7898);
#7154=PLANE('',#7899);
#7155=PLANE('',#7900);
#7156=PLANE('',#7901);
#7157=PLANE('',#7902);
#7158=PLANE('',#7903);
#7159=PLANE('',#7904);
#7160=PLANE('',#7905);
#7161=PLANE('',#7906);
#7162=PLANE('',#7907);
#7163=PLANE('',#7908);
#7164=PLANE('',#7909);
#7165=PLANE('',#7910);
#7166=PLANE('',#7911);
#7167=PLANE('',#7912);
#7168=PLANE('',#7913);
#7169=PLANE('',#7914);
#7170=PLANE('',#7915);
#7171=PLANE('',#7916);
#7172=PLANE('',#7917);
#7173=PLANE('',#7918);
#7174=PLANE('',#7919);
#7175=PLANE('',#7920);
#7176=PLANE('',#7921);
#7177=PLANE('',#7922);
#7178=PLANE('',#7923);
#7179=PLANE('',#7924);
#7180=PLANE('',#7925);
#7181=PLANE('',#7926);
#7182=PLANE('',#7927);
#7183=PLANE('',#7928);
#7184=PLANE('',#7929);
#7185=PLANE('',#7930);
#7186=PLANE('',#7931);
#7187=PLANE('',#7932);
#7188=PLANE('',#7933);
#7189=PLANE('',#7934);
#7190=PLANE('',#7935);
#7191=PLANE('',#7936);
#7192=PLANE('',#7937);
#7193=PLANE('',#7938);
#7194=PLANE('',#7939);
#7195=PLANE('',#7940);
#7196=PLANE('',#7941);
#7197=PLANE('',#7942);
#7198=PLANE('',#7943);
#7199=PLANE('',#7944);
#7200=PLANE('',#7945);
#7201=PLANE('',#7946);
#7202=PLANE('',#7947);
#7203=PLANE('',#7948);
#7204=PLANE('',#7949);
#7205=PLANE('',#7950);
#7206=PLANE('',#7951);
#7207=PLANE('',#7952);
#7208=PLANE('',#7953);
#7209=PLANE('',#7954);
#7210=PLANE('',#7955);
#7211=PLANE('',#7956);
#7212=PLANE('',#7957);
#7213=PLANE('',#7958);
#7214=PLANE('',#7959);
#7215=PLANE('',#7960);
#7216=PLANE('',#7961);
#7217=PLANE('',#7962);
#7218=PLANE('',#7963);
#7219=PLANE('',#7964);
#7220=PLANE('',#7965);
#7221=PLANE('',#7966);
#7222=PLANE('',#7967);
#7223=PLANE('',#7968);
#7224=PLANE('',#7969);
#7225=PLANE('',#7970);
#7226=PLANE('',#7971);
#7227=PLANE('',#7972);
#7228=PLANE('',#7973);
#7229=PLANE('',#7974);
#7230=PLANE('',#7975);
#7231=PLANE('',#7976);
#7232=PLANE('',#7977);
#7233=PLANE('',#7978);
#7234=PLANE('',#7979);
#7235=PLANE('',#7980);
#7236=PLANE('',#7981);
#7237=PLANE('',#7982);
#7238=PLANE('',#7983);
#7239=PLANE('',#7984);
#7240=PLANE('',#7985);
#7241=PLANE('',#7986);
#7242=PLANE('',#7987);
#7243=PLANE('',#7988);
#7244=PLANE('',#7989);
#7245=PLANE('',#7990);
#7246=PLANE('',#7991);
#7247=PLANE('',#7992);
#7248=PLANE('',#7993);
#7249=PLANE('',#7994);
#7250=PLANE('',#7995);
#7251=PLANE('',#7996);
#7252=PLANE('',#7997);
#7253=PLANE('',#7998);
#7254=PLANE('',#7999);
#7255=PLANE('',#8000);
#7256=PLANE('',#8001);
#7257=PLANE('',#8002);
#7258=PLANE('',#8003);
#7259=PLANE('',#8004);
#7260=PLANE('',#8005);
#7261=PLANE('',#8006);
#7262=PLANE('',#8007);
#7263=PLANE('',#8008);
#7264=PLANE('',#8009);
#7265=PLANE('',#8010);
#7266=PLANE('',#8011);
#7267=PLANE('',#8012);
#7268=PLANE('',#8013);
#7269=PLANE('',#8014);
#7270=PLANE('',#8015);
#7271=PLANE('',#8016);
#7272=PLANE('',#8017);
#7273=PLANE('',#8018);
#7274=PLANE('',#8019);
#7275=PLANE('',#8020);
#7276=PLANE('',#8021);
#7277=PLANE('',#8022);
#7278=PLANE('',#8023);
#7279=PLANE('',#8024);
#7280=PLANE('',#8025);
#7281=PLANE('',#8026);
#7282=PLANE('',#8027);
#7283=PLANE('',#8028);
#7284=PLANE('',#8029);
#7285=PLANE('',#8030);
#7286=PLANE('',#8031);
#7287=PLANE('',#8032);
#7288=PLANE('',#8033);
#7289=PLANE('',#8034);
#7290=PLANE('',#8035);
#7291=PLANE('',#8036);
#7292=PLANE('',#8037);
#7293=PLANE('',#8038);
#7294=PLANE('',#8039);
#7295=PLANE('',#8040);
#7296=PLANE('',#8041);
#7297=PLANE('',#8042);
#7298=PLANE('',#8043);
#7299=PLANE('',#8044);
#7300=PLANE('',#8045);
#7301=PLANE('',#8046);
#7302=PLANE('',#8047);
#7303=PLANE('',#8048);
#7304=PLANE('',#8049);
#7305=PLANE('',#8050);
#7306=PLANE('',#8051);
#7307=PLANE('',#8052);
#7308=PLANE('',#8053);
#7309=PLANE('',#8054);
#7310=PLANE('',#8055);
#7311=PLANE('',#8056);
#7312=PLANE('',#8057);
#7313=PLANE('',#8058);
#7314=PLANE('',#8059);
#7315=PLANE('',#8060);
#7316=PLANE('',#8061);
#7317=PLANE('',#8062);
#7318=PLANE('',#8063);
#7319=PLANE('',#8064);
#7320=PLANE('',#8065);
#7321=PLANE('',#8066);
#7322=PLANE('',#8067);
#7323=PLANE('',#8068);
#7324=PLANE('',#8069);
#7325=PLANE('',#8070);
#7326=PLANE('',#8071);
#7327=PLANE('',#8072);
#7328=PLANE('',#8073);
#7329=PLANE('',#8074);
#7330=PLANE('',#8075);
#7331=PLANE('',#8076);
#7332=PLANE('',#8077);
#7333=PLANE('',#8078);
#7334=PLANE('',#8079);
#7335=PLANE('',#8080);
#7336=PLANE('',#8081);
#7337=PLANE('',#8082);
#7338=PLANE('',#8083);
#7339=PLANE('',#8084);
#7340=PLANE('',#8085);
#7341=PLANE('',#8086);
#7342=PLANE('',#8087);
#7343=PLANE('',#8088);
#7344=PLANE('',#8089);
#7345=PLANE('',#8090);
#7346=PLANE('',#8091);
#7347=PLANE('',#8092);
#7348=PLANE('',#8093);
#7349=PLANE('',#8094);
#7350=PLANE('',#8095);
#7351=PLANE('',#8096);
#7352=PLANE('',#8097);
#7353=PLANE('',#8098);
#7354=PLANE('',#8099);
#7355=PLANE('',#8100);
#7356=PLANE('',#8101);
#7357=PLANE('',#8102);
#7358=PLANE('',#8103);
#7359=PLANE('',#8104);
#7360=PLANE('',#8105);
#7361=PLANE('',#8106);
#7362=PLANE('',#8107);
#7363=PLANE('',#8108);
#7364=PLANE('',#8109);
#7365=PLANE('',#8110);
#7366=PLANE('',#8111);
#7367=PLANE('',#8112);
#7368=PLANE('',#8113);
#7369=PLANE('',#8114);
#7370=PLANE('',#8115);
#7371=PLANE('',#8116);
#7372=ADVANCED_FACE('',(#215),#7028,.T.);
#7373=ADVANCED_FACE('',(#216),#204,.T.);
#7374=ADVANCED_FACE('',(#217),#7029,.T.);
#7375=ADVANCED_FACE('',(#218),#205,.T.);
#7376=ADVANCED_FACE('',(#219),#7030,.T.);
#7377=ADVANCED_FACE('',(#220),#206,.T.);
#7378=ADVANCED_FACE('',(#221),#7031,.T.);
#7379=ADVANCED_FACE('',(#222),#7032,.F.);
#7380=ADVANCED_FACE('',(#223),#207,.T.);
#7381=ADVANCED_FACE('',(#224),#7033,.T.);
#7382=ADVANCED_FACE('',(#225),#7034,.T.);
#7383=ADVANCED_FACE('',(#226),#208,.T.);
#7384=ADVANCED_FACE('',(#227),#7035,.F.);
#7385=ADVANCED_FACE('',(#228),#7036,.T.);
#7386=ADVANCED_FACE('',(#229),#7037,.T.);
#7387=ADVANCED_FACE('',(#230),#7038,.F.);
#7388=ADVANCED_FACE('',(#231),#7039,.F.);
#7389=ADVANCED_FACE('',(#232),#7040,.T.);
#7390=ADVANCED_FACE('',(#233,#19,#20,#21,#22,#23,#24,#25,#26,#27,#28,#29,
#30,#31,#32,#33,#34,#35,#36,#37,#38,#39,#40,#41,#42,#43,#44,#45,#46,#47,
#48,#49,#50,#51,#52,#53,#54,#55,#56,#57,#58,#59,#60,#61,#62,#63,#64,#65,
#66,#67,#68,#69,#70,#71,#72,#73,#74,#75,#76,#77,#78,#79,#80,#81,#82,#83,
#84,#85,#86,#87,#88,#89,#90,#91,#92,#93,#94,#95,#96,#97,#98),#7041,.T.);
#7391=ADVANCED_FACE('',(#234),#7042,.T.);
#7392=ADVANCED_FACE('',(#235,#99,#100,#101,#102,#103,#104,#105,#106,#107,
#108,#109,#110,#111,#112,#113,#114,#115,#116,#117,#118,#119,#120,#121,#122,
#123,#124,#125,#126,#127,#128,#129,#130,#131,#132,#133,#134,#135,#136,#137,
#138,#139,#140,#141,#142,#143,#144,#145,#146,#147,#148,#149,#150,#151,#152,
#153,#154,#155,#156,#157,#158,#159,#160,#161,#162,#163,#164,#165,#166,#167,
#168,#169,#170,#171,#172,#173,#174,#175,#176,#177,#178),#7043,.T.);
#7393=ADVANCED_FACE('',(#236),#209,.T.);
#7394=ADVANCED_FACE('',(#237),#210,.T.);
#7395=ADVANCED_FACE('',(#238),#15,.T.);
#7396=ADVANCED_FACE('',(#239),#16,.T.);
#7397=ADVANCED_FACE('',(#240),#7044,.T.);
#7398=ADVANCED_FACE('',(#241),#211,.T.);
#7399=ADVANCED_FACE('',(#242),#7045,.T.);
#7400=ADVANCED_FACE('',(#243),#212,.T.);
#7401=ADVANCED_FACE('',(#244),#213,.T.);
#7402=ADVANCED_FACE('',(#245),#17,.T.);
#7403=ADVANCED_FACE('',(#246),#214,.T.);
#7404=ADVANCED_FACE('',(#247),#18,.T.);
#7405=ADVANCED_FACE('',(#248),#7046,.T.);
#7406=ADVANCED_FACE('',(#249),#7047,.T.);
#7407=ADVANCED_FACE('',(#250),#7048,.T.);
#7408=ADVANCED_FACE('',(#251),#7049,.T.);
#7409=ADVANCED_FACE('',(#252),#7050,.T.);
#7410=ADVANCED_FACE('',(#253),#7051,.T.);
#7411=ADVANCED_FACE('',(#254),#7052,.T.);
#7412=ADVANCED_FACE('',(#255),#7053,.T.);
#7413=ADVANCED_FACE('',(#256),#7054,.T.);
#7414=ADVANCED_FACE('',(#257),#7055,.T.);
#7415=ADVANCED_FACE('',(#258),#7056,.F.);
#7416=ADVANCED_FACE('',(#259),#7057,.F.);
#7417=ADVANCED_FACE('',(#260),#7058,.F.);
#7418=ADVANCED_FACE('',(#261),#7059,.F.);
#7419=ADVANCED_FACE('',(#262),#7060,.T.);
#7420=ADVANCED_FACE('',(#263),#7061,.T.);
#7421=ADVANCED_FACE('',(#264),#7062,.T.);
#7422=ADVANCED_FACE('',(#265),#7063,.T.);
#7423=ADVANCED_FACE('',(#266),#7064,.F.);
#7424=ADVANCED_FACE('',(#267),#7065,.F.);
#7425=ADVANCED_FACE('',(#268),#7066,.F.);
#7426=ADVANCED_FACE('',(#269),#7067,.F.);
#7427=ADVANCED_FACE('',(#270),#7068,.T.);
#7428=ADVANCED_FACE('',(#271),#7069,.T.);
#7429=ADVANCED_FACE('',(#272),#7070,.T.);
#7430=ADVANCED_FACE('',(#273),#7071,.T.);
#7431=ADVANCED_FACE('',(#274),#7072,.T.);
#7432=ADVANCED_FACE('',(#275),#7073,.T.);
#7433=ADVANCED_FACE('',(#276),#7074,.T.);
#7434=ADVANCED_FACE('',(#277),#7075,.T.);
#7435=ADVANCED_FACE('',(#278),#7076,.T.);
#7436=ADVANCED_FACE('',(#279),#7077,.T.);
#7437=ADVANCED_FACE('',(#280),#7078,.T.);
#7438=ADVANCED_FACE('',(#281),#7079,.T.);
#7439=ADVANCED_FACE('',(#282),#7080,.T.);
#7440=ADVANCED_FACE('',(#283),#7081,.T.);
#7441=ADVANCED_FACE('',(#284),#7082,.T.);
#7442=ADVANCED_FACE('',(#285),#7083,.T.);
#7443=ADVANCED_FACE('',(#286),#7084,.T.);
#7444=ADVANCED_FACE('',(#287),#7085,.T.);
#7445=ADVANCED_FACE('',(#288),#7086,.T.);
#7446=ADVANCED_FACE('',(#289),#7087,.T.);
#7447=ADVANCED_FACE('',(#290),#7088,.T.);
#7448=ADVANCED_FACE('',(#291),#7089,.T.);
#7449=ADVANCED_FACE('',(#292),#7090,.T.);
#7450=ADVANCED_FACE('',(#293),#7091,.T.);
#7451=ADVANCED_FACE('',(#294),#7092,.T.);
#7452=ADVANCED_FACE('',(#295),#7093,.T.);
#7453=ADVANCED_FACE('',(#296),#7094,.T.);
#7454=ADVANCED_FACE('',(#297),#7095,.T.);
#7455=ADVANCED_FACE('',(#298),#7096,.T.);
#7456=ADVANCED_FACE('',(#299),#7097,.T.);
#7457=ADVANCED_FACE('',(#300),#7098,.T.);
#7458=ADVANCED_FACE('',(#301),#7099,.T.);
#7459=ADVANCED_FACE('',(#302),#7100,.T.);
#7460=ADVANCED_FACE('',(#303),#7101,.T.);
#7461=ADVANCED_FACE('',(#304),#7102,.T.);
#7462=ADVANCED_FACE('',(#305),#7103,.T.);
#7463=ADVANCED_FACE('',(#306),#7104,.T.);
#7464=ADVANCED_FACE('',(#307),#7105,.T.);
#7465=ADVANCED_FACE('',(#308),#7106,.T.);
#7466=ADVANCED_FACE('',(#309),#7107,.T.);
#7467=ADVANCED_FACE('',(#310),#7108,.T.);
#7468=ADVANCED_FACE('',(#311),#7109,.T.);
#7469=ADVANCED_FACE('',(#312),#7110,.T.);
#7470=ADVANCED_FACE('',(#313),#7111,.T.);
#7471=ADVANCED_FACE('',(#314),#7112,.T.);
#7472=ADVANCED_FACE('',(#315),#7113,.T.);
#7473=ADVANCED_FACE('',(#316),#7114,.T.);
#7474=ADVANCED_FACE('',(#317),#7115,.T.);
#7475=ADVANCED_FACE('',(#318),#7116,.T.);
#7476=ADVANCED_FACE('',(#319),#7117,.T.);
#7477=ADVANCED_FACE('',(#320),#7118,.T.);
#7478=ADVANCED_FACE('',(#321),#7119,.T.);
#7479=ADVANCED_FACE('',(#322),#7120,.T.);
#7480=ADVANCED_FACE('',(#323),#7121,.T.);
#7481=ADVANCED_FACE('',(#324),#7122,.T.);
#7482=ADVANCED_FACE('',(#325),#7123,.T.);
#7483=ADVANCED_FACE('',(#326),#7124,.T.);
#7484=ADVANCED_FACE('',(#327),#7125,.T.);
#7485=ADVANCED_FACE('',(#328),#7126,.T.);
#7486=ADVANCED_FACE('',(#329),#7127,.T.);
#7487=ADVANCED_FACE('',(#330),#7128,.T.);
#7488=ADVANCED_FACE('',(#331),#7129,.T.);
#7489=ADVANCED_FACE('',(#332),#7130,.T.);
#7490=ADVANCED_FACE('',(#333),#7131,.T.);
#7491=ADVANCED_FACE('',(#334),#7132,.T.);
#7492=ADVANCED_FACE('',(#335),#7133,.T.);
#7493=ADVANCED_FACE('',(#336),#7134,.T.);
#7494=ADVANCED_FACE('',(#337),#7135,.T.);
#7495=ADVANCED_FACE('',(#338),#7136,.T.);
#7496=ADVANCED_FACE('',(#339),#7137,.T.);
#7497=ADVANCED_FACE('',(#340),#7138,.T.);
#7498=ADVANCED_FACE('',(#341),#7139,.T.);
#7499=ADVANCED_FACE('',(#342),#7140,.T.);
#7500=ADVANCED_FACE('',(#343),#7141,.T.);
#7501=ADVANCED_FACE('',(#344),#7142,.T.);
#7502=ADVANCED_FACE('',(#345),#7143,.T.);
#7503=ADVANCED_FACE('',(#346),#7144,.T.);
#7504=ADVANCED_FACE('',(#347),#7145,.T.);
#7505=ADVANCED_FACE('',(#348),#7146,.T.);
#7506=ADVANCED_FACE('',(#349),#7147,.T.);
#7507=ADVANCED_FACE('',(#350),#7148,.T.);
#7508=ADVANCED_FACE('',(#351),#7149,.T.);
#7509=ADVANCED_FACE('',(#352),#7150,.T.);
#7510=ADVANCED_FACE('',(#353),#7151,.T.);
#7511=ADVANCED_FACE('',(#354),#7152,.T.);
#7512=ADVANCED_FACE('',(#355),#7153,.T.);
#7513=ADVANCED_FACE('',(#356),#7154,.T.);
#7514=ADVANCED_FACE('',(#357),#7155,.T.);
#7515=ADVANCED_FACE('',(#358),#7156,.T.);
#7516=ADVANCED_FACE('',(#359),#7157,.T.);
#7517=ADVANCED_FACE('',(#360),#7158,.T.);
#7518=ADVANCED_FACE('',(#361),#7159,.T.);
#7519=ADVANCED_FACE('',(#362),#7160,.T.);
#7520=ADVANCED_FACE('',(#363),#7161,.T.);
#7521=ADVANCED_FACE('',(#364),#7162,.T.);
#7522=ADVANCED_FACE('',(#365),#7163,.T.);
#7523=ADVANCED_FACE('',(#366),#7164,.T.);
#7524=ADVANCED_FACE('',(#367),#7165,.T.);
#7525=ADVANCED_FACE('',(#368),#7166,.T.);
#7526=ADVANCED_FACE('',(#369),#7167,.T.);
#7527=ADVANCED_FACE('',(#370),#7168,.T.);
#7528=ADVANCED_FACE('',(#371),#7169,.T.);
#7529=ADVANCED_FACE('',(#372),#7170,.T.);
#7530=ADVANCED_FACE('',(#373),#7171,.T.);
#7531=ADVANCED_FACE('',(#374),#7172,.T.);
#7532=ADVANCED_FACE('',(#375),#7173,.T.);
#7533=ADVANCED_FACE('',(#376),#7174,.T.);
#7534=ADVANCED_FACE('',(#377),#7175,.T.);
#7535=ADVANCED_FACE('',(#378),#7176,.T.);
#7536=ADVANCED_FACE('',(#379),#7177,.T.);
#7537=ADVANCED_FACE('',(#380),#7178,.T.);
#7538=ADVANCED_FACE('',(#381),#7179,.T.);
#7539=ADVANCED_FACE('',(#382),#7180,.T.);
#7540=ADVANCED_FACE('',(#383),#7181,.T.);
#7541=ADVANCED_FACE('',(#384),#7182,.T.);
#7542=ADVANCED_FACE('',(#385),#7183,.T.);
#7543=ADVANCED_FACE('',(#386),#7184,.T.);
#7544=ADVANCED_FACE('',(#387),#7185,.T.);
#7545=ADVANCED_FACE('',(#388),#7186,.T.);
#7546=ADVANCED_FACE('',(#389),#7187,.T.);
#7547=ADVANCED_FACE('',(#390),#7188,.T.);
#7548=ADVANCED_FACE('',(#391),#7189,.T.);
#7549=ADVANCED_FACE('',(#392),#7190,.T.);
#7550=ADVANCED_FACE('',(#393),#7191,.T.);
#7551=ADVANCED_FACE('',(#394),#7192,.T.);
#7552=ADVANCED_FACE('',(#395),#7193,.T.);
#7553=ADVANCED_FACE('',(#396),#7194,.T.);
#7554=ADVANCED_FACE('',(#397),#7195,.T.);
#7555=ADVANCED_FACE('',(#398),#7196,.T.);
#7556=ADVANCED_FACE('',(#399),#7197,.T.);
#7557=ADVANCED_FACE('',(#400),#7198,.T.);
#7558=ADVANCED_FACE('',(#401),#7199,.T.);
#7559=ADVANCED_FACE('',(#402),#7200,.T.);
#7560=ADVANCED_FACE('',(#403),#7201,.T.);
#7561=ADVANCED_FACE('',(#404),#7202,.T.);
#7562=ADVANCED_FACE('',(#405),#7203,.T.);
#7563=ADVANCED_FACE('',(#406),#7204,.T.);
#7564=ADVANCED_FACE('',(#407),#7205,.T.);
#7565=ADVANCED_FACE('',(#408),#7206,.T.);
#7566=ADVANCED_FACE('',(#409),#7207,.T.);
#7567=ADVANCED_FACE('',(#410),#7208,.T.);
#7568=ADVANCED_FACE('',(#411),#7209,.T.);
#7569=ADVANCED_FACE('',(#412),#7210,.T.);
#7570=ADVANCED_FACE('',(#413),#7211,.T.);
#7571=ADVANCED_FACE('',(#414),#7212,.T.);
#7572=ADVANCED_FACE('',(#415),#7213,.T.);
#7573=ADVANCED_FACE('',(#416),#7214,.T.);
#7574=ADVANCED_FACE('',(#417),#7215,.T.);
#7575=ADVANCED_FACE('',(#418),#7216,.T.);
#7576=ADVANCED_FACE('',(#419),#7217,.T.);
#7577=ADVANCED_FACE('',(#420),#7218,.T.);
#7578=ADVANCED_FACE('',(#421),#7219,.T.);
#7579=ADVANCED_FACE('',(#422),#7220,.T.);
#7580=ADVANCED_FACE('',(#423),#7221,.T.);
#7581=ADVANCED_FACE('',(#424),#7222,.T.);
#7582=ADVANCED_FACE('',(#425),#7223,.T.);
#7583=ADVANCED_FACE('',(#426),#7224,.T.);
#7584=ADVANCED_FACE('',(#427),#7225,.T.);
#7585=ADVANCED_FACE('',(#428),#7226,.T.);
#7586=ADVANCED_FACE('',(#429),#7227,.T.);
#7587=ADVANCED_FACE('',(#430),#7228,.T.);
#7588=ADVANCED_FACE('',(#431),#7229,.T.);
#7589=ADVANCED_FACE('',(#432),#7230,.T.);
#7590=ADVANCED_FACE('',(#433),#7231,.T.);
#7591=ADVANCED_FACE('',(#434),#7232,.T.);
#7592=ADVANCED_FACE('',(#435),#7233,.T.);
#7593=ADVANCED_FACE('',(#436),#7234,.T.);
#7594=ADVANCED_FACE('',(#437),#7235,.T.);
#7595=ADVANCED_FACE('',(#438),#7236,.T.);
#7596=ADVANCED_FACE('',(#439),#7237,.T.);
#7597=ADVANCED_FACE('',(#440),#7238,.T.);
#7598=ADVANCED_FACE('',(#441),#7239,.T.);
#7599=ADVANCED_FACE('',(#442),#7240,.T.);
#7600=ADVANCED_FACE('',(#443),#7241,.T.);
#7601=ADVANCED_FACE('',(#444),#7242,.T.);
#7602=ADVANCED_FACE('',(#445),#7243,.T.);
#7603=ADVANCED_FACE('',(#446),#7244,.T.);
#7604=ADVANCED_FACE('',(#447),#7245,.T.);
#7605=ADVANCED_FACE('',(#448),#7246,.T.);
#7606=ADVANCED_FACE('',(#449),#7247,.T.);
#7607=ADVANCED_FACE('',(#450),#7248,.T.);
#7608=ADVANCED_FACE('',(#451),#7249,.T.);
#7609=ADVANCED_FACE('',(#452),#7250,.T.);
#7610=ADVANCED_FACE('',(#453),#7251,.T.);
#7611=ADVANCED_FACE('',(#454),#7252,.T.);
#7612=ADVANCED_FACE('',(#455),#7253,.T.);
#7613=ADVANCED_FACE('',(#456),#7254,.T.);
#7614=ADVANCED_FACE('',(#457),#7255,.T.);
#7615=ADVANCED_FACE('',(#458),#7256,.T.);
#7616=ADVANCED_FACE('',(#459),#7257,.T.);
#7617=ADVANCED_FACE('',(#460),#7258,.T.);
#7618=ADVANCED_FACE('',(#461),#7259,.T.);
#7619=ADVANCED_FACE('',(#462),#7260,.T.);
#7620=ADVANCED_FACE('',(#463),#7261,.T.);
#7621=ADVANCED_FACE('',(#464),#7262,.T.);
#7622=ADVANCED_FACE('',(#465),#7263,.T.);
#7623=ADVANCED_FACE('',(#466),#7264,.T.);
#7624=ADVANCED_FACE('',(#467),#7265,.T.);
#7625=ADVANCED_FACE('',(#468),#7266,.T.);
#7626=ADVANCED_FACE('',(#469),#7267,.T.);
#7627=ADVANCED_FACE('',(#470),#7268,.T.);
#7628=ADVANCED_FACE('',(#471),#7269,.T.);
#7629=ADVANCED_FACE('',(#472),#7270,.T.);
#7630=ADVANCED_FACE('',(#473),#7271,.T.);
#7631=ADVANCED_FACE('',(#474),#7272,.T.);
#7632=ADVANCED_FACE('',(#475),#7273,.T.);
#7633=ADVANCED_FACE('',(#476),#7274,.T.);
#7634=ADVANCED_FACE('',(#477),#7275,.T.);
#7635=ADVANCED_FACE('',(#478),#7276,.T.);
#7636=ADVANCED_FACE('',(#479),#7277,.T.);
#7637=ADVANCED_FACE('',(#480),#7278,.T.);
#7638=ADVANCED_FACE('',(#481),#7279,.T.);
#7639=ADVANCED_FACE('',(#482),#7280,.T.);
#7640=ADVANCED_FACE('',(#483),#7281,.T.);
#7641=ADVANCED_FACE('',(#484),#7282,.T.);
#7642=ADVANCED_FACE('',(#485),#7283,.T.);
#7643=ADVANCED_FACE('',(#486),#7284,.T.);
#7644=ADVANCED_FACE('',(#487),#7285,.T.);
#7645=ADVANCED_FACE('',(#488),#7286,.T.);
#7646=ADVANCED_FACE('',(#489),#7287,.T.);
#7647=ADVANCED_FACE('',(#490),#7288,.T.);
#7648=ADVANCED_FACE('',(#491),#7289,.T.);
#7649=ADVANCED_FACE('',(#492),#7290,.T.);
#7650=ADVANCED_FACE('',(#493),#7291,.T.);
#7651=ADVANCED_FACE('',(#494),#7292,.T.);
#7652=ADVANCED_FACE('',(#495),#7293,.T.);
#7653=ADVANCED_FACE('',(#496),#7294,.T.);
#7654=ADVANCED_FACE('',(#497),#7295,.T.);
#7655=ADVANCED_FACE('',(#498),#7296,.T.);
#7656=ADVANCED_FACE('',(#499),#7297,.T.);
#7657=ADVANCED_FACE('',(#500),#7298,.T.);
#7658=ADVANCED_FACE('',(#501),#7299,.T.);
#7659=ADVANCED_FACE('',(#502),#7300,.T.);
#7660=ADVANCED_FACE('',(#503),#7301,.T.);
#7661=ADVANCED_FACE('',(#504),#7302,.T.);
#7662=ADVANCED_FACE('',(#505),#7303,.T.);
#7663=ADVANCED_FACE('',(#506),#7304,.T.);
#7664=ADVANCED_FACE('',(#507),#7305,.T.);
#7665=ADVANCED_FACE('',(#508),#7306,.T.);
#7666=ADVANCED_FACE('',(#509),#7307,.T.);
#7667=ADVANCED_FACE('',(#510),#7308,.T.);
#7668=ADVANCED_FACE('',(#511),#7309,.T.);
#7669=ADVANCED_FACE('',(#512),#7310,.T.);
#7670=ADVANCED_FACE('',(#513),#7311,.T.);
#7671=ADVANCED_FACE('',(#514),#7312,.T.);
#7672=ADVANCED_FACE('',(#515),#7313,.T.);
#7673=ADVANCED_FACE('',(#516),#7314,.T.);
#7674=ADVANCED_FACE('',(#517),#7315,.T.);
#7675=ADVANCED_FACE('',(#518),#7316,.T.);
#7676=ADVANCED_FACE('',(#519),#7317,.T.);
#7677=ADVANCED_FACE('',(#520),#7318,.T.);
#7678=ADVANCED_FACE('',(#521),#7319,.T.);
#7679=ADVANCED_FACE('',(#522),#7320,.T.);
#7680=ADVANCED_FACE('',(#523),#7321,.T.);
#7681=ADVANCED_FACE('',(#524),#7322,.T.);
#7682=ADVANCED_FACE('',(#525),#7323,.T.);
#7683=ADVANCED_FACE('',(#526),#7324,.T.);
#7684=ADVANCED_FACE('',(#527),#7325,.T.);
#7685=ADVANCED_FACE('',(#528),#7326,.T.);
#7686=ADVANCED_FACE('',(#529),#7327,.T.);
#7687=ADVANCED_FACE('',(#530),#7328,.T.);
#7688=ADVANCED_FACE('',(#531),#7329,.T.);
#7689=ADVANCED_FACE('',(#532),#7330,.T.);
#7690=ADVANCED_FACE('',(#533),#7331,.T.);
#7691=ADVANCED_FACE('',(#534),#7332,.T.);
#7692=ADVANCED_FACE('',(#535),#7333,.T.);
#7693=ADVANCED_FACE('',(#536),#7334,.T.);
#7694=ADVANCED_FACE('',(#537),#7335,.T.);
#7695=ADVANCED_FACE('',(#538),#7336,.T.);
#7696=ADVANCED_FACE('',(#539),#7337,.T.);
#7697=ADVANCED_FACE('',(#540),#7338,.T.);
#7698=ADVANCED_FACE('',(#541),#7339,.T.);
#7699=ADVANCED_FACE('',(#542),#7340,.T.);
#7700=ADVANCED_FACE('',(#543),#7341,.T.);
#7701=ADVANCED_FACE('',(#544),#7342,.T.);
#7702=ADVANCED_FACE('',(#545),#7343,.T.);
#7703=ADVANCED_FACE('',(#546),#7344,.T.);
#7704=ADVANCED_FACE('',(#547),#7345,.T.);
#7705=ADVANCED_FACE('',(#548),#7346,.T.);
#7706=ADVANCED_FACE('',(#549),#7347,.T.);
#7707=ADVANCED_FACE('',(#550),#7348,.T.);
#7708=ADVANCED_FACE('',(#551),#7349,.T.);
#7709=ADVANCED_FACE('',(#552),#7350,.T.);
#7710=ADVANCED_FACE('',(#553),#7351,.T.);
#7711=ADVANCED_FACE('',(#554),#7352,.T.);
#7712=ADVANCED_FACE('',(#555),#7353,.T.);
#7713=ADVANCED_FACE('',(#556),#7354,.T.);
#7714=ADVANCED_FACE('',(#557),#7355,.T.);
#7715=ADVANCED_FACE('',(#558),#7356,.T.);
#7716=ADVANCED_FACE('',(#559),#7357,.T.);
#7717=ADVANCED_FACE('',(#560),#7358,.T.);
#7718=ADVANCED_FACE('',(#561),#7359,.T.);
#7719=ADVANCED_FACE('',(#562),#7360,.T.);
#7720=ADVANCED_FACE('',(#563),#7361,.T.);
#7721=ADVANCED_FACE('',(#564),#7362,.T.);
#7722=ADVANCED_FACE('',(#565),#7363,.T.);
#7723=ADVANCED_FACE('',(#566),#7364,.T.);
#7724=ADVANCED_FACE('',(#567),#7365,.T.);
#7725=ADVANCED_FACE('',(#568),#7366,.T.);
#7726=ADVANCED_FACE('',(#569),#7367,.T.);
#7727=ADVANCED_FACE('',(#570),#7368,.T.);
#7728=ADVANCED_FACE('',(#571),#7369,.T.);
#7729=ADVANCED_FACE('',(#572),#7370,.T.);
#7730=ADVANCED_FACE('',(#573),#7371,.T.);
#7731=CLOSED_SHELL('',(#7372,#7373,#7374,#7375,#7376,#7377,#7378,#7379,
#7380,#7381,#7382,#7383,#7384,#7385,#7386,#7387,#7388,#7389,#7390,#7391,
#7392,#7393,#7394,#7395,#7396,#7397,#7398,#7399,#7400,#7401,#7402,#7403,
#7404,#7405,#7406,#7407,#7408,#7409,#7410,#7411,#7412,#7413,#7414,#7415,
#7416,#7417,#7418,#7419,#7420,#7421,#7422,#7423,#7424,#7425,#7426,#7427,
#7428,#7429,#7430,#7431,#7432,#7433,#7434,#7435,#7436,#7437,#7438,#7439,
#7440,#7441,#7442,#7443,#7444,#7445,#7446,#7447,#7448,#7449,#7450,#7451,
#7452,#7453,#7454,#7455,#7456,#7457,#7458,#7459,#7460,#7461,#7462,#7463,
#7464,#7465,#7466,#7467,#7468,#7469,#7470,#7471,#7472,#7473,#7474,#7475,
#7476,#7477,#7478,#7479,#7480,#7481,#7482,#7483,#7484,#7485,#7486,#7487,
#7488,#7489,#7490,#7491,#7492,#7493,#7494,#7495,#7496,#7497,#7498,#7499,
#7500,#7501,#7502,#7503,#7504,#7505,#7506,#7507,#7508,#7509,#7510,#7511,
#7512,#7513,#7514,#7515,#7516,#7517,#7518,#7519,#7520,#7521,#7522,#7523,
#7524,#7525,#7526,#7527,#7528,#7529,#7530,#7531,#7532,#7533,#7534,#7535,
#7536,#7537,#7538,#7539,#7540,#7541,#7542,#7543,#7544,#7545,#7546,#7547,
#7548,#7549,#7550,#7551,#7552,#7553,#7554,#7555,#7556,#7557,#7558,#7559,
#7560,#7561,#7562,#7563,#7564,#7565,#7566,#7567,#7568,#7569,#7570,#7571,
#7572,#7573,#7574,#7575,#7576,#7577,#7578,#7579,#7580,#7581,#7582,#7583,
#7584,#7585,#7586,#7587,#7588,#7589,#7590,#7591,#7592,#7593,#7594,#7595,
#7596,#7597,#7598,#7599,#7600,#7601,#7602,#7603,#7604,#7605,#7606,#7607,
#7608,#7609,#7610,#7611,#7612,#7613,#7614,#7615,#7616,#7617,#7618,#7619,
#7620,#7621,#7622,#7623,#7624,#7625,#7626,#7627,#7628,#7629,#7630,#7631,
#7632,#7633,#7634,#7635,#7636,#7637,#7638,#7639,#7640,#7641,#7642,#7643,
#7644,#7645,#7646,#7647,#7648,#7649,#7650,#7651,#7652,#7653,#7654,#7655,
#7656,#7657,#7658,#7659,#7660,#7661,#7662,#7663,#7664,#7665,#7666,#7667,
#7668,#7669,#7670,#7671,#7672,#7673,#7674,#7675,#7676,#7677,#7678,#7679,
#7680,#7681,#7682,#7683,#7684,#7685,#7686,#7687,#7688,#7689,#7690,#7691,
#7692,#7693,#7694,#7695,#7696,#7697,#7698,#7699,#7700,#7701,#7702,#7703,
#7704,#7705,#7706,#7707,#7708,#7709,#7710,#7711,#7712,#7713,#7714,#7715,
#7716,#7717,#7718,#7719,#7720,#7721,#7722,#7723,#7724,#7725,#7726,#7727,
#7728,#7729,#7730));
#7732=AXIS2_PLACEMENT_3D('',#9919,#8117,#8118);
#7733=AXIS2_PLACEMENT_3D('',#9920,#8119,#8120);
#7734=AXIS2_PLACEMENT_3D('',#9929,#8125,#8126);
#7735=AXIS2_PLACEMENT_3D('',#9931,#8127,#8128);
#7736=AXIS2_PLACEMENT_3D('',#9934,#8130,#8131);
#7737=AXIS2_PLACEMENT_3D('',#9935,#8132,#8133);
#7738=AXIS2_PLACEMENT_3D('',#9941,#8137,#8138);
#7739=AXIS2_PLACEMENT_3D('',#9943,#8139,#8140);
#7740=AXIS2_PLACEMENT_3D('',#9946,#8142,#8143);
#7741=AXIS2_PLACEMENT_3D('',#9947,#8144,#8145);
#7742=AXIS2_PLACEMENT_3D('',#9953,#8149,#8150);
#7743=AXIS2_PLACEMENT_3D('',#9955,#8151,#8152);
#7744=AXIS2_PLACEMENT_3D('',#9958,#8154,#8155);
#7745=AXIS2_PLACEMENT_3D('',#9959,#8156,#8157);
#7746=AXIS2_PLACEMENT_3D('',#9965,#8161,#8162);
#7747=AXIS2_PLACEMENT_3D('',#9976,#8168,#8169);
#7748=AXIS2_PLACEMENT_3D('',#9977,#8170,#8171);
#7749=AXIS2_PLACEMENT_3D('',#9980,#8172,#8173);
#7750=AXIS2_PLACEMENT_3D('',#9984,#8175,#8176);
#7751=AXIS2_PLACEMENT_3D('',#9986,#8178,#8179);
#7752=AXIS2_PLACEMENT_3D('',#9992,#8183,#8184);
#7753=AXIS2_PLACEMENT_3D('',#10000,#8189,#8190);
#7754=AXIS2_PLACEMENT_3D('',#10003,#8191,#8192);
#7755=AXIS2_PLACEMENT_3D('',#10007,#8194,#8195);
#7756=AXIS2_PLACEMENT_3D('',#10010,#8197,#8198);
#7757=AXIS2_PLACEMENT_3D('',#10011,#8199,#8200);
#7758=AXIS2_PLACEMENT_3D('',#10018,#8205,#8206);
#7759=AXIS2_PLACEMENT_3D('',#10028,#8212,#8213);
#7760=AXIS2_PLACEMENT_3D('',#10032,#8216,#8217);
#7761=AXIS2_PLACEMENT_3D('',#10034,#8218,#8219);
#7762=AXIS2_PLACEMENT_3D('',#10038,#8222,#8223);
#7763=AXIS2_PLACEMENT_3D('',#10040,#8225,#8226);
#7764=AXIS2_PLACEMENT_3D('',#10042,#8227,#8228);
#7765=AXIS2_PLACEMENT_3D('',#10046,#8231,#8232);
#7766=AXIS2_PLACEMENT_3D('',#10048,#8234,#8235);
#7767=AXIS2_PLACEMENT_3D('',#10689,#8556,#8557);
#7768=AXIS2_PLACEMENT_3D('',#10691,#8558,#8559);
#7769=AXIS2_PLACEMENT_3D('',#10693,#8561,#8562);
#7770=AXIS2_PLACEMENT_3D('',#11344,#8889,#8890);
#7771=AXIS2_PLACEMENT_3D('',#11346,#8891,#8892);
#7772=AXIS2_PLACEMENT_3D('',#11348,#8894,#8895);
#7773=AXIS2_PLACEMENT_3D('',#11350,#8896,#8897);
#7774=AXIS2_PLACEMENT_3D('',#11352,#8898,#8899);
#7775=AXIS2_PLACEMENT_3D('',#11354,#8901,#8902);
#7776=AXIS2_PLACEMENT_3D('',#11355,#8903,#8904);
#7777=AXIS2_PLACEMENT_3D('',#11356,#8905,#8906);
#7778=AXIS2_PLACEMENT_3D('',#11357,#8907,#8908);
#7779=AXIS2_PLACEMENT_3D('',#11358,#8909,#8910);
#7780=AXIS2_PLACEMENT_3D('',#11360,#8912,#8913);
#7781=AXIS2_PLACEMENT_3D('',#11362,#8915,#8916);
#7782=AXIS2_PLACEMENT_3D('',#11377,#8925,#8926);
#7783=AXIS2_PLACEMENT_3D('',#11378,#8927,#8928);
#7784=AXIS2_PLACEMENT_3D('',#11379,#8929,#8930);
#7785=AXIS2_PLACEMENT_3D('',#11380,#8931,#8932);
#7786=AXIS2_PLACEMENT_3D('',#11381,#8933,#8934);
#7787=AXIS2_PLACEMENT_3D('',#11382,#8935,#8936);
#7788=AXIS2_PLACEMENT_3D('',#11383,#8937,#8938);
#7789=AXIS2_PLACEMENT_3D('',#11384,#8939,#8940);
#7790=AXIS2_PLACEMENT_3D('',#11385,#8941,#8942);
#7791=AXIS2_PLACEMENT_3D('',#11386,#8943,#8944);
#7792=AXIS2_PLACEMENT_3D('',#11388,#8946,#8947);
#7793=AXIS2_PLACEMENT_3D('',#11390,#8949,#8950);
#7794=AXIS2_PLACEMENT_3D('',#11392,#8952,#8953);
#7795=AXIS2_PLACEMENT_3D('',#11394,#8955,#8956);
#7796=AXIS2_PLACEMENT_3D('',#11395,#8957,#8958);
#7797=AXIS2_PLACEMENT_3D('',#11396,#8959,#8960);
#7798=AXIS2_PLACEMENT_3D('',#11399,#8963,#8964);
#7799=AXIS2_PLACEMENT_3D('',#11402,#8967,#8968);
#7800=AXIS2_PLACEMENT_3D('',#11405,#8971,#8972);
#7801=AXIS2_PLACEMENT_3D('',#11408,#8975,#8976);
#7802=AXIS2_PLACEMENT_3D('',#11410,#8978,#8979);
#7803=AXIS2_PLACEMENT_3D('',#11412,#8981,#8982);
#7804=AXIS2_PLACEMENT_3D('',#11414,#8984,#8985);
#7805=AXIS2_PLACEMENT_3D('',#11416,#8987,#8988);
#7806=AXIS2_PLACEMENT_3D('',#11417,#8989,#8990);
#7807=AXIS2_PLACEMENT_3D('',#11419,#8992,#8993);
#7808=AXIS2_PLACEMENT_3D('',#11421,#8995,#8996);
#7809=AXIS2_PLACEMENT_3D('',#11422,#8997,#8998);
#7810=AXIS2_PLACEMENT_3D('',#11424,#9000,#9001);
#7811=AXIS2_PLACEMENT_3D('',#11426,#9003,#9004);
#7812=AXIS2_PLACEMENT_3D('',#11427,#9005,#9006);
#7813=AXIS2_PLACEMENT_3D('',#11428,#9007,#9008);
#7814=AXIS2_PLACEMENT_3D('',#11431,#9011,#9012);
#7815=AXIS2_PLACEMENT_3D('',#11433,#9014,#9015);
#7816=AXIS2_PLACEMENT_3D('',#11435,#9017,#9018);
#7817=AXIS2_PLACEMENT_3D('',#11436,#9019,#9020);
#7818=AXIS2_PLACEMENT_3D('',#11439,#9023,#9024);
#7819=AXIS2_PLACEMENT_3D('',#11441,#9026,#9027);
#7820=AXIS2_PLACEMENT_3D('',#11443,#9029,#9030);
#7821=AXIS2_PLACEMENT_3D('',#11444,#9031,#9032);
#7822=AXIS2_PLACEMENT_3D('',#11447,#9035,#9036);
#7823=AXIS2_PLACEMENT_3D('',#11449,#9038,#9039);
#7824=AXIS2_PLACEMENT_3D('',#11451,#9041,#9042);
#7825=AXIS2_PLACEMENT_3D('',#11452,#9043,#9044);
#7826=AXIS2_PLACEMENT_3D('',#11455,#9047,#9048);
#7827=AXIS2_PLACEMENT_3D('',#11457,#9050,#9051);
#7828=AXIS2_PLACEMENT_3D('',#11459,#9053,#9054);
#7829=AXIS2_PLACEMENT_3D('',#11460,#9055,#9056);
#7830=AXIS2_PLACEMENT_3D('',#11463,#9059,#9060);
#7831=AXIS2_PLACEMENT_3D('',#11465,#9062,#9063);
#7832=AXIS2_PLACEMENT_3D('',#11467,#9065,#9066);
#7833=AXIS2_PLACEMENT_3D('',#11468,#9067,#9068);
#7834=AXIS2_PLACEMENT_3D('',#11471,#9071,#9072);
#7835=AXIS2_PLACEMENT_3D('',#11473,#9074,#9075);
#7836=AXIS2_PLACEMENT_3D('',#11475,#9077,#9078);
#7837=AXIS2_PLACEMENT_3D('',#11476,#9079,#9080);
#7838=AXIS2_PLACEMENT_3D('',#11479,#9083,#9084);
#7839=AXIS2_PLACEMENT_3D('',#11481,#9086,#9087);
#7840=AXIS2_PLACEMENT_3D('',#11483,#9089,#9090);
#7841=AXIS2_PLACEMENT_3D('',#11484,#9091,#9092);
#7842=AXIS2_PLACEMENT_3D('',#11487,#9095,#9096);
#7843=AXIS2_PLACEMENT_3D('',#11489,#9098,#9099);
#7844=AXIS2_PLACEMENT_3D('',#11491,#9101,#9102);
#7845=AXIS2_PLACEMENT_3D('',#11492,#9103,#9104);
#7846=AXIS2_PLACEMENT_3D('',#11495,#9107,#9108);
#7847=AXIS2_PLACEMENT_3D('',#11497,#9110,#9111);
#7848=AXIS2_PLACEMENT_3D('',#11499,#9113,#9114);
#7849=AXIS2_PLACEMENT_3D('',#11500,#9115,#9116);
#7850=AXIS2_PLACEMENT_3D('',#11503,#9119,#9120);
#7851=AXIS2_PLACEMENT_3D('',#11505,#9122,#9123);
#7852=AXIS2_PLACEMENT_3D('',#11507,#9125,#9126);
#7853=AXIS2_PLACEMENT_3D('',#11508,#9127,#9128);
#7854=AXIS2_PLACEMENT_3D('',#11511,#9131,#9132);
#7855=AXIS2_PLACEMENT_3D('',#11513,#9134,#9135);
#7856=AXIS2_PLACEMENT_3D('',#11515,#9137,#9138);
#7857=AXIS2_PLACEMENT_3D('',#11516,#9139,#9140);
#7858=AXIS2_PLACEMENT_3D('',#11519,#9143,#9144);
#7859=AXIS2_PLACEMENT_3D('',#11521,#9146,#9147);
#7860=AXIS2_PLACEMENT_3D('',#11523,#9149,#9150);
#7861=AXIS2_PLACEMENT_3D('',#11524,#9151,#9152);
#7862=AXIS2_PLACEMENT_3D('',#11527,#9155,#9156);
#7863=AXIS2_PLACEMENT_3D('',#11529,#9158,#9159);
#7864=AXIS2_PLACEMENT_3D('',#11531,#9161,#9162);
#7865=AXIS2_PLACEMENT_3D('',#11532,#9163,#9164);
#7866=AXIS2_PLACEMENT_3D('',#11535,#9167,#9168);
#7867=AXIS2_PLACEMENT_3D('',#11537,#9170,#9171);
#7868=AXIS2_PLACEMENT_3D('',#11539,#9173,#9174);
#7869=AXIS2_PLACEMENT_3D('',#11540,#9175,#9176);
#7870=AXIS2_PLACEMENT_3D('',#11543,#9179,#9180);
#7871=AXIS2_PLACEMENT_3D('',#11545,#9182,#9183);
#7872=AXIS2_PLACEMENT_3D('',#11547,#9185,#9186);
#7873=AXIS2_PLACEMENT_3D('',#11548,#9187,#9188);
#7874=AXIS2_PLACEMENT_3D('',#11551,#9191,#9192);
#7875=AXIS2_PLACEMENT_3D('',#11553,#9194,#9195);
#7876=AXIS2_PLACEMENT_3D('',#11555,#9197,#9198);
#7877=AXIS2_PLACEMENT_3D('',#11556,#9199,#9200);
#7878=AXIS2_PLACEMENT_3D('',#11559,#9203,#9204);
#7879=AXIS2_PLACEMENT_3D('',#11561,#9206,#9207);
#7880=AXIS2_PLACEMENT_3D('',#11563,#9209,#9210);
#7881=AXIS2_PLACEMENT_3D('',#11564,#9211,#9212);
#7882=AXIS2_PLACEMENT_3D('',#11567,#9215,#9216);
#7883=AXIS2_PLACEMENT_3D('',#11569,#9218,#9219);
#7884=AXIS2_PLACEMENT_3D('',#11571,#9221,#9222);
#7885=AXIS2_PLACEMENT_3D('',#11572,#9223,#9224);
#7886=AXIS2_PLACEMENT_3D('',#11575,#9227,#9228);
#7887=AXIS2_PLACEMENT_3D('',#11577,#9230,#9231);
#7888=AXIS2_PLACEMENT_3D('',#11579,#9233,#9234);
#7889=AXIS2_PLACEMENT_3D('',#11580,#9235,#9236);
#7890=AXIS2_PLACEMENT_3D('',#11583,#9239,#9240);
#7891=AXIS2_PLACEMENT_3D('',#11585,#9242,#9243);
#7892=AXIS2_PLACEMENT_3D('',#11587,#9245,#9246);
#7893=AXIS2_PLACEMENT_3D('',#11588,#9247,#9248);
#7894=AXIS2_PLACEMENT_3D('',#11591,#9251,#9252);
#7895=AXIS2_PLACEMENT_3D('',#11593,#9254,#9255);
#7896=AXIS2_PLACEMENT_3D('',#11595,#9257,#9258);
#7897=AXIS2_PLACEMENT_3D('',#11596,#9259,#9260);
#7898=AXIS2_PLACEMENT_3D('',#11599,#9263,#9264);
#7899=AXIS2_PLACEMENT_3D('',#11601,#9266,#9267);
#7900=AXIS2_PLACEMENT_3D('',#11603,#9269,#9270);
#7901=AXIS2_PLACEMENT_3D('',#11604,#9271,#9272);
#7902=AXIS2_PLACEMENT_3D('',#11607,#9275,#9276);
#7903=AXIS2_PLACEMENT_3D('',#11609,#9278,#9279);
#7904=AXIS2_PLACEMENT_3D('',#11611,#9281,#9282);
#7905=AXIS2_PLACEMENT_3D('',#11612,#9283,#9284);
#7906=AXIS2_PLACEMENT_3D('',#11615,#9287,#9288);
#7907=AXIS2_PLACEMENT_3D('',#11617,#9290,#9291);
#7908=AXIS2_PLACEMENT_3D('',#11619,#9293,#9294);
#7909=AXIS2_PLACEMENT_3D('',#11620,#9295,#9296);
#7910=AXIS2_PLACEMENT_3D('',#11623,#9299,#9300);
#7911=AXIS2_PLACEMENT_3D('',#11625,#9302,#9303);
#7912=AXIS2_PLACEMENT_3D('',#11627,#9305,#9306);
#7913=AXIS2_PLACEMENT_3D('',#11628,#9307,#9308);
#7914=AXIS2_PLACEMENT_3D('',#11631,#9311,#9312);
#7915=AXIS2_PLACEMENT_3D('',#11633,#9314,#9315);
#7916=AXIS2_PLACEMENT_3D('',#11635,#9317,#9318);
#7917=AXIS2_PLACEMENT_3D('',#11636,#9319,#9320);
#7918=AXIS2_PLACEMENT_3D('',#11639,#9323,#9324);
#7919=AXIS2_PLACEMENT_3D('',#11641,#9326,#9327);
#7920=AXIS2_PLACEMENT_3D('',#11643,#9329,#9330);
#7921=AXIS2_PLACEMENT_3D('',#11644,#9331,#9332);
#7922=AXIS2_PLACEMENT_3D('',#11647,#9335,#9336);
#7923=AXIS2_PLACEMENT_3D('',#11649,#9338,#9339);
#7924=AXIS2_PLACEMENT_3D('',#11651,#9341,#9342);
#7925=AXIS2_PLACEMENT_3D('',#11652,#9343,#9344);
#7926=AXIS2_PLACEMENT_3D('',#11655,#9347,#9348);
#7927=AXIS2_PLACEMENT_3D('',#11657,#9350,#9351);
#7928=AXIS2_PLACEMENT_3D('',#11659,#9353,#9354);
#7929=AXIS2_PLACEMENT_3D('',#11660,#9355,#9356);
#7930=AXIS2_PLACEMENT_3D('',#11663,#9359,#9360);
#7931=AXIS2_PLACEMENT_3D('',#11665,#9362,#9363);
#7932=AXIS2_PLACEMENT_3D('',#11667,#9365,#9366);
#7933=AXIS2_PLACEMENT_3D('',#11668,#9367,#9368);
#7934=AXIS2_PLACEMENT_3D('',#11671,#9371,#9372);
#7935=AXIS2_PLACEMENT_3D('',#11673,#9374,#9375);
#7936=AXIS2_PLACEMENT_3D('',#11675,#9377,#9378);
#7937=AXIS2_PLACEMENT_3D('',#11676,#9379,#9380);
#7938=AXIS2_PLACEMENT_3D('',#11679,#9383,#9384);
#7939=AXIS2_PLACEMENT_3D('',#11681,#9386,#9387);
#7940=AXIS2_PLACEMENT_3D('',#11683,#9389,#9390);
#7941=AXIS2_PLACEMENT_3D('',#11684,#9391,#9392);
#7942=AXIS2_PLACEMENT_3D('',#11687,#9395,#9396);
#7943=AXIS2_PLACEMENT_3D('',#11689,#9398,#9399);
#7944=AXIS2_PLACEMENT_3D('',#11691,#9401,#9402);
#7945=AXIS2_PLACEMENT_3D('',#11692,#9403,#9404);
#7946=AXIS2_PLACEMENT_3D('',#11695,#9407,#9408);
#7947=AXIS2_PLACEMENT_3D('',#11697,#9410,#9411);
#7948=AXIS2_PLACEMENT_3D('',#11699,#9413,#9414);
#7949=AXIS2_PLACEMENT_3D('',#11700,#9415,#9416);
#7950=AXIS2_PLACEMENT_3D('',#11703,#9419,#9420);
#7951=AXIS2_PLACEMENT_3D('',#11705,#9422,#9423);
#7952=AXIS2_PLACEMENT_3D('',#11707,#9425,#9426);
#7953=AXIS2_PLACEMENT_3D('',#11708,#9427,#9428);
#7954=AXIS2_PLACEMENT_3D('',#11711,#9431,#9432);
#7955=AXIS2_PLACEMENT_3D('',#11713,#9434,#9435);
#7956=AXIS2_PLACEMENT_3D('',#11715,#9437,#9438);
#7957=AXIS2_PLACEMENT_3D('',#11716,#9439,#9440);
#7958=AXIS2_PLACEMENT_3D('',#11719,#9443,#9444);
#7959=AXIS2_PLACEMENT_3D('',#11721,#9446,#9447);
#7960=AXIS2_PLACEMENT_3D('',#11723,#9449,#9450);
#7961=AXIS2_PLACEMENT_3D('',#11724,#9451,#9452);
#7962=AXIS2_PLACEMENT_3D('',#11727,#9455,#9456);
#7963=AXIS2_PLACEMENT_3D('',#11729,#9458,#9459);
#7964=AXIS2_PLACEMENT_3D('',#11731,#9461,#9462);
#7965=AXIS2_PLACEMENT_3D('',#11732,#9463,#9464);
#7966=AXIS2_PLACEMENT_3D('',#11735,#9467,#9468);
#7967=AXIS2_PLACEMENT_3D('',#11737,#9470,#9471);
#7968=AXIS2_PLACEMENT_3D('',#11739,#9473,#9474);
#7969=AXIS2_PLACEMENT_3D('',#11740,#9475,#9476);
#7970=AXIS2_PLACEMENT_3D('',#11743,#9479,#9480);
#7971=AXIS2_PLACEMENT_3D('',#11745,#9482,#9483);
#7972=AXIS2_PLACEMENT_3D('',#11747,#9485,#9486);
#7973=AXIS2_PLACEMENT_3D('',#11748,#9487,#9488);
#7974=AXIS2_PLACEMENT_3D('',#11751,#9491,#9492);
#7975=AXIS2_PLACEMENT_3D('',#11753,#9494,#9495);
#7976=AXIS2_PLACEMENT_3D('',#11755,#9497,#9498);
#7977=AXIS2_PLACEMENT_3D('',#11756,#9499,#9500);
#7978=AXIS2_PLACEMENT_3D('',#11759,#9503,#9504);
#7979=AXIS2_PLACEMENT_3D('',#11761,#9506,#9507);
#7980=AXIS2_PLACEMENT_3D('',#11763,#9509,#9510);
#7981=AXIS2_PLACEMENT_3D('',#11764,#9511,#9512);
#7982=AXIS2_PLACEMENT_3D('',#11767,#9515,#9516);
#7983=AXIS2_PLACEMENT_3D('',#11769,#9518,#9519);
#7984=AXIS2_PLACEMENT_3D('',#11771,#9521,#9522);
#7985=AXIS2_PLACEMENT_3D('',#11772,#9523,#9524);
#7986=AXIS2_PLACEMENT_3D('',#11775,#9527,#9528);
#7987=AXIS2_PLACEMENT_3D('',#11777,#9530,#9531);
#7988=AXIS2_PLACEMENT_3D('',#11779,#9533,#9534);
#7989=AXIS2_PLACEMENT_3D('',#11780,#9535,#9536);
#7990=AXIS2_PLACEMENT_3D('',#11783,#9539,#9540);
#7991=AXIS2_PLACEMENT_3D('',#11785,#9542,#9543);
#7992=AXIS2_PLACEMENT_3D('',#11787,#9545,#9546);
#7993=AXIS2_PLACEMENT_3D('',#11788,#9547,#9548);
#7994=AXIS2_PLACEMENT_3D('',#11791,#9551,#9552);
#7995=AXIS2_PLACEMENT_3D('',#11793,#9554,#9555);
#7996=AXIS2_PLACEMENT_3D('',#11795,#9557,#9558);
#7997=AXIS2_PLACEMENT_3D('',#11796,#9559,#9560);
#7998=AXIS2_PLACEMENT_3D('',#11799,#9563,#9564);
#7999=AXIS2_PLACEMENT_3D('',#11801,#9566,#9567);
#8000=AXIS2_PLACEMENT_3D('',#11803,#9569,#9570);
#8001=AXIS2_PLACEMENT_3D('',#11804,#9571,#9572);
#8002=AXIS2_PLACEMENT_3D('',#11807,#9575,#9576);
#8003=AXIS2_PLACEMENT_3D('',#11809,#9578,#9579);
#8004=AXIS2_PLACEMENT_3D('',#11811,#9581,#9582);
#8005=AXIS2_PLACEMENT_3D('',#11812,#9583,#9584);
#8006=AXIS2_PLACEMENT_3D('',#11815,#9587,#9588);
#8007=AXIS2_PLACEMENT_3D('',#11817,#9590,#9591);
#8008=AXIS2_PLACEMENT_3D('',#11819,#9593,#9594);
#8009=AXIS2_PLACEMENT_3D('',#11820,#9595,#9596);
#8010=AXIS2_PLACEMENT_3D('',#11823,#9599,#9600);
#8011=AXIS2_PLACEMENT_3D('',#11825,#9602,#9603);
#8012=AXIS2_PLACEMENT_3D('',#11827,#9605,#9606);
#8013=AXIS2_PLACEMENT_3D('',#11828,#9607,#9608);
#8014=AXIS2_PLACEMENT_3D('',#11831,#9611,#9612);
#8015=AXIS2_PLACEMENT_3D('',#11833,#9614,#9615);
#8016=AXIS2_PLACEMENT_3D('',#11835,#9617,#9618);
#8017=AXIS2_PLACEMENT_3D('',#11836,#9619,#9620);
#8018=AXIS2_PLACEMENT_3D('',#11839,#9623,#9624);
#8019=AXIS2_PLACEMENT_3D('',#11841,#9626,#9627);
#8020=AXIS2_PLACEMENT_3D('',#11843,#9629,#9630);
#8021=AXIS2_PLACEMENT_3D('',#11844,#9631,#9632);
#8022=AXIS2_PLACEMENT_3D('',#11847,#9635,#9636);
#8023=AXIS2_PLACEMENT_3D('',#11849,#9638,#9639);
#8024=AXIS2_PLACEMENT_3D('',#11851,#9641,#9642);
#8025=AXIS2_PLACEMENT_3D('',#11852,#9643,#9644);
#8026=AXIS2_PLACEMENT_3D('',#11855,#9647,#9648);
#8027=AXIS2_PLACEMENT_3D('',#11857,#9650,#9651);
#8028=AXIS2_PLACEMENT_3D('',#11859,#9653,#9654);
#8029=AXIS2_PLACEMENT_3D('',#11860,#9655,#9656);
#8030=AXIS2_PLACEMENT_3D('',#11863,#9659,#9660);
#8031=AXIS2_PLACEMENT_3D('',#11865,#9662,#9663);
#8032=AXIS2_PLACEMENT_3D('',#11867,#9665,#9666);
#8033=AXIS2_PLACEMENT_3D('',#11868,#9667,#9668);
#8034=AXIS2_PLACEMENT_3D('',#11871,#9671,#9672);
#8035=AXIS2_PLACEMENT_3D('',#11873,#9674,#9675);
#8036=AXIS2_PLACEMENT_3D('',#11875,#9677,#9678);
#8037=AXIS2_PLACEMENT_3D('',#11876,#9679,#9680);
#8038=AXIS2_PLACEMENT_3D('',#11879,#9683,#9684);
#8039=AXIS2_PLACEMENT_3D('',#11881,#9686,#9687);
#8040=AXIS2_PLACEMENT_3D('',#11883,#9689,#9690);
#8041=AXIS2_PLACEMENT_3D('',#11884,#9691,#9692);
#8042=AXIS2_PLACEMENT_3D('',#11887,#9695,#9696);
#8043=AXIS2_PLACEMENT_3D('',#11889,#9698,#9699);
#8044=AXIS2_PLACEMENT_3D('',#11891,#9701,#9702);
#8045=AXIS2_PLACEMENT_3D('',#11892,#9703,#9704);
#8046=AXIS2_PLACEMENT_3D('',#11895,#9707,#9708);
#8047=AXIS2_PLACEMENT_3D('',#11897,#9710,#9711);
#8048=AXIS2_PLACEMENT_3D('',#11899,#9713,#9714);
#8049=AXIS2_PLACEMENT_3D('',#11900,#9715,#9716);
#8050=AXIS2_PLACEMENT_3D('',#11903,#9719,#9720);
#8051=AXIS2_PLACEMENT_3D('',#11905,#9722,#9723);
#8052=AXIS2_PLACEMENT_3D('',#11907,#9725,#9726);
#8053=AXIS2_PLACEMENT_3D('',#11908,#9727,#9728);
#8054=AXIS2_PLACEMENT_3D('',#11911,#9731,#9732);
#8055=AXIS2_PLACEMENT_3D('',#11913,#9734,#9735);
#8056=AXIS2_PLACEMENT_3D('',#11915,#9737,#9738);
#8057=AXIS2_PLACEMENT_3D('',#11916,#9739,#9740);
#8058=AXIS2_PLACEMENT_3D('',#11919,#9743,#9744);
#8059=AXIS2_PLACEMENT_3D('',#11921,#9746,#9747);
#8060=AXIS2_PLACEMENT_3D('',#11923,#9749,#9750);
#8061=AXIS2_PLACEMENT_3D('',#11924,#9751,#9752);
#8062=AXIS2_PLACEMENT_3D('',#11927,#9755,#9756);
#8063=AXIS2_PLACEMENT_3D('',#11929,#9758,#9759);
#8064=AXIS2_PLACEMENT_3D('',#11931,#9761,#9762);
#8065=AXIS2_PLACEMENT_3D('',#11932,#9763,#9764);
#8066=AXIS2_PLACEMENT_3D('',#11935,#9767,#9768);
#8067=AXIS2_PLACEMENT_3D('',#11937,#9770,#9771);
#8068=AXIS2_PLACEMENT_3D('',#11939,#9773,#9774);
#8069=AXIS2_PLACEMENT_3D('',#11940,#9775,#9776);
#8070=AXIS2_PLACEMENT_3D('',#11943,#9779,#9780);
#8071=AXIS2_PLACEMENT_3D('',#11945,#9782,#9783);
#8072=AXIS2_PLACEMENT_3D('',#11947,#9785,#9786);
#8073=AXIS2_PLACEMENT_3D('',#11948,#9787,#9788);
#8074=AXIS2_PLACEMENT_3D('',#11951,#9791,#9792);
#8075=AXIS2_PLACEMENT_3D('',#11953,#9794,#9795);
#8076=AXIS2_PLACEMENT_3D('',#11955,#9797,#9798);
#8077=AXIS2_PLACEMENT_3D('',#11956,#9799,#9800);
#8078=AXIS2_PLACEMENT_3D('',#11959,#9803,#9804);
#8079=AXIS2_PLACEMENT_3D('',#11961,#9806,#9807);
#8080=AXIS2_PLACEMENT_3D('',#11963,#9809,#9810);
#8081=AXIS2_PLACEMENT_3D('',#11964,#9811,#9812);
#8082=AXIS2_PLACEMENT_3D('',#11967,#9815,#9816);
#8083=AXIS2_PLACEMENT_3D('',#11969,#9818,#9819);
#8084=AXIS2_PLACEMENT_3D('',#11971,#9821,#9822);
#8085=AXIS2_PLACEMENT_3D('',#11972,#9823,#9824);
#8086=AXIS2_PLACEMENT_3D('',#11975,#9827,#9828);
#8087=AXIS2_PLACEMENT_3D('',#11977,#9830,#9831);
#8088=AXIS2_PLACEMENT_3D('',#11979,#9833,#9834);
#8089=AXIS2_PLACEMENT_3D('',#11980,#9835,#9836);
#8090=AXIS2_PLACEMENT_3D('',#11983,#9839,#9840);
#8091=AXIS2_PLACEMENT_3D('',#11985,#9842,#9843);
#8092=AXIS2_PLACEMENT_3D('',#11987,#9845,#9846);
#8093=AXIS2_PLACEMENT_3D('',#11988,#9847,#9848);
#8094=AXIS2_PLACEMENT_3D('',#11991,#9851,#9852);
#8095=AXIS2_PLACEMENT_3D('',#11993,#9854,#9855);
#8096=AXIS2_PLACEMENT_3D('',#11995,#9857,#9858);
#8097=AXIS2_PLACEMENT_3D('',#11996,#9859,#9860);
#8098=AXIS2_PLACEMENT_3D('',#11999,#9863,#9864);
#8099=AXIS2_PLACEMENT_3D('',#12001,#9866,#9867);
#8100=AXIS2_PLACEMENT_3D('',#12003,#9869,#9870);
#8101=AXIS2_PLACEMENT_3D('',#12004,#9871,#9872);
#8102=AXIS2_PLACEMENT_3D('',#12007,#9875,#9876);
#8103=AXIS2_PLACEMENT_3D('',#12009,#9878,#9879);
#8104=AXIS2_PLACEMENT_3D('',#12011,#9881,#9882);
#8105=AXIS2_PLACEMENT_3D('',#12012,#9883,#9884);
#8106=AXIS2_PLACEMENT_3D('',#12015,#9887,#9888);
#8107=AXIS2_PLACEMENT_3D('',#12017,#9890,#9891);
#8108=AXIS2_PLACEMENT_3D('',#12019,#9893,#9894);
#8109=AXIS2_PLACEMENT_3D('',#12020,#9895,#9896);
#8110=AXIS2_PLACEMENT_3D('',#12023,#9899,#9900);
#8111=AXIS2_PLACEMENT_3D('',#12025,#9902,#9903);
#8112=AXIS2_PLACEMENT_3D('',#12027,#9905,#9906);
#8113=AXIS2_PLACEMENT_3D('',#12028,#9907,#9908);
#8114=AXIS2_PLACEMENT_3D('',#12031,#9911,#9912);
#8115=AXIS2_PLACEMENT_3D('',#12033,#9914,#9915);
#8116=AXIS2_PLACEMENT_3D('',#12035,#9917,#9918);
#8117=DIRECTION('axis',(0.,0.,1.));
#8118=DIRECTION('refdir',(1.,0.,0.));
#8119=DIRECTION('center_axis',(-1.,1.23644662144377E-16,0.));
#8120=DIRECTION('ref_axis',(1.23644662144377E-16,1.,0.));
#8121=DIRECTION('',(-1.23644662144377E-16,-1.,0.));
#8122=DIRECTION('',(0.,0.,-1.));
#8123=DIRECTION('',(-1.23644662144377E-16,-1.,0.));
#8124=DIRECTION('',(0.,0.,1.));
#8125=DIRECTION('center_axis',(0.,0.,-1.));
#8126=DIRECTION('ref_axis',(-0.707106781186544,-0.707106781186551,0.));
#8127=DIRECTION('center_axis',(0.,0.,1.));
#8128=DIRECTION('ref_axis',(-0.707106781186544,-0.707106781186551,0.));
#8129=DIRECTION('',(0.,0.,1.));
#8130=DIRECTION('center_axis',(0.,0.,-1.));
#8131=DIRECTION('ref_axis',(0.,-1.,0.));
#8132=DIRECTION('center_axis',(0.,-1.,0.));
#8133=DIRECTION('ref_axis',(-1.,0.,0.));
#8134=DIRECTION('',(1.,0.,0.));
#8135=DIRECTION('',(0.,0.,-1.));
#8136=DIRECTION('',(1.,0.,0.));
#8137=DIRECTION('center_axis',(0.,0.,1.));
#8138=DIRECTION('ref_axis',(0.707106781186548,-0.707106781186548,0.));
#8139=DIRECTION('center_axis',(0.,0.,1.));
#8140=DIRECTION('ref_axis',(0.707106781186548,-0.707106781186548,0.));
#8141=DIRECTION('',(0.,0.,1.));
#8142=DIRECTION('center_axis',(0.,0.,-1.));
#8143=DIRECTION('ref_axis',(1.,0.,0.));
#8144=DIRECTION('center_axis',(1.,0.,0.));
#8145=DIRECTION('ref_axis',(0.,-1.,0.));
#8146=DIRECTION('',(0.,1.,0.));
#8147=DIRECTION('',(0.,0.,-1.));
#8148=DIRECTION('',(0.,1.,0.));
#8149=DIRECTION('center_axis',(0.,0.,1.));
#8150=DIRECTION('ref_axis',(0.707106781186552,0.707106781186543,0.));
#8151=DIRECTION('center_axis',(0.,0.,1.));
#8152=DIRECTION('ref_axis',(0.707106781186552,0.707106781186543,0.));
#8153=DIRECTION('',(0.,0.,1.));
#8154=DIRECTION('center_axis',(0.,0.,-1.));
#8155=DIRECTION('ref_axis',(0.,1.,0.));
#8156=DIRECTION('center_axis',(0.,1.,0.));
#8157=DIRECTION('ref_axis',(1.,0.,0.));
#8158=DIRECTION('',(-1.,0.,0.));
#8159=DIRECTION('',(0.,0.,1.));
#8160=DIRECTION('',(-1.,0.,0.));
#8161=DIRECTION('center_axis',(1.,0.,0.));
#8162=DIRECTION('ref_axis',(0.,-1.,0.));
#8163=DIRECTION('',(0.,-1.,0.));
#8164=DIRECTION('',(0.,0.,-1.));
#8165=DIRECTION('',(0.,1.,0.));
#8166=DIRECTION('',(0.,0.,1.));
#8167=DIRECTION('',(0.,-1.,0.));
#8168=DIRECTION('center_axis',(1.,0.,0.));
#8169=DIRECTION('ref_axis',(0.,0.707106781186548,0.707106781186548));
#8170=DIRECTION('center_axis',(0.,0.,-1.));
#8171=DIRECTION('ref_axis',(-0.997560282844934,0.0698103293956985,0.));
#8172=DIRECTION('center_axis',(0.,0.,-1.));
#8173=DIRECTION('ref_axis',(-0.997560282844934,0.0698103293956985,0.));
#8174=DIRECTION('',(0.,0.,-1.));
#8175=DIRECTION('center_axis',(0.,0.,1.));
#8176=DIRECTION('ref_axis',(-0.997560282844934,0.0698103293956985,0.));
#8177=DIRECTION('',(0.,0.,1.));
#8178=DIRECTION('center_axis',(0.,1.,0.));
#8179=DIRECTION('ref_axis',(0.,0.,1.));
#8180=DIRECTION('',(1.,2.64022117865852E-17,0.));
#8181=DIRECTION('',(0.,0.,-1.));
#8182=DIRECTION('',(-1.,-2.64022117865852E-17,0.));
#8183=DIRECTION('center_axis',(1.,0.,0.));
#8184=DIRECTION('ref_axis',(0.,0.,-1.));
#8185=DIRECTION('',(0.,0.,-1.));
#8186=DIRECTION('',(0.,-1.,0.));
#8187=DIRECTION('',(0.,1.,0.));
#8188=DIRECTION('',(0.,1.,0.));
#8189=DIRECTION('center_axis',(-1.,0.,0.));
#8190=DIRECTION('ref_axis',(0.,0.707106781186548,0.707106781186548));
#8191=DIRECTION('center_axis',(1.,0.,0.));
#8192=DIRECTION('ref_axis',(0.,0.707106781186548,0.707106781186548));
#8193=DIRECTION('',(1.,0.,0.));
#8194=DIRECTION('center_axis',(-1.,0.,0.));
#8195=DIRECTION('ref_axis',(0.,0.707106781186548,0.707106781186548));
#8196=DIRECTION('',(-1.,0.,0.));
#8197=DIRECTION('center_axis',(-1.,0.,0.));
#8198=DIRECTION('ref_axis',(0.,0.707106781186548,0.707106781186548));
#8199=DIRECTION('center_axis',(0.,-1.,0.));
#8200=DIRECTION('ref_axis',(0.,0.,-1.));
#8201=DIRECTION('',(0.,0.,1.));
#8202=DIRECTION('',(1.,0.,0.));
#8203=DIRECTION('',(-1.,0.,0.));
#8204=DIRECTION('',(0.,0.,-1.));
#8205=DIRECTION('center_axis',(1.,0.,0.));
#8206=DIRECTION('ref_axis',(0.,0.,-1.));
#8207=DIRECTION('',(0.,1.,0.));
#8208=DIRECTION('',(0.,0.,1.));
#8209=DIRECTION('',(0.,-1.,0.));
#8210=DIRECTION('',(0.,0.,-1.));
#8211=DIRECTION('',(0.,1.,0.));
#8212=DIRECTION('center_axis',(0.,0.,1.));
#8213=DIRECTION('ref_axis',(1.,0.,0.));
#8214=DIRECTION('',(0.,-1.,0.));
#8215=DIRECTION('',(1.,0.,0.));
#8216=DIRECTION('center_axis',(-1.,0.,0.));
#8217=DIRECTION('ref_axis',(0.,0.,-1.));
#8218=DIRECTION('center_axis',(-1.,0.,0.));
#8219=DIRECTION('ref_axis',(0.,0.707106781186548,0.707106781186548));
#8220=DIRECTION('',(0.,-1.,0.));
#8221=DIRECTION('',(0.,0.,1.));
#8222=DIRECTION('center_axis',(0.,0.,1.));
#8223=DIRECTION('ref_axis',(-1.,0.,0.));
#8224=DIRECTION('',(1.,0.,0.));
#8225=DIRECTION('center_axis',(-1.,0.,0.));
#8226=DIRECTION('ref_axis',(0.,-1.,0.));
#8227=DIRECTION('center_axis',(-1.,0.,0.));
#8228=DIRECTION('ref_axis',(0.,0.707106781186548,0.707106781186548));
#8229=DIRECTION('',(0.,1.,0.));
#8230=DIRECTION('',(0.,0.,1.));
#8231=DIRECTION('center_axis',(0.,0.,-1.));
#8232=DIRECTION('ref_axis',(-1.,0.,0.));
#8233=DIRECTION('',(1.,2.64022117865852E-17,0.));
#8234=DIRECTION('center_axis',(0.,0.,1.));
#8235=DIRECTION('ref_axis',(-0.707106781186549,0.707106781186546,0.));
#8236=DIRECTION('',(0.,-1.,0.));
#8237=DIRECTION('',(1.,0.,0.));
#8238=DIRECTION('',(0.,1.,0.));
#8239=DIRECTION('',(-0.706994563294669,0.707218981272265,0.));
#8240=DIRECTION('',(-0.707106781186548,-0.707106781186547,0.));
#8241=DIRECTION('',(0.707106781186546,0.707106781186549,0.));
#8242=DIRECTION('',(-0.706994563294669,0.707218981272265,0.));
#8243=DIRECTION('',(0.,-1.,0.));
#8244=DIRECTION('',(0.707106781186547,-0.707106781186547,0.));
#8245=DIRECTION('',(0.,1.,0.));
#8246=DIRECTION('',(-0.707106781186548,-0.707106781186547,0.));
#8247=DIRECTION('',(0.707106781186546,0.707106781186549,0.));
#8248=DIRECTION('',(0.,1.,0.));
#8249=DIRECTION('',(-1.,0.,0.));
#8250=DIRECTION('',(0.,-1.,0.));
#8251=DIRECTION('',(0.707106781186547,-0.707106781186547,0.));
#8252=DIRECTION('',(1.,0.,0.));
#8253=DIRECTION('',(0.,1.,0.));
#8254=DIRECTION('',(-1.,0.,0.));
#8255=DIRECTION('',(0.,-1.,0.));
#8256=DIRECTION('',(1.,0.,0.));
#8257=DIRECTION('',(0.,1.,0.));
#8258=DIRECTION('',(-1.,0.,0.));
#8259=DIRECTION('',(0.,-1.,0.));
#8260=DIRECTION('',(1.,0.,0.));
#8261=DIRECTION('',(0.,1.,0.));
#8262=DIRECTION('',(-1.,0.,0.));
#8263=DIRECTION('',(0.,-1.,0.));
#8264=DIRECTION('',(1.,0.,0.));
#8265=DIRECTION('',(0.,1.,0.));
#8266=DIRECTION('',(-1.,0.,0.));
#8267=DIRECTION('',(0.,-1.,0.));
#8268=DIRECTION('',(1.,0.,0.));
#8269=DIRECTION('',(0.,1.,0.));
#8270=DIRECTION('',(-1.,0.,0.));
#8271=DIRECTION('',(0.,-1.,0.));
#8272=DIRECTION('',(1.,0.,0.));
#8273=DIRECTION('',(0.,1.,0.));
#8274=DIRECTION('',(-1.,0.,0.));
#8275=DIRECTION('',(0.,-1.,0.));
#8276=DIRECTION('',(1.,0.,0.));
#8277=DIRECTION('',(0.,1.,0.));
#8278=DIRECTION('',(-1.,0.,0.));
#8279=DIRECTION('',(0.,-1.,0.));
#8280=DIRECTION('',(1.,0.,0.));
#8281=DIRECTION('',(0.,1.,0.));
#8282=DIRECTION('',(-1.,0.,0.));
#8283=DIRECTION('',(0.,-1.,0.));
#8284=DIRECTION('',(1.,0.,0.));
#8285=DIRECTION('',(0.,1.,0.));
#8286=DIRECTION('',(-1.,0.,0.));
#8287=DIRECTION('',(0.,-1.,0.));
#8288=DIRECTION('',(1.,0.,0.));
#8289=DIRECTION('',(0.,1.,0.));
#8290=DIRECTION('',(-1.,0.,0.));
#8291=DIRECTION('',(0.,-1.,0.));
#8292=DIRECTION('',(1.,0.,0.));
#8293=DIRECTION('',(0.,1.,0.));
#8294=DIRECTION('',(-1.,0.,0.));
#8295=DIRECTION('',(0.,-1.,0.));
#8296=DIRECTION('',(1.,0.,0.));
#8297=DIRECTION('',(0.,1.,0.));
#8298=DIRECTION('',(-1.,0.,0.));
#8299=DIRECTION('',(0.,-1.,0.));
#8300=DIRECTION('',(1.,0.,0.));
#8301=DIRECTION('',(0.,1.,0.));
#8302=DIRECTION('',(-1.,0.,0.));
#8303=DIRECTION('',(0.,-1.,0.));
#8304=DIRECTION('',(1.,0.,0.));
#8305=DIRECTION('',(0.,1.,0.));
#8306=DIRECTION('',(-1.,0.,0.));
#8307=DIRECTION('',(0.,-1.,0.));
#8308=DIRECTION('',(1.,0.,0.));
#8309=DIRECTION('',(0.,1.,0.));
#8310=DIRECTION('',(-1.,0.,0.));
#8311=DIRECTION('',(0.,-1.,0.));
#8312=DIRECTION('',(1.,0.,0.));
#8313=DIRECTION('',(0.,1.,0.));
#8314=DIRECTION('',(-1.,0.,0.));
#8315=DIRECTION('',(0.,-1.,0.));
#8316=DIRECTION('',(1.,0.,0.));
#8317=DIRECTION('',(0.,1.,0.));
#8318=DIRECTION('',(-1.,0.,0.));
#8319=DIRECTION('',(0.,-1.,0.));
#8320=DIRECTION('',(1.,0.,0.));
#8321=DIRECTION('',(0.,1.,0.));
#8322=DIRECTION('',(-1.,0.,0.));
#8323=DIRECTION('',(0.,-1.,0.));
#8324=DIRECTION('',(1.,0.,0.));
#8325=DIRECTION('',(0.,1.,0.));
#8326=DIRECTION('',(-1.,0.,0.));
#8327=DIRECTION('',(0.,-1.,0.));
#8328=DIRECTION('',(1.,0.,0.));
#8329=DIRECTION('',(0.,1.,0.));
#8330=DIRECTION('',(-1.,0.,0.));
#8331=DIRECTION('',(0.,-1.,0.));
#8332=DIRECTION('',(1.,0.,0.));
#8333=DIRECTION('',(0.,1.,0.));
#8334=DIRECTION('',(-1.,0.,0.));
#8335=DIRECTION('',(0.,-1.,0.));
#8336=DIRECTION('',(1.,0.,0.));
#8337=DIRECTION('',(0.,1.,0.));
#8338=DIRECTION('',(-1.,0.,0.));
#8339=DIRECTION('',(0.,-1.,0.));
#8340=DIRECTION('',(1.,0.,0.));
#8341=DIRECTION('',(0.,1.,0.));
#8342=DIRECTION('',(-1.,0.,0.));
#8343=DIRECTION('',(0.,-1.,0.));
#8344=DIRECTION('',(1.,0.,0.));
#8345=DIRECTION('',(0.,1.,0.));
#8346=DIRECTION('',(-1.,0.,0.));
#8347=DIRECTION('',(0.,-1.,0.));
#8348=DIRECTION('',(1.,0.,0.));
#8349=DIRECTION('',(0.,1.,0.));
#8350=DIRECTION('',(-1.,0.,0.));
#8351=DIRECTION('',(0.,-1.,0.));
#8352=DIRECTION('',(1.,0.,0.));
#8353=DIRECTION('',(0.,1.,0.));
#8354=DIRECTION('',(-1.,0.,0.));
#8355=DIRECTION('',(0.,-1.,0.));
#8356=DIRECTION('',(1.,0.,0.));
#8357=DIRECTION('',(0.,1.,0.));
#8358=DIRECTION('',(-1.,0.,0.));
#8359=DIRECTION('',(0.,-1.,0.));
#8360=DIRECTION('',(1.,0.,0.));
#8361=DIRECTION('',(0.,1.,0.));
#8362=DIRECTION('',(-1.,0.,0.));
#8363=DIRECTION('',(0.,-1.,0.));
#8364=DIRECTION('',(1.,0.,0.));
#8365=DIRECTION('',(0.,1.,0.));
#8366=DIRECTION('',(-1.,0.,0.));
#8367=DIRECTION('',(0.,-1.,0.));
#8368=DIRECTION('',(1.,0.,0.));
#8369=DIRECTION('',(0.,1.,0.));
#8370=DIRECTION('',(-1.,0.,0.));
#8371=DIRECTION('',(0.,-1.,0.));
#8372=DIRECTION('',(1.,0.,0.));
#8373=DIRECTION('',(0.,1.,0.));
#8374=DIRECTION('',(-1.,0.,0.));
#8375=DIRECTION('',(0.,-1.,0.));
#8376=DIRECTION('',(1.,0.,0.));
#8377=DIRECTION('',(0.,1.,0.));
#8378=DIRECTION('',(-1.,0.,0.));
#8379=DIRECTION('',(0.,-1.,0.));
#8380=DIRECTION('',(1.,0.,0.));
#8381=DIRECTION('',(0.,1.,0.));
#8382=DIRECTION('',(-1.,0.,0.));
#8383=DIRECTION('',(0.,-1.,0.));
#8384=DIRECTION('',(1.,0.,0.));
#8385=DIRECTION('',(0.,1.,0.));
#8386=DIRECTION('',(-1.,0.,0.));
#8387=DIRECTION('',(0.,-1.,0.));
#8388=DIRECTION('',(1.,0.,0.));
#8389=DIRECTION('',(0.,1.,0.));
#8390=DIRECTION('',(-1.,0.,0.));
#8391=DIRECTION('',(0.,-1.,0.));
#8392=DIRECTION('',(1.,0.,0.));
#8393=DIRECTION('',(0.,1.,0.));
#8394=DIRECTION('',(-1.,0.,0.));
#8395=DIRECTION('',(0.,-1.,0.));
#8396=DIRECTION('',(1.,0.,0.));
#8397=DIRECTION('',(0.,1.,0.));
#8398=DIRECTION('',(-1.,0.,0.));
#8399=DIRECTION('',(0.,-1.,0.));
#8400=DIRECTION('',(1.,0.,0.));
#8401=DIRECTION('',(0.,1.,0.));
#8402=DIRECTION('',(-1.,0.,0.));
#8403=DIRECTION('',(0.,-1.,0.));
#8404=DIRECTION('',(1.,0.,0.));
#8405=DIRECTION('',(0.,1.,0.));
#8406=DIRECTION('',(-1.,0.,0.));
#8407=DIRECTION('',(0.,-1.,0.));
#8408=DIRECTION('',(1.,0.,0.));
#8409=DIRECTION('',(0.,1.,0.));
#8410=DIRECTION('',(-1.,0.,0.));
#8411=DIRECTION('',(0.,-1.,0.));
#8412=DIRECTION('',(1.,0.,0.));
#8413=DIRECTION('',(0.,1.,0.));
#8414=DIRECTION('',(-1.,0.,0.));
#8415=DIRECTION('',(0.,-1.,0.));
#8416=DIRECTION('',(1.,0.,0.));
#8417=DIRECTION('',(0.,1.,0.));
#8418=DIRECTION('',(-1.,0.,0.));
#8419=DIRECTION('',(0.,-1.,0.));
#8420=DIRECTION('',(1.,0.,0.));
#8421=DIRECTION('',(0.,1.,0.));
#8422=DIRECTION('',(-1.,0.,0.));
#8423=DIRECTION('',(0.,-1.,0.));
#8424=DIRECTION('',(1.,0.,0.));
#8425=DIRECTION('',(0.,1.,0.));
#8426=DIRECTION('',(-1.,0.,0.));
#8427=DIRECTION('',(0.,-1.,0.));
#8428=DIRECTION('',(1.,0.,0.));
#8429=DIRECTION('',(0.,1.,0.));
#8430=DIRECTION('',(-1.,0.,0.));
#8431=DIRECTION('',(0.,-1.,0.));
#8432=DIRECTION('',(1.,0.,0.));
#8433=DIRECTION('',(0.,1.,0.));
#8434=DIRECTION('',(-1.,0.,0.));
#8435=DIRECTION('',(0.,-1.,0.));
#8436=DIRECTION('',(1.,0.,0.));
#8437=DIRECTION('',(0.,1.,0.));
#8438=DIRECTION('',(-1.,0.,0.));
#8439=DIRECTION('',(0.,-1.,0.));
#8440=DIRECTION('',(1.,0.,0.));
#8441=DIRECTION('',(0.,1.,0.));
#8442=DIRECTION('',(-1.,0.,0.));
#8443=DIRECTION('',(0.,-1.,0.));
#8444=DIRECTION('',(1.,0.,0.));
#8445=DIRECTION('',(0.,1.,0.));
#8446=DIRECTION('',(-1.,0.,0.));
#8447=DIRECTION('',(0.,-1.,0.));
#8448=DIRECTION('',(1.,0.,0.));
#8449=DIRECTION('',(0.,1.,0.));
#8450=DIRECTION('',(-1.,0.,0.));
#8451=DIRECTION('',(0.,-1.,0.));
#8452=DIRECTION('',(1.,0.,0.));
#8453=DIRECTION('',(0.,1.,0.));
#8454=DIRECTION('',(-1.,0.,0.));
#8455=DIRECTION('',(0.,-1.,0.));
#8456=DIRECTION('',(1.,0.,0.));
#8457=DIRECTION('',(0.,1.,0.));
#8458=DIRECTION('',(-1.,0.,0.));
#8459=DIRECTION('',(0.,-1.,0.));
#8460=DIRECTION('',(1.,0.,0.));
#8461=DIRECTION('',(0.,1.,0.));
#8462=DIRECTION('',(-1.,0.,0.));
#8463=DIRECTION('',(0.,-1.,0.));
#8464=DIRECTION('',(1.,0.,0.));
#8465=DIRECTION('',(0.,1.,0.));
#8466=DIRECTION('',(-1.,0.,0.));
#8467=DIRECTION('',(0.,-1.,0.));
#8468=DIRECTION('',(1.,0.,0.));
#8469=DIRECTION('',(0.,1.,0.));
#8470=DIRECTION('',(-1.,0.,0.));
#8471=DIRECTION('',(0.,-1.,0.));
#8472=DIRECTION('',(1.,0.,0.));
#8473=DIRECTION('',(0.,1.,0.));
#8474=DIRECTION('',(-1.,0.,0.));
#8475=DIRECTION('',(0.,-1.,0.));
#8476=DIRECTION('',(1.,0.,0.));
#8477=DIRECTION('',(0.,1.,0.));
#8478=DIRECTION('',(-1.,0.,0.));
#8479=DIRECTION('',(0.,-1.,0.));
#8480=DIRECTION('',(1.,0.,0.));
#8481=DIRECTION('',(0.,1.,0.));
#8482=DIRECTION('',(-1.,0.,0.));
#8483=DIRECTION('',(0.,-1.,0.));
#8484=DIRECTION('',(1.,0.,0.));
#8485=DIRECTION('',(0.,1.,0.));
#8486=DIRECTION('',(-1.,0.,0.));
#8487=DIRECTION('',(0.,-1.,0.));
#8488=DIRECTION('',(1.,0.,0.));
#8489=DIRECTION('',(0.,1.,0.));
#8490=DIRECTION('',(-1.,0.,0.));
#8491=DIRECTION('',(0.,-1.,0.));
#8492=DIRECTION('',(1.,0.,0.));
#8493=DIRECTION('',(0.,1.,0.));
#8494=DIRECTION('',(-1.,0.,0.));
#8495=DIRECTION('',(0.,-1.,0.));
#8496=DIRECTION('',(1.,0.,0.));
#8497=DIRECTION('',(0.,1.,0.));
#8498=DIRECTION('',(-1.,0.,0.));
#8499=DIRECTION('',(0.,-1.,0.));
#8500=DIRECTION('',(1.,0.,0.));
#8501=DIRECTION('',(0.,1.,0.));
#8502=DIRECTION('',(-1.,0.,0.));
#8503=DIRECTION('',(0.,-1.,0.));
#8504=DIRECTION('',(1.,0.,0.));
#8505=DIRECTION('',(0.,1.,0.));
#8506=DIRECTION('',(-1.,0.,0.));
#8507=DIRECTION('',(0.,-1.,0.));
#8508=DIRECTION('',(1.,0.,0.));
#8509=DIRECTION('',(0.,1.,0.));
#8510=DIRECTION('',(-1.,0.,0.));
#8511=DIRECTION('',(0.,-1.,0.));
#8512=DIRECTION('',(1.,0.,0.));
#8513=DIRECTION('',(0.,1.,0.));
#8514=DIRECTION('',(-1.,0.,0.));
#8515=DIRECTION('',(0.,-1.,0.));
#8516=DIRECTION('',(1.,0.,0.));
#8517=DIRECTION('',(0.,1.,0.));
#8518=DIRECTION('',(-1.,0.,0.));
#8519=DIRECTION('',(0.,-1.,0.));
#8520=DIRECTION('',(1.,0.,0.));
#8521=DIRECTION('',(0.,1.,0.));
#8522=DIRECTION('',(-1.,0.,0.));
#8523=DIRECTION('',(0.,-1.,0.));
#8524=DIRECTION('',(1.,0.,0.));
#8525=DIRECTION('',(0.,1.,0.));
#8526=DIRECTION('',(-1.,0.,0.));
#8527=DIRECTION('',(0.,-1.,0.));
#8528=DIRECTION('',(1.,0.,0.));
#8529=DIRECTION('',(0.,1.,0.));
#8530=DIRECTION('',(-1.,0.,0.));
#8531=DIRECTION('',(0.,-1.,0.));
#8532=DIRECTION('',(1.,0.,0.));
#8533=DIRECTION('',(0.,1.,0.));
#8534=DIRECTION('',(-1.,0.,0.));
#8535=DIRECTION('',(0.,-1.,0.));
#8536=DIRECTION('',(1.,0.,0.));
#8537=DIRECTION('',(0.,1.,0.));
#8538=DIRECTION('',(-1.,0.,0.));
#8539=DIRECTION('',(0.,-1.,0.));
#8540=DIRECTION('',(1.,0.,0.));
#8541=DIRECTION('',(0.,1.,0.));
#8542=DIRECTION('',(-1.,0.,0.));
#8543=DIRECTION('',(0.,-1.,0.));
#8544=DIRECTION('',(1.,0.,0.));
#8545=DIRECTION('',(0.,1.,0.));
#8546=DIRECTION('',(-1.,0.,0.));
#8547=DIRECTION('',(0.,-1.,0.));
#8548=DIRECTION('',(1.,0.,0.));
#8549=DIRECTION('',(0.,1.,0.));
#8550=DIRECTION('',(-1.,0.,0.));
#8551=DIRECTION('',(0.,-1.,0.));
#8552=DIRECTION('',(1.,0.,0.));
#8553=DIRECTION('',(0.,1.,0.));
#8554=DIRECTION('',(-1.,0.,0.));
#8555=DIRECTION('',(0.,-1.,0.));
#8556=DIRECTION('center_axis',(0.,0.,1.));
#8557=DIRECTION('ref_axis',(1.,0.,0.));
#8558=DIRECTION('center_axis',(0.,0.,-1.));
#8559=DIRECTION('ref_axis',(-0.707106781186549,0.707106781186546,0.));
#8560=DIRECTION('',(1.,0.,0.));
#8561=DIRECTION('center_axis',(0.,0.,1.));
#8562=DIRECTION('ref_axis',(1.,0.,0.));
#8563=DIRECTION('',(-1.,1.40336077435537E-17,0.));
#8564=DIRECTION('',(-1.43637658344664E-16,-1.,0.));
#8565=DIRECTION('',(1.,0.,0.));
#8566=DIRECTION('',(0.,1.,0.));
#8567=DIRECTION('',(-1.,1.40336077435537E-17,0.));
#8568=DIRECTION('',(1.,2.64022117865852E-17,0.));
#8569=DIRECTION('',(0.,1.,0.));
#8570=DIRECTION('',(0.706994563294669,-0.707218981272265,0.));
#8571=DIRECTION('',(-0.707106781186546,-0.707106781186549,0.));
#8572=DIRECTION('',(0.707106781186547,-0.707106781186547,0.));
#8573=DIRECTION('',(0.,1.,0.));
#8574=DIRECTION('',(1.,0.,0.));
#8575=DIRECTION('',(0.,-1.,0.));
#8576=DIRECTION('',(-0.707106781186546,-0.707106781186549,0.));
#8577=DIRECTION('',(-0.707106781186548,-0.707106781186547,0.));
#8578=DIRECTION('',(0.706994563294669,-0.707218981272265,0.));
#8579=DIRECTION('',(0.,-1.,0.));
#8580=DIRECTION('',(-1.,0.,0.));
#8581=DIRECTION('',(0.,1.,0.));
#8582=DIRECTION('',(-1.,0.,0.));
#8583=DIRECTION('',(0.,1.,0.));
#8584=DIRECTION('',(1.,0.,0.));
#8585=DIRECTION('',(0.,-1.,0.));
#8586=DIRECTION('',(-1.,0.,0.));
#8587=DIRECTION('',(0.,1.,0.));
#8588=DIRECTION('',(1.,0.,0.));
#8589=DIRECTION('',(0.,-1.,0.));
#8590=DIRECTION('',(-1.,0.,0.));
#8591=DIRECTION('',(0.,1.,0.));
#8592=DIRECTION('',(1.,0.,0.));
#8593=DIRECTION('',(0.,-1.,0.));
#8594=DIRECTION('',(-1.,0.,0.));
#8595=DIRECTION('',(0.,1.,0.));
#8596=DIRECTION('',(1.,0.,0.));
#8597=DIRECTION('',(0.,-1.,0.));
#8598=DIRECTION('',(-1.,0.,0.));
#8599=DIRECTION('',(0.,1.,0.));
#8600=DIRECTION('',(1.,0.,0.));
#8601=DIRECTION('',(0.,-1.,0.));
#8602=DIRECTION('',(-1.,0.,0.));
#8603=DIRECTION('',(0.,1.,0.));
#8604=DIRECTION('',(1.,0.,0.));
#8605=DIRECTION('',(0.,-1.,0.));
#8606=DIRECTION('',(-1.,0.,0.));
#8607=DIRECTION('',(0.,1.,0.));
#8608=DIRECTION('',(1.,0.,0.));
#8609=DIRECTION('',(0.,-1.,0.));
#8610=DIRECTION('',(-1.,0.,0.));
#8611=DIRECTION('',(0.,1.,0.));
#8612=DIRECTION('',(1.,0.,0.));
#8613=DIRECTION('',(0.,-1.,0.));
#8614=DIRECTION('',(-1.,0.,0.));
#8615=DIRECTION('',(0.,1.,0.));
#8616=DIRECTION('',(1.,0.,0.));
#8617=DIRECTION('',(0.,-1.,0.));
#8618=DIRECTION('',(-1.,0.,0.));
#8619=DIRECTION('',(0.,1.,0.));
#8620=DIRECTION('',(1.,0.,0.));
#8621=DIRECTION('',(0.,-1.,0.));
#8622=DIRECTION('',(-1.,0.,0.));
#8623=DIRECTION('',(0.,1.,0.));
#8624=DIRECTION('',(1.,0.,0.));
#8625=DIRECTION('',(0.,-1.,0.));
#8626=DIRECTION('',(-1.,0.,0.));
#8627=DIRECTION('',(0.,1.,0.));
#8628=DIRECTION('',(1.,0.,0.));
#8629=DIRECTION('',(0.,-1.,0.));
#8630=DIRECTION('',(-1.,0.,0.));
#8631=DIRECTION('',(0.,1.,0.));
#8632=DIRECTION('',(1.,0.,0.));
#8633=DIRECTION('',(0.,-1.,0.));
#8634=DIRECTION('',(-1.,0.,0.));
#8635=DIRECTION('',(0.,1.,0.));
#8636=DIRECTION('',(1.,0.,0.));
#8637=DIRECTION('',(0.,-1.,0.));
#8638=DIRECTION('',(-1.,0.,0.));
#8639=DIRECTION('',(0.,1.,0.));
#8640=DIRECTION('',(1.,0.,0.));
#8641=DIRECTION('',(0.,-1.,0.));
#8642=DIRECTION('',(-1.,0.,0.));
#8643=DIRECTION('',(0.,1.,0.));
#8644=DIRECTION('',(1.,0.,0.));
#8645=DIRECTION('',(0.,-1.,0.));
#8646=DIRECTION('',(-1.,0.,0.));
#8647=DIRECTION('',(0.,1.,0.));
#8648=DIRECTION('',(1.,0.,0.));
#8649=DIRECTION('',(0.,-1.,0.));
#8650=DIRECTION('',(-1.,0.,0.));
#8651=DIRECTION('',(0.,1.,0.));
#8652=DIRECTION('',(1.,0.,0.));
#8653=DIRECTION('',(0.,-1.,0.));
#8654=DIRECTION('',(-1.,0.,0.));
#8655=DIRECTION('',(0.,1.,0.));
#8656=DIRECTION('',(1.,0.,0.));
#8657=DIRECTION('',(0.,-1.,0.));
#8658=DIRECTION('',(-1.,0.,0.));
#8659=DIRECTION('',(0.,1.,0.));
#8660=DIRECTION('',(1.,0.,0.));
#8661=DIRECTION('',(0.,-1.,0.));
#8662=DIRECTION('',(-1.,0.,0.));
#8663=DIRECTION('',(0.,1.,0.));
#8664=DIRECTION('',(1.,0.,0.));
#8665=DIRECTION('',(0.,-1.,0.));
#8666=DIRECTION('',(-1.,0.,0.));
#8667=DIRECTION('',(0.,1.,0.));
#8668=DIRECTION('',(1.,0.,0.));
#8669=DIRECTION('',(0.,-1.,0.));
#8670=DIRECTION('',(-1.,0.,0.));
#8671=DIRECTION('',(0.,1.,0.));
#8672=DIRECTION('',(1.,0.,0.));
#8673=DIRECTION('',(0.,-1.,0.));
#8674=DIRECTION('',(-1.,0.,0.));
#8675=DIRECTION('',(0.,1.,0.));
#8676=DIRECTION('',(1.,0.,0.));
#8677=DIRECTION('',(0.,-1.,0.));
#8678=DIRECTION('',(-1.,0.,0.));
#8679=DIRECTION('',(0.,1.,0.));
#8680=DIRECTION('',(1.,0.,0.));
#8681=DIRECTION('',(0.,-1.,0.));
#8682=DIRECTION('',(-1.,0.,0.));
#8683=DIRECTION('',(0.,1.,0.));
#8684=DIRECTION('',(1.,0.,0.));
#8685=DIRECTION('',(0.,-1.,0.));
#8686=DIRECTION('',(-1.,0.,0.));
#8687=DIRECTION('',(0.,1.,0.));
#8688=DIRECTION('',(1.,0.,0.));
#8689=DIRECTION('',(0.,-1.,0.));
#8690=DIRECTION('',(-1.,0.,0.));
#8691=DIRECTION('',(0.,1.,0.));
#8692=DIRECTION('',(1.,0.,0.));
#8693=DIRECTION('',(0.,-1.,0.));
#8694=DIRECTION('',(-1.,0.,0.));
#8695=DIRECTION('',(0.,1.,0.));
#8696=DIRECTION('',(1.,0.,0.));
#8697=DIRECTION('',(0.,-1.,0.));
#8698=DIRECTION('',(-1.,0.,0.));
#8699=DIRECTION('',(0.,1.,0.));
#8700=DIRECTION('',(1.,0.,0.));
#8701=DIRECTION('',(0.,-1.,0.));
#8702=DIRECTION('',(-1.,0.,0.));
#8703=DIRECTION('',(0.,1.,0.));
#8704=DIRECTION('',(1.,0.,0.));
#8705=DIRECTION('',(0.,-1.,0.));
#8706=DIRECTION('',(-1.,0.,0.));
#8707=DIRECTION('',(0.,1.,0.));
#8708=DIRECTION('',(1.,0.,0.));
#8709=DIRECTION('',(0.,-1.,0.));
#8710=DIRECTION('',(-1.,0.,0.));
#8711=DIRECTION('',(0.,1.,0.));
#8712=DIRECTION('',(1.,0.,0.));
#8713=DIRECTION('',(0.,-1.,0.));
#8714=DIRECTION('',(-1.,0.,0.));
#8715=DIRECTION('',(0.,1.,0.));
#8716=DIRECTION('',(1.,0.,0.));
#8717=DIRECTION('',(0.,-1.,0.));
#8718=DIRECTION('',(-1.,0.,0.));
#8719=DIRECTION('',(0.,1.,0.));
#8720=DIRECTION('',(1.,0.,0.));
#8721=DIRECTION('',(0.,-1.,0.));
#8722=DIRECTION('',(-1.,0.,0.));
#8723=DIRECTION('',(0.,1.,0.));
#8724=DIRECTION('',(1.,0.,0.));
#8725=DIRECTION('',(0.,-1.,0.));
#8726=DIRECTION('',(-1.,0.,0.));
#8727=DIRECTION('',(0.,1.,0.));
#8728=DIRECTION('',(1.,0.,0.));
#8729=DIRECTION('',(0.,-1.,0.));
#8730=DIRECTION('',(-1.,0.,0.));
#8731=DIRECTION('',(0.,1.,0.));
#8732=DIRECTION('',(1.,0.,0.));
#8733=DIRECTION('',(0.,-1.,0.));
#8734=DIRECTION('',(-1.,0.,0.));
#8735=DIRECTION('',(0.,1.,0.));
#8736=DIRECTION('',(1.,0.,0.));
#8737=DIRECTION('',(0.,-1.,0.));
#8738=DIRECTION('',(-1.,0.,0.));
#8739=DIRECTION('',(0.,1.,0.));
#8740=DIRECTION('',(1.,0.,0.));
#8741=DIRECTION('',(0.,-1.,0.));
#8742=DIRECTION('',(-1.,0.,0.));
#8743=DIRECTION('',(0.,1.,0.));
#8744=DIRECTION('',(1.,0.,0.));
#8745=DIRECTION('',(0.,-1.,0.));
#8746=DIRECTION('',(-1.,0.,0.));
#8747=DIRECTION('',(0.,1.,0.));
#8748=DIRECTION('',(1.,0.,0.));
#8749=DIRECTION('',(0.,-1.,0.));
#8750=DIRECTION('',(-1.,0.,0.));
#8751=DIRECTION('',(0.,1.,0.));
#8752=DIRECTION('',(1.,0.,0.));
#8753=DIRECTION('',(0.,-1.,0.));
#8754=DIRECTION('',(-1.,0.,0.));
#8755=DIRECTION('',(0.,1.,0.));
#8756=DIRECTION('',(1.,0.,0.));
#8757=DIRECTION('',(0.,-1.,0.));
#8758=DIRECTION('',(-1.,0.,0.));
#8759=DIRECTION('',(0.,1.,0.));
#8760=DIRECTION('',(1.,0.,0.));
#8761=DIRECTION('',(0.,-1.,0.));
#8762=DIRECTION('',(-1.,0.,0.));
#8763=DIRECTION('',(0.,1.,0.));
#8764=DIRECTION('',(1.,0.,0.));
#8765=DIRECTION('',(0.,-1.,0.));
#8766=DIRECTION('',(-1.,0.,0.));
#8767=DIRECTION('',(0.,1.,0.));
#8768=DIRECTION('',(1.,0.,0.));
#8769=DIRECTION('',(0.,-1.,0.));
#8770=DIRECTION('',(-1.,0.,0.));
#8771=DIRECTION('',(0.,1.,0.));
#8772=DIRECTION('',(1.,0.,0.));
#8773=DIRECTION('',(0.,-1.,0.));
#8774=DIRECTION('',(-1.,0.,0.));
#8775=DIRECTION('',(0.,1.,0.));
#8776=DIRECTION('',(1.,0.,0.));
#8777=DIRECTION('',(0.,-1.,0.));
#8778=DIRECTION('',(-1.,0.,0.));
#8779=DIRECTION('',(0.,1.,0.));
#8780=DIRECTION('',(1.,0.,0.));
#8781=DIRECTION('',(0.,-1.,0.));
#8782=DIRECTION('',(-1.,0.,0.));
#8783=DIRECTION('',(0.,1.,0.));
#8784=DIRECTION('',(1.,0.,0.));
#8785=DIRECTION('',(0.,-1.,0.));
#8786=DIRECTION('',(-1.,0.,0.));
#8787=DIRECTION('',(0.,1.,0.));
#8788=DIRECTION('',(1.,0.,0.));
#8789=DIRECTION('',(0.,-1.,0.));
#8790=DIRECTION('',(-1.,0.,0.));
#8791=DIRECTION('',(0.,1.,0.));
#8792=DIRECTION('',(1.,0.,0.));
#8793=DIRECTION('',(0.,-1.,0.));
#8794=DIRECTION('',(-1.,0.,0.));
#8795=DIRECTION('',(0.,1.,0.));
#8796=DIRECTION('',(1.,0.,0.));
#8797=DIRECTION('',(0.,-1.,0.));
#8798=DIRECTION('',(-1.,0.,0.));
#8799=DIRECTION('',(0.,1.,0.));
#8800=DIRECTION('',(1.,0.,0.));
#8801=DIRECTION('',(0.,-1.,0.));
#8802=DIRECTION('',(-1.,0.,0.));
#8803=DIRECTION('',(0.,1.,0.));
#8804=DIRECTION('',(1.,0.,0.));
#8805=DIRECTION('',(0.,-1.,0.));
#8806=DIRECTION('',(-1.,0.,0.));
#8807=DIRECTION('',(0.,1.,0.));
#8808=DIRECTION('',(1.,0.,0.));
#8809=DIRECTION('',(0.,-1.,0.));
#8810=DIRECTION('',(-1.,0.,0.));
#8811=DIRECTION('',(0.,1.,0.));
#8812=DIRECTION('',(1.,0.,0.));
#8813=DIRECTION('',(0.,-1.,0.));
#8814=DIRECTION('',(-1.,0.,0.));
#8815=DIRECTION('',(0.,1.,0.));
#8816=DIRECTION('',(1.,0.,0.));
#8817=DIRECTION('',(0.,-1.,0.));
#8818=DIRECTION('',(-1.,0.,0.));
#8819=DIRECTION('',(0.,1.,0.));
#8820=DIRECTION('',(1.,0.,0.));
#8821=DIRECTION('',(0.,-1.,0.));
#8822=DIRECTION('',(-1.,0.,0.));
#8823=DIRECTION('',(0.,1.,0.));
#8824=DIRECTION('',(1.,0.,0.));
#8825=DIRECTION('',(0.,-1.,0.));
#8826=DIRECTION('',(-1.,0.,0.));
#8827=DIRECTION('',(0.,1.,0.));
#8828=DIRECTION('',(1.,0.,0.));
#8829=DIRECTION('',(0.,-1.,0.));
#8830=DIRECTION('',(-1.,0.,0.));
#8831=DIRECTION('',(0.,1.,0.));
#8832=DIRECTION('',(1.,0.,0.));
#8833=DIRECTION('',(0.,-1.,0.));
#8834=DIRECTION('',(-1.,0.,0.));
#8835=DIRECTION('',(0.,1.,0.));
#8836=DIRECTION('',(1.,0.,0.));
#8837=DIRECTION('',(0.,-1.,0.));
#8838=DIRECTION('',(-1.,0.,0.));
#8839=DIRECTION('',(0.,1.,0.));
#8840=DIRECTION('',(1.,0.,0.));
#8841=DIRECTION('',(0.,-1.,0.));
#8842=DIRECTION('',(-1.,0.,0.));
#8843=DIRECTION('',(0.,1.,0.));
#8844=DIRECTION('',(1.,0.,0.));
#8845=DIRECTION('',(0.,-1.,0.));
#8846=DIRECTION('',(-1.,0.,0.));
#8847=DIRECTION('',(0.,1.,0.));
#8848=DIRECTION('',(1.,0.,0.));
#8849=DIRECTION('',(0.,-1.,0.));
#8850=DIRECTION('',(-1.,0.,0.));
#8851=DIRECTION('',(0.,1.,0.));
#8852=DIRECTION('',(1.,0.,0.));
#8853=DIRECTION('',(0.,-1.,0.));
#8854=DIRECTION('',(-1.,0.,0.));
#8855=DIRECTION('',(0.,1.,0.));
#8856=DIRECTION('',(1.,0.,0.));
#8857=DIRECTION('',(0.,-1.,0.));
#8858=DIRECTION('',(-1.,0.,0.));
#8859=DIRECTION('',(0.,1.,0.));
#8860=DIRECTION('',(1.,0.,0.));
#8861=DIRECTION('',(0.,-1.,0.));
#8862=DIRECTION('',(-1.,0.,0.));
#8863=DIRECTION('',(0.,1.,0.));
#8864=DIRECTION('',(1.,0.,0.));
#8865=DIRECTION('',(0.,-1.,0.));
#8866=DIRECTION('',(-1.,0.,0.));
#8867=DIRECTION('',(0.,1.,0.));
#8868=DIRECTION('',(1.,0.,0.));
#8869=DIRECTION('',(0.,-1.,0.));
#8870=DIRECTION('',(-1.,0.,0.));
#8871=DIRECTION('',(0.,1.,0.));
#8872=DIRECTION('',(1.,0.,0.));
#8873=DIRECTION('',(0.,-1.,0.));
#8874=DIRECTION('',(-1.,0.,0.));
#8875=DIRECTION('',(0.,1.,0.));
#8876=DIRECTION('',(1.,0.,0.));
#8877=DIRECTION('',(0.,-1.,0.));
#8878=DIRECTION('',(-1.,0.,0.));
#8879=DIRECTION('',(0.,1.,0.));
#8880=DIRECTION('',(1.,0.,0.));
#8881=DIRECTION('',(0.,-1.,0.));
#8882=DIRECTION('',(-1.,0.,0.));
#8883=DIRECTION('',(0.,1.,0.));
#8884=DIRECTION('',(1.,0.,0.));
#8885=DIRECTION('',(0.,-1.,0.));
#8886=DIRECTION('',(-0.707106781186548,-0.707106781186547,0.));
#8887=DIRECTION('',(0.,-1.,0.));
#8888=DIRECTION('',(0.707106781186547,-0.707106781186547,0.));
#8889=DIRECTION('center_axis',(0.,0.,-1.));
#8890=DIRECTION('ref_axis',(-0.707106781186549,0.707106781186546,0.));
#8891=DIRECTION('center_axis',(0.,0.,-1.));
#8892=DIRECTION('ref_axis',(-1.,0.,0.));
#8893=DIRECTION('',(0.,0.,-1.));
#8894=DIRECTION('center_axis',(-1.23644662144377E-16,-1.,0.));
#8895=DIRECTION('ref_axis',(-0.707106781186546,0.,0.707106781186549));
#8896=DIRECTION('center_axis',(0.,-1.,0.));
#8897=DIRECTION('ref_axis',(4.44089209850063E-15,0.,1.));
#8898=DIRECTION('center_axis',(0.,1.,0.));
#8899=DIRECTION('ref_axis',(-1.,0.,0.));
#8900=DIRECTION('',(1.23644662144377E-16,1.,0.));
#8901=DIRECTION('center_axis',(-0.408248290463867,-0.408248290463859,-0.816496580927726));
#8902=DIRECTION('ref_axis',(-0.577350269189635,-0.577350269189621,0.577350269189621));
#8903=DIRECTION('center_axis',(-1.,0.,0.));
#8904=DIRECTION('ref_axis',(0.,-0.707106781186549,0.707106781186546));
#8905=DIRECTION('center_axis',(-0.816496580927728,-0.408248290463862,-0.40824829046386));
#8906=DIRECTION('ref_axis',(-0.577350269189625,0.577350269189628,0.577350269189625));
#8907=DIRECTION('center_axis',(-1.,0.,0.));
#8908=DIRECTION('ref_axis',(0.,0.707106781186548,0.707106781186547));
#8909=DIRECTION('center_axis',(0.,1.,0.));
#8910=DIRECTION('ref_axis',(1.,0.,0.));
#8911=DIRECTION('',(-1.,0.,0.));
#8912=DIRECTION('center_axis',(-1.,0.,0.));
#8913=DIRECTION('ref_axis',(0.,0.707106781186548,0.707106781186548));
#8914=DIRECTION('',(1.,0.,0.));
#8915=DIRECTION('center_axis',(0.,0.,1.));
#8916=DIRECTION('ref_axis',(1.,0.,0.));
#8917=DIRECTION('',(-1.,0.,0.));
#8918=DIRECTION('',(0.,-1.,0.));
#8919=DIRECTION('',(1.,0.,0.));
#8920=DIRECTION('',(1.,-1.40336077435537E-17,0.));
#8921=DIRECTION('',(0.,-1.,0.));
#8922=DIRECTION('',(-1.,0.,0.));
#8923=DIRECTION('',(1.43637658344664E-16,1.,0.));
#8924=DIRECTION('',(1.,-1.40336077435537E-17,0.));
#8925=DIRECTION('center_axis',(1.,0.,0.));
#8926=DIRECTION('ref_axis',(0.,-0.707106781186552,0.707106781186543));
#8927=DIRECTION('center_axis',(1.,0.,0.));
#8928=DIRECTION('ref_axis',(0.,-0.707106781186549,0.707106781186546));
#8929=DIRECTION('center_axis',(-1.,0.,0.));
#8930=DIRECTION('ref_axis',(0.,0.707106781186548,0.707106781186548));
#8931=DIRECTION('center_axis',(-1.,0.,0.));
#8932=DIRECTION('ref_axis',(0.,0.,1.));
#8933=DIRECTION('center_axis',(0.408248290463861,0.408248290463859,-0.816496580927729));
#8934=DIRECTION('ref_axis',(0.577350269189626,0.577350269189626,0.577350269189626));
#8935=DIRECTION('center_axis',(0.,1.,0.));
#8936=DIRECTION('ref_axis',(0.707106781186549,0.,0.707106781186546));
#8937=DIRECTION('center_axis',(0.,1.,0.));
#8938=DIRECTION('ref_axis',(0.707106781186552,0.,0.707106781186543));
#8939=DIRECTION('center_axis',(0.,1.,0.));
#8940=DIRECTION('ref_axis',(0.,0.,1.));
#8941=DIRECTION('center_axis',(0.408248290463861,-0.408248290463861,-0.816496580927728));
#8942=DIRECTION('ref_axis',(0.577350269189626,-0.577350269189626,0.577350269189626));
#8943=DIRECTION('center_axis',(-1.40336077435537E-17,-1.,0.));
#8944=DIRECTION('ref_axis',(1.,-1.40336077435537E-17,0.));
#8945=DIRECTION('',(0.,0.,1.));
#8946=DIRECTION('center_axis',(-1.,0.,0.));
#8947=DIRECTION('ref_axis',(0.,-1.,0.));
#8948=DIRECTION('',(0.,0.,1.));
#8949=DIRECTION('center_axis',(0.,1.,0.));
#8950=DIRECTION('ref_axis',(-1.,0.,0.));
#8951=DIRECTION('',(0.,0.,1.));
#8952=DIRECTION('center_axis',(1.,-1.43637658344664E-16,0.));
#8953=DIRECTION('ref_axis',(1.43637658344664E-16,1.,0.));
#8954=DIRECTION('',(0.,0.,1.));
#8955=DIRECTION('center_axis',(-1.40336077435537E-17,-1.,0.));
#8956=DIRECTION('ref_axis',(1.,-1.40336077435537E-17,0.));
#8957=DIRECTION('center_axis',(-2.64022117865852E-17,1.,0.));
#8958=DIRECTION('ref_axis',(1.,2.64022117865852E-17,0.));
#8959=DIRECTION('center_axis',(-0.707106781186549,0.707106781186546,0.));
#8960=DIRECTION('ref_axis',(0.707106781186546,0.707106781186549,0.));
#8961=DIRECTION('',(0.,0.,1.));
#8962=DIRECTION('',(0.,0.,-1.));
#8963=DIRECTION('center_axis',(0.707106781186547,-0.707106781186548,0.));
#8964=DIRECTION('ref_axis',(-0.707106781186548,-0.707106781186547,0.));
#8965=DIRECTION('',(0.,0.,-1.));
#8966=DIRECTION('',(0.,0.,1.));
#8967=DIRECTION('center_axis',(-0.707106781186549,0.707106781186546,0.));
#8968=DIRECTION('ref_axis',(0.707106781186546,0.707106781186549,0.));
#8969=DIRECTION('',(0.,0.,-1.));
#8970=DIRECTION('',(0.,0.,1.));
#8971=DIRECTION('center_axis',(0.707106781186547,-0.707106781186548,0.));
#8972=DIRECTION('ref_axis',(-0.707106781186548,-0.707106781186547,0.));
#8973=DIRECTION('',(0.,0.,1.));
#8974=DIRECTION('',(0.,0.,-1.));
#8975=DIRECTION('center_axis',(-1.,0.,0.));
#8976=DIRECTION('ref_axis',(0.,1.,0.));
#8977=DIRECTION('',(0.,0.,1.));
#8978=DIRECTION('center_axis',(-1.,0.,0.));
#8979=DIRECTION('ref_axis',(0.,1.,0.));
#8980=DIRECTION('',(0.,0.,-1.));
#8981=DIRECTION('center_axis',(1.,0.,0.));
#8982=DIRECTION('ref_axis',(0.,-1.,0.));
#8983=DIRECTION('',(0.,0.,1.));
#8984=DIRECTION('center_axis',(1.,0.,0.));
#8985=DIRECTION('ref_axis',(0.,-1.,0.));
#8986=DIRECTION('',(0.,0.,-1.));
#8987=DIRECTION('center_axis',(0.707106781186548,0.707106781186548,0.));
#8988=DIRECTION('ref_axis',(0.707106781186548,-0.707106781186548,0.));
#8989=DIRECTION('center_axis',(-0.707218981272265,-0.706994563294669,0.));
#8990=DIRECTION('ref_axis',(-0.706994563294669,0.707218981272265,0.));
#8991=DIRECTION('',(0.,0.,-1.));
#8992=DIRECTION('center_axis',(0.707106781186548,0.707106781186548,0.));
#8993=DIRECTION('ref_axis',(0.707106781186548,-0.707106781186548,0.));
#8994=DIRECTION('',(0.,0.,-1.));
#8995=DIRECTION('center_axis',(-0.707218981272265,-0.706994563294669,0.));
#8996=DIRECTION('ref_axis',(-0.706994563294669,0.707218981272265,0.));
#8997=DIRECTION('center_axis',(1.,0.,0.));
#8998=DIRECTION('ref_axis',(0.,-1.,0.));
#8999=DIRECTION('',(0.,0.,-1.));
#9000=DIRECTION('center_axis',(-1.,0.,0.));
#9001=DIRECTION('ref_axis',(0.,1.,0.));
#9002=DIRECTION('',(0.,0.,-1.));
#9003=DIRECTION('center_axis',(0.,1.,0.));
#9004=DIRECTION('ref_axis',(1.,0.,0.));
#9005=DIRECTION('center_axis',(0.,-1.,0.));
#9006=DIRECTION('ref_axis',(-1.,0.,0.));
#9007=DIRECTION('center_axis',(1.,0.,0.));
#9008=DIRECTION('ref_axis',(0.,-1.,0.));
#9009=DIRECTION('',(0.,0.,-1.));
#9010=DIRECTION('',(0.,0.,-1.));
#9011=DIRECTION('center_axis',(0.,-1.,0.));
#9012=DIRECTION('ref_axis',(-1.,0.,0.));
#9013=DIRECTION('',(0.,0.,-1.));
#9014=DIRECTION('center_axis',(-1.,0.,0.));
#9015=DIRECTION('ref_axis',(0.,1.,0.));
#9016=DIRECTION('',(0.,0.,-1.));
#9017=DIRECTION('center_axis',(0.,1.,0.));
#9018=DIRECTION('ref_axis',(1.,0.,0.));
#9019=DIRECTION('center_axis',(1.,0.,0.));
#9020=DIRECTION('ref_axis',(0.,-1.,0.));
#9021=DIRECTION('',(0.,0.,-1.));
#9022=DIRECTION('',(0.,0.,-1.));
#9023=DIRECTION('center_axis',(0.,-1.,0.));
#9024=DIRECTION('ref_axis',(-1.,0.,0.));
#9025=DIRECTION('',(0.,0.,-1.));
#9026=DIRECTION('center_axis',(-1.,0.,0.));
#9027=DIRECTION('ref_axis',(0.,1.,0.));
#9028=DIRECTION('',(0.,0.,-1.));
#9029=DIRECTION('center_axis',(0.,1.,0.));
#9030=DIRECTION('ref_axis',(1.,0.,0.));
#9031=DIRECTION('center_axis',(1.,0.,0.));
#9032=DIRECTION('ref_axis',(0.,-1.,0.));
#9033=DIRECTION('',(0.,0.,-1.));
#9034=DIRECTION('',(0.,0.,-1.));
#9035=DIRECTION('center_axis',(0.,-1.,0.));
#9036=DIRECTION('ref_axis',(-1.,0.,0.));
#9037=DIRECTION('',(0.,0.,-1.));
#9038=DIRECTION('center_axis',(-1.,0.,0.));
#9039=DIRECTION('ref_axis',(0.,1.,0.));
#9040=DIRECTION('',(0.,0.,-1.));
#9041=DIRECTION('center_axis',(0.,1.,0.));
#9042=DIRECTION('ref_axis',(1.,0.,0.));
#9043=DIRECTION('center_axis',(1.,0.,0.));
#9044=DIRECTION('ref_axis',(0.,-1.,0.));
#9045=DIRECTION('',(0.,0.,-1.));
#9046=DIRECTION('',(0.,0.,-1.));
#9047=DIRECTION('center_axis',(0.,-1.,0.));
#9048=DIRECTION('ref_axis',(-1.,0.,0.));
#9049=DIRECTION('',(0.,0.,-1.));
#9050=DIRECTION('center_axis',(-1.,0.,0.));
#9051=DIRECTION('ref_axis',(0.,1.,0.));
#9052=DIRECTION('',(0.,0.,-1.));
#9053=DIRECTION('center_axis',(0.,1.,0.));
#9054=DIRECTION('ref_axis',(1.,0.,0.));
#9055=DIRECTION('center_axis',(1.,0.,0.));
#9056=DIRECTION('ref_axis',(0.,-1.,0.));
#9057=DIRECTION('',(0.,0.,-1.));
#9058=DIRECTION('',(0.,0.,-1.));
#9059=DIRECTION('center_axis',(0.,-1.,0.));
#9060=DIRECTION('ref_axis',(-1.,0.,0.));
#9061=DIRECTION('',(0.,0.,-1.));
#9062=DIRECTION('center_axis',(-1.,0.,0.));
#9063=DIRECTION('ref_axis',(0.,1.,0.));
#9064=DIRECTION('',(0.,0.,-1.));
#9065=DIRECTION('center_axis',(0.,1.,0.));
#9066=DIRECTION('ref_axis',(1.,0.,0.));
#9067=DIRECTION('center_axis',(1.,0.,0.));
#9068=DIRECTION('ref_axis',(0.,-1.,0.));
#9069=DIRECTION('',(0.,0.,-1.));
#9070=DIRECTION('',(0.,0.,-1.));
#9071=DIRECTION('center_axis',(0.,-1.,0.));
#9072=DIRECTION('ref_axis',(-1.,0.,0.));
#9073=DIRECTION('',(0.,0.,-1.));
#9074=DIRECTION('center_axis',(-1.,0.,0.));
#9075=DIRECTION('ref_axis',(0.,1.,0.));
#9076=DIRECTION('',(0.,0.,-1.));
#9077=DIRECTION('center_axis',(0.,1.,0.));
#9078=DIRECTION('ref_axis',(1.,0.,0.));
#9079=DIRECTION('center_axis',(1.,0.,0.));
#9080=DIRECTION('ref_axis',(0.,-1.,0.));
#9081=DIRECTION('',(0.,0.,-1.));
#9082=DIRECTION('',(0.,0.,-1.));
#9083=DIRECTION('center_axis',(0.,-1.,0.));
#9084=DIRECTION('ref_axis',(-1.,0.,0.));
#9085=DIRECTION('',(0.,0.,-1.));
#9086=DIRECTION('center_axis',(-1.,0.,0.));
#9087=DIRECTION('ref_axis',(0.,1.,0.));
#9088=DIRECTION('',(0.,0.,-1.));
#9089=DIRECTION('center_axis',(0.,1.,0.));
#9090=DIRECTION('ref_axis',(1.,0.,0.));
#9091=DIRECTION('center_axis',(1.,0.,0.));
#9092=DIRECTION('ref_axis',(0.,-1.,0.));
#9093=DIRECTION('',(0.,0.,-1.));
#9094=DIRECTION('',(0.,0.,-1.));
#9095=DIRECTION('center_axis',(0.,-1.,0.));
#9096=DIRECTION('ref_axis',(-1.,0.,0.));
#9097=DIRECTION('',(0.,0.,-1.));
#9098=DIRECTION('center_axis',(-1.,0.,0.));
#9099=DIRECTION('ref_axis',(0.,1.,0.));
#9100=DIRECTION('',(0.,0.,-1.));
#9101=DIRECTION('center_axis',(0.,1.,0.));
#9102=DIRECTION('ref_axis',(1.,0.,0.));
#9103=DIRECTION('center_axis',(1.,0.,0.));
#9104=DIRECTION('ref_axis',(0.,-1.,0.));
#9105=DIRECTION('',(0.,0.,-1.));
#9106=DIRECTION('',(0.,0.,-1.));
#9107=DIRECTION('center_axis',(0.,-1.,0.));
#9108=DIRECTION('ref_axis',(-1.,0.,0.));
#9109=DIRECTION('',(0.,0.,-1.));
#9110=DIRECTION('center_axis',(-1.,0.,0.));
#9111=DIRECTION('ref_axis',(0.,1.,0.));
#9112=DIRECTION('',(0.,0.,-1.));
#9113=DIRECTION('center_axis',(0.,1.,0.));
#9114=DIRECTION('ref_axis',(1.,0.,0.));
#9115=DIRECTION('center_axis',(1.,0.,0.));
#9116=DIRECTION('ref_axis',(0.,-1.,0.));
#9117=DIRECTION('',(0.,0.,-1.));
#9118=DIRECTION('',(0.,0.,-1.));
#9119=DIRECTION('center_axis',(0.,-1.,0.));
#9120=DIRECTION('ref_axis',(-1.,0.,0.));
#9121=DIRECTION('',(0.,0.,-1.));
#9122=DIRECTION('center_axis',(-1.,0.,0.));
#9123=DIRECTION('ref_axis',(0.,1.,0.));
#9124=DIRECTION('',(0.,0.,-1.));
#9125=DIRECTION('center_axis',(0.,1.,0.));
#9126=DIRECTION('ref_axis',(1.,0.,0.));
#9127=DIRECTION('center_axis',(1.,0.,0.));
#9128=DIRECTION('ref_axis',(0.,-1.,0.));
#9129=DIRECTION('',(0.,0.,-1.));
#9130=DIRECTION('',(0.,0.,-1.));
#9131=DIRECTION('center_axis',(0.,-1.,0.));
#9132=DIRECTION('ref_axis',(-1.,0.,0.));
#9133=DIRECTION('',(0.,0.,-1.));
#9134=DIRECTION('center_axis',(-1.,0.,0.));
#9135=DIRECTION('ref_axis',(0.,1.,0.));
#9136=DIRECTION('',(0.,0.,-1.));
#9137=DIRECTION('center_axis',(0.,1.,0.));
#9138=DIRECTION('ref_axis',(1.,0.,0.));
#9139=DIRECTION('center_axis',(1.,0.,0.));
#9140=DIRECTION('ref_axis',(0.,-1.,0.));
#9141=DIRECTION('',(0.,0.,-1.));
#9142=DIRECTION('',(0.,0.,-1.));
#9143=DIRECTION('center_axis',(0.,-1.,0.));
#9144=DIRECTION('ref_axis',(-1.,0.,0.));
#9145=DIRECTION('',(0.,0.,-1.));
#9146=DIRECTION('center_axis',(-1.,0.,0.));
#9147=DIRECTION('ref_axis',(0.,1.,0.));
#9148=DIRECTION('',(0.,0.,-1.));
#9149=DIRECTION('center_axis',(0.,1.,0.));
#9150=DIRECTION('ref_axis',(1.,0.,0.));
#9151=DIRECTION('center_axis',(1.,0.,0.));
#9152=DIRECTION('ref_axis',(0.,-1.,0.));
#9153=DIRECTION('',(0.,0.,-1.));
#9154=DIRECTION('',(0.,0.,-1.));
#9155=DIRECTION('center_axis',(0.,-1.,0.));
#9156=DIRECTION('ref_axis',(-1.,0.,0.));
#9157=DIRECTION('',(0.,0.,-1.));
#9158=DIRECTION('center_axis',(-1.,0.,0.));
#9159=DIRECTION('ref_axis',(0.,1.,0.));
#9160=DIRECTION('',(0.,0.,-1.));
#9161=DIRECTION('center_axis',(0.,1.,0.));
#9162=DIRECTION('ref_axis',(1.,0.,0.));
#9163=DIRECTION('center_axis',(1.,0.,0.));
#9164=DIRECTION('ref_axis',(0.,-1.,0.));
#9165=DIRECTION('',(0.,0.,-1.));
#9166=DIRECTION('',(0.,0.,-1.));
#9167=DIRECTION('center_axis',(0.,-1.,0.));
#9168=DIRECTION('ref_axis',(-1.,0.,0.));
#9169=DIRECTION('',(0.,0.,-1.));
#9170=DIRECTION('center_axis',(-1.,0.,0.));
#9171=DIRECTION('ref_axis',(0.,1.,0.));
#9172=DIRECTION('',(0.,0.,-1.));
#9173=DIRECTION('center_axis',(0.,1.,0.));
#9174=DIRECTION('ref_axis',(1.,0.,0.));
#9175=DIRECTION('center_axis',(1.,0.,0.));
#9176=DIRECTION('ref_axis',(0.,-1.,0.));
#9177=DIRECTION('',(0.,0.,-1.));
#9178=DIRECTION('',(0.,0.,-1.));
#9179=DIRECTION('center_axis',(0.,-1.,0.));
#9180=DIRECTION('ref_axis',(-1.,0.,0.));
#9181=DIRECTION('',(0.,0.,-1.));
#9182=DIRECTION('center_axis',(-1.,0.,0.));
#9183=DIRECTION('ref_axis',(0.,1.,0.));
#9184=DIRECTION('',(0.,0.,-1.));
#9185=DIRECTION('center_axis',(0.,1.,0.));
#9186=DIRECTION('ref_axis',(1.,0.,0.));
#9187=DIRECTION('center_axis',(1.,0.,0.));
#9188=DIRECTION('ref_axis',(0.,-1.,0.));
#9189=DIRECTION('',(0.,0.,-1.));
#9190=DIRECTION('',(0.,0.,-1.));
#9191=DIRECTION('center_axis',(0.,-1.,0.));
#9192=DIRECTION('ref_axis',(-1.,0.,0.));
#9193=DIRECTION('',(0.,0.,-1.));
#9194=DIRECTION('center_axis',(-1.,0.,0.));
#9195=DIRECTION('ref_axis',(0.,1.,0.));
#9196=DIRECTION('',(0.,0.,-1.));
#9197=DIRECTION('center_axis',(0.,1.,0.));
#9198=DIRECTION('ref_axis',(1.,0.,0.));
#9199=DIRECTION('center_axis',(1.,0.,0.));
#9200=DIRECTION('ref_axis',(0.,-1.,0.));
#9201=DIRECTION('',(0.,0.,-1.));
#9202=DIRECTION('',(0.,0.,-1.));
#9203=DIRECTION('center_axis',(0.,-1.,0.));
#9204=DIRECTION('ref_axis',(-1.,0.,0.));
#9205=DIRECTION('',(0.,0.,-1.));
#9206=DIRECTION('center_axis',(-1.,0.,0.));
#9207=DIRECTION('ref_axis',(0.,1.,0.));
#9208=DIRECTION('',(0.,0.,-1.));
#9209=DIRECTION('center_axis',(0.,1.,0.));
#9210=DIRECTION('ref_axis',(1.,0.,0.));
#9211=DIRECTION('center_axis',(1.,0.,0.));
#9212=DIRECTION('ref_axis',(0.,-1.,0.));
#9213=DIRECTION('',(0.,0.,-1.));
#9214=DIRECTION('',(0.,0.,-1.));
#9215=DIRECTION('center_axis',(0.,-1.,0.));
#9216=DIRECTION('ref_axis',(-1.,0.,0.));
#9217=DIRECTION('',(0.,0.,-1.));
#9218=DIRECTION('center_axis',(-1.,0.,0.));
#9219=DIRECTION('ref_axis',(0.,1.,0.));
#9220=DIRECTION('',(0.,0.,-1.));
#9221=DIRECTION('center_axis',(0.,1.,0.));
#9222=DIRECTION('ref_axis',(1.,0.,0.));
#9223=DIRECTION('center_axis',(1.,0.,0.));
#9224=DIRECTION('ref_axis',(0.,-1.,0.));
#9225=DIRECTION('',(0.,0.,-1.));
#9226=DIRECTION('',(0.,0.,-1.));
#9227=DIRECTION('center_axis',(0.,-1.,0.));
#9228=DIRECTION('ref_axis',(-1.,0.,0.));
#9229=DIRECTION('',(0.,0.,-1.));
#9230=DIRECTION('center_axis',(-1.,0.,0.));
#9231=DIRECTION('ref_axis',(0.,1.,0.));
#9232=DIRECTION('',(0.,0.,-1.));
#9233=DIRECTION('center_axis',(0.,1.,0.));
#9234=DIRECTION('ref_axis',(1.,0.,0.));
#9235=DIRECTION('center_axis',(1.,0.,0.));
#9236=DIRECTION('ref_axis',(0.,-1.,0.));
#9237=DIRECTION('',(0.,0.,-1.));
#9238=DIRECTION('',(0.,0.,-1.));
#9239=DIRECTION('center_axis',(0.,-1.,0.));
#9240=DIRECTION('ref_axis',(-1.,0.,0.));
#9241=DIRECTION('',(0.,0.,-1.));
#9242=DIRECTION('center_axis',(-1.,0.,0.));
#9243=DIRECTION('ref_axis',(0.,1.,0.));
#9244=DIRECTION('',(0.,0.,-1.));
#9245=DIRECTION('center_axis',(0.,1.,0.));
#9246=DIRECTION('ref_axis',(1.,0.,0.));
#9247=DIRECTION('center_axis',(1.,0.,0.));
#9248=DIRECTION('ref_axis',(0.,-1.,0.));
#9249=DIRECTION('',(0.,0.,-1.));
#9250=DIRECTION('',(0.,0.,-1.));
#9251=DIRECTION('center_axis',(0.,-1.,0.));
#9252=DIRECTION('ref_axis',(-1.,0.,0.));
#9253=DIRECTION('',(0.,0.,-1.));
#9254=DIRECTION('center_axis',(-1.,0.,0.));
#9255=DIRECTION('ref_axis',(0.,1.,0.));
#9256=DIRECTION('',(0.,0.,-1.));
#9257=DIRECTION('center_axis',(0.,1.,0.));
#9258=DIRECTION('ref_axis',(1.,0.,0.));
#9259=DIRECTION('center_axis',(1.,0.,0.));
#9260=DIRECTION('ref_axis',(0.,-1.,0.));
#9261=DIRECTION('',(0.,0.,-1.));
#9262=DIRECTION('',(0.,0.,-1.));
#9263=DIRECTION('center_axis',(0.,-1.,0.));
#9264=DIRECTION('ref_axis',(-1.,0.,0.));
#9265=DIRECTION('',(0.,0.,-1.));
#9266=DIRECTION('center_axis',(-1.,0.,0.));
#9267=DIRECTION('ref_axis',(0.,1.,0.));
#9268=DIRECTION('',(0.,0.,-1.));
#9269=DIRECTION('center_axis',(0.,1.,0.));
#9270=DIRECTION('ref_axis',(1.,0.,0.));
#9271=DIRECTION('center_axis',(1.,0.,0.));
#9272=DIRECTION('ref_axis',(0.,-1.,0.));
#9273=DIRECTION('',(0.,0.,-1.));
#9274=DIRECTION('',(0.,0.,-1.));
#9275=DIRECTION('center_axis',(0.,-1.,0.));
#9276=DIRECTION('ref_axis',(-1.,0.,0.));
#9277=DIRECTION('',(0.,0.,-1.));
#9278=DIRECTION('center_axis',(-1.,0.,0.));
#9279=DIRECTION('ref_axis',(0.,1.,0.));
#9280=DIRECTION('',(0.,0.,-1.));
#9281=DIRECTION('center_axis',(0.,1.,0.));
#9282=DIRECTION('ref_axis',(1.,0.,0.));
#9283=DIRECTION('center_axis',(1.,0.,0.));
#9284=DIRECTION('ref_axis',(0.,-1.,0.));
#9285=DIRECTION('',(0.,0.,-1.));
#9286=DIRECTION('',(0.,0.,-1.));
#9287=DIRECTION('center_axis',(0.,-1.,0.));
#9288=DIRECTION('ref_axis',(-1.,0.,0.));
#9289=DIRECTION('',(0.,0.,-1.));
#9290=DIRECTION('center_axis',(-1.,0.,0.));
#9291=DIRECTION('ref_axis',(0.,1.,0.));
#9292=DIRECTION('',(0.,0.,-1.));
#9293=DIRECTION('center_axis',(0.,1.,0.));
#9294=DIRECTION('ref_axis',(1.,0.,0.));
#9295=DIRECTION('center_axis',(1.,0.,0.));
#9296=DIRECTION('ref_axis',(0.,-1.,0.));
#9297=DIRECTION('',(0.,0.,-1.));
#9298=DIRECTION('',(0.,0.,-1.));
#9299=DIRECTION('center_axis',(0.,-1.,0.));
#9300=DIRECTION('ref_axis',(-1.,0.,0.));
#9301=DIRECTION('',(0.,0.,-1.));
#9302=DIRECTION('center_axis',(-1.,0.,0.));
#9303=DIRECTION('ref_axis',(0.,1.,0.));
#9304=DIRECTION('',(0.,0.,-1.));
#9305=DIRECTION('center_axis',(0.,1.,0.));
#9306=DIRECTION('ref_axis',(1.,0.,0.));
#9307=DIRECTION('center_axis',(1.,0.,0.));
#9308=DIRECTION('ref_axis',(0.,-1.,0.));
#9309=DIRECTION('',(0.,0.,-1.));
#9310=DIRECTION('',(0.,0.,-1.));
#9311=DIRECTION('center_axis',(0.,-1.,0.));
#9312=DIRECTION('ref_axis',(-1.,0.,0.));
#9313=DIRECTION('',(0.,0.,-1.));
#9314=DIRECTION('center_axis',(-1.,0.,0.));
#9315=DIRECTION('ref_axis',(0.,1.,0.));
#9316=DIRECTION('',(0.,0.,-1.));
#9317=DIRECTION('center_axis',(0.,1.,0.));
#9318=DIRECTION('ref_axis',(1.,0.,0.));
#9319=DIRECTION('center_axis',(1.,0.,0.));
#9320=DIRECTION('ref_axis',(0.,-1.,0.));
#9321=DIRECTION('',(0.,0.,-1.));
#9322=DIRECTION('',(0.,0.,-1.));
#9323=DIRECTION('center_axis',(0.,-1.,0.));
#9324=DIRECTION('ref_axis',(-1.,0.,0.));
#9325=DIRECTION('',(0.,0.,-1.));
#9326=DIRECTION('center_axis',(-1.,0.,0.));
#9327=DIRECTION('ref_axis',(0.,1.,0.));
#9328=DIRECTION('',(0.,0.,-1.));
#9329=DIRECTION('center_axis',(0.,1.,0.));
#9330=DIRECTION('ref_axis',(1.,0.,0.));
#9331=DIRECTION('center_axis',(1.,0.,0.));
#9332=DIRECTION('ref_axis',(0.,-1.,0.));
#9333=DIRECTION('',(0.,0.,-1.));
#9334=DIRECTION('',(0.,0.,-1.));
#9335=DIRECTION('center_axis',(0.,-1.,0.));
#9336=DIRECTION('ref_axis',(-1.,0.,0.));
#9337=DIRECTION('',(0.,0.,-1.));
#9338=DIRECTION('center_axis',(-1.,0.,0.));
#9339=DIRECTION('ref_axis',(0.,1.,0.));
#9340=DIRECTION('',(0.,0.,-1.));
#9341=DIRECTION('center_axis',(0.,1.,0.));
#9342=DIRECTION('ref_axis',(1.,0.,0.));
#9343=DIRECTION('center_axis',(1.,0.,0.));
#9344=DIRECTION('ref_axis',(0.,-1.,0.));
#9345=DIRECTION('',(0.,0.,-1.));
#9346=DIRECTION('',(0.,0.,-1.));
#9347=DIRECTION('center_axis',(0.,-1.,0.));
#9348=DIRECTION('ref_axis',(-1.,0.,0.));
#9349=DIRECTION('',(0.,0.,-1.));
#9350=DIRECTION('center_axis',(-1.,0.,0.));
#9351=DIRECTION('ref_axis',(0.,1.,0.));
#9352=DIRECTION('',(0.,0.,-1.));
#9353=DIRECTION('center_axis',(0.,1.,0.));
#9354=DIRECTION('ref_axis',(1.,0.,0.));
#9355=DIRECTION('center_axis',(1.,0.,0.));
#9356=DIRECTION('ref_axis',(0.,-1.,0.));
#9357=DIRECTION('',(0.,0.,-1.));
#9358=DIRECTION('',(0.,0.,-1.));
#9359=DIRECTION('center_axis',(0.,-1.,0.));
#9360=DIRECTION('ref_axis',(-1.,0.,0.));
#9361=DIRECTION('',(0.,0.,-1.));
#9362=DIRECTION('center_axis',(-1.,0.,0.));
#9363=DIRECTION('ref_axis',(0.,1.,0.));
#9364=DIRECTION('',(0.,0.,-1.));
#9365=DIRECTION('center_axis',(0.,1.,0.));
#9366=DIRECTION('ref_axis',(1.,0.,0.));
#9367=DIRECTION('center_axis',(1.,0.,0.));
#9368=DIRECTION('ref_axis',(0.,-1.,0.));
#9369=DIRECTION('',(0.,0.,-1.));
#9370=DIRECTION('',(0.,0.,-1.));
#9371=DIRECTION('center_axis',(0.,-1.,0.));
#9372=DIRECTION('ref_axis',(-1.,0.,0.));
#9373=DIRECTION('',(0.,0.,-1.));
#9374=DIRECTION('center_axis',(-1.,0.,0.));
#9375=DIRECTION('ref_axis',(0.,1.,0.));
#9376=DIRECTION('',(0.,0.,-1.));
#9377=DIRECTION('center_axis',(0.,1.,0.));
#9378=DIRECTION('ref_axis',(1.,0.,0.));
#9379=DIRECTION('center_axis',(1.,0.,0.));
#9380=DIRECTION('ref_axis',(0.,-1.,0.));
#9381=DIRECTION('',(0.,0.,-1.));
#9382=DIRECTION('',(0.,0.,-1.));
#9383=DIRECTION('center_axis',(0.,-1.,0.));
#9384=DIRECTION('ref_axis',(-1.,0.,0.));
#9385=DIRECTION('',(0.,0.,-1.));
#9386=DIRECTION('center_axis',(-1.,0.,0.));
#9387=DIRECTION('ref_axis',(0.,1.,0.));
#9388=DIRECTION('',(0.,0.,-1.));
#9389=DIRECTION('center_axis',(0.,1.,0.));
#9390=DIRECTION('ref_axis',(1.,0.,0.));
#9391=DIRECTION('center_axis',(1.,0.,0.));
#9392=DIRECTION('ref_axis',(0.,-1.,0.));
#9393=DIRECTION('',(0.,0.,-1.));
#9394=DIRECTION('',(0.,0.,-1.));
#9395=DIRECTION('center_axis',(0.,-1.,0.));
#9396=DIRECTION('ref_axis',(-1.,0.,0.));
#9397=DIRECTION('',(0.,0.,-1.));
#9398=DIRECTION('center_axis',(-1.,0.,0.));
#9399=DIRECTION('ref_axis',(0.,1.,0.));
#9400=DIRECTION('',(0.,0.,-1.));
#9401=DIRECTION('center_axis',(0.,1.,0.));
#9402=DIRECTION('ref_axis',(1.,0.,0.));
#9403=DIRECTION('center_axis',(1.,0.,0.));
#9404=DIRECTION('ref_axis',(0.,-1.,0.));
#9405=DIRECTION('',(0.,0.,-1.));
#9406=DIRECTION('',(0.,0.,-1.));
#9407=DIRECTION('center_axis',(0.,-1.,0.));
#9408=DIRECTION('ref_axis',(-1.,0.,0.));
#9409=DIRECTION('',(0.,0.,-1.));
#9410=DIRECTION('center_axis',(-1.,0.,0.));
#9411=DIRECTION('ref_axis',(0.,1.,0.));
#9412=DIRECTION('',(0.,0.,-1.));
#9413=DIRECTION('center_axis',(0.,1.,0.));
#9414=DIRECTION('ref_axis',(1.,0.,0.));
#9415=DIRECTION('center_axis',(1.,0.,0.));
#9416=DIRECTION('ref_axis',(0.,-1.,0.));
#9417=DIRECTION('',(0.,0.,-1.));
#9418=DIRECTION('',(0.,0.,-1.));
#9419=DIRECTION('center_axis',(0.,-1.,0.));
#9420=DIRECTION('ref_axis',(-1.,0.,0.));
#9421=DIRECTION('',(0.,0.,-1.));
#9422=DIRECTION('center_axis',(-1.,0.,0.));
#9423=DIRECTION('ref_axis',(0.,1.,0.));
#9424=DIRECTION('',(0.,0.,-1.));
#9425=DIRECTION('center_axis',(0.,1.,0.));
#9426=DIRECTION('ref_axis',(1.,0.,0.));
#9427=DIRECTION('center_axis',(1.,0.,0.));
#9428=DIRECTION('ref_axis',(0.,-1.,0.));
#9429=DIRECTION('',(0.,0.,-1.));
#9430=DIRECTION('',(0.,0.,-1.));
#9431=DIRECTION('center_axis',(0.,-1.,0.));
#9432=DIRECTION('ref_axis',(-1.,0.,0.));
#9433=DIRECTION('',(0.,0.,-1.));
#9434=DIRECTION('center_axis',(-1.,0.,0.));
#9435=DIRECTION('ref_axis',(0.,1.,0.));
#9436=DIRECTION('',(0.,0.,-1.));
#9437=DIRECTION('center_axis',(0.,1.,0.));
#9438=DIRECTION('ref_axis',(1.,0.,0.));
#9439=DIRECTION('center_axis',(1.,0.,0.));
#9440=DIRECTION('ref_axis',(0.,-1.,0.));
#9441=DIRECTION('',(0.,0.,-1.));
#9442=DIRECTION('',(0.,0.,-1.));
#9443=DIRECTION('center_axis',(0.,-1.,0.));
#9444=DIRECTION('ref_axis',(-1.,0.,0.));
#9445=DIRECTION('',(0.,0.,-1.));
#9446=DIRECTION('center_axis',(-1.,0.,0.));
#9447=DIRECTION('ref_axis',(0.,1.,0.));
#9448=DIRECTION('',(0.,0.,-1.));
#9449=DIRECTION('center_axis',(0.,1.,0.));
#9450=DIRECTION('ref_axis',(1.,0.,0.));
#9451=DIRECTION('center_axis',(1.,0.,0.));
#9452=DIRECTION('ref_axis',(0.,-1.,0.));
#9453=DIRECTION('',(0.,0.,-1.));
#9454=DIRECTION('',(0.,0.,-1.));
#9455=DIRECTION('center_axis',(0.,-1.,0.));
#9456=DIRECTION('ref_axis',(-1.,0.,0.));
#9457=DIRECTION('',(0.,0.,-1.));
#9458=DIRECTION('center_axis',(-1.,0.,0.));
#9459=DIRECTION('ref_axis',(0.,1.,0.));
#9460=DIRECTION('',(0.,0.,-1.));
#9461=DIRECTION('center_axis',(0.,1.,0.));
#9462=DIRECTION('ref_axis',(1.,0.,0.));
#9463=DIRECTION('center_axis',(1.,0.,0.));
#9464=DIRECTION('ref_axis',(0.,-1.,0.));
#9465=DIRECTION('',(0.,0.,-1.));
#9466=DIRECTION('',(0.,0.,-1.));
#9467=DIRECTION('center_axis',(0.,-1.,0.));
#9468=DIRECTION('ref_axis',(-1.,0.,0.));
#9469=DIRECTION('',(0.,0.,-1.));
#9470=DIRECTION('center_axis',(-1.,0.,0.));
#9471=DIRECTION('ref_axis',(0.,1.,0.));
#9472=DIRECTION('',(0.,0.,-1.));
#9473=DIRECTION('center_axis',(0.,1.,0.));
#9474=DIRECTION('ref_axis',(1.,0.,0.));
#9475=DIRECTION('center_axis',(1.,0.,0.));
#9476=DIRECTION('ref_axis',(0.,-1.,0.));
#9477=DIRECTION('',(0.,0.,-1.));
#9478=DIRECTION('',(0.,0.,-1.));
#9479=DIRECTION('center_axis',(0.,-1.,0.));
#9480=DIRECTION('ref_axis',(-1.,0.,0.));
#9481=DIRECTION('',(0.,0.,-1.));
#9482=DIRECTION('center_axis',(-1.,0.,0.));
#9483=DIRECTION('ref_axis',(0.,1.,0.));
#9484=DIRECTION('',(0.,0.,-1.));
#9485=DIRECTION('center_axis',(0.,1.,0.));
#9486=DIRECTION('ref_axis',(1.,0.,0.));
#9487=DIRECTION('center_axis',(1.,0.,0.));
#9488=DIRECTION('ref_axis',(0.,-1.,0.));
#9489=DIRECTION('',(0.,0.,-1.));
#9490=DIRECTION('',(0.,0.,-1.));
#9491=DIRECTION('center_axis',(0.,-1.,0.));
#9492=DIRECTION('ref_axis',(-1.,0.,0.));
#9493=DIRECTION('',(0.,0.,-1.));
#9494=DIRECTION('center_axis',(-1.,0.,0.));
#9495=DIRECTION('ref_axis',(0.,1.,0.));
#9496=DIRECTION('',(0.,0.,-1.));
#9497=DIRECTION('center_axis',(0.,1.,0.));
#9498=DIRECTION('ref_axis',(1.,0.,0.));
#9499=DIRECTION('center_axis',(1.,0.,0.));
#9500=DIRECTION('ref_axis',(0.,-1.,0.));
#9501=DIRECTION('',(0.,0.,-1.));
#9502=DIRECTION('',(0.,0.,-1.));
#9503=DIRECTION('center_axis',(0.,-1.,0.));
#9504=DIRECTION('ref_axis',(-1.,0.,0.));
#9505=DIRECTION('',(0.,0.,-1.));
#9506=DIRECTION('center_axis',(-1.,0.,0.));
#9507=DIRECTION('ref_axis',(0.,1.,0.));
#9508=DIRECTION('',(0.,0.,-1.));
#9509=DIRECTION('center_axis',(0.,1.,0.));
#9510=DIRECTION('ref_axis',(1.,0.,0.));
#9511=DIRECTION('center_axis',(1.,0.,0.));
#9512=DIRECTION('ref_axis',(0.,-1.,0.));
#9513=DIRECTION('',(0.,0.,-1.));
#9514=DIRECTION('',(0.,0.,-1.));
#9515=DIRECTION('center_axis',(0.,-1.,0.));
#9516=DIRECTION('ref_axis',(-1.,0.,0.));
#9517=DIRECTION('',(0.,0.,-1.));
#9518=DIRECTION('center_axis',(-1.,0.,0.));
#9519=DIRECTION('ref_axis',(0.,1.,0.));
#9520=DIRECTION('',(0.,0.,-1.));
#9521=DIRECTION('center_axis',(0.,1.,0.));
#9522=DIRECTION('ref_axis',(1.,0.,0.));
#9523=DIRECTION('center_axis',(1.,0.,0.));
#9524=DIRECTION('ref_axis',(0.,-1.,0.));
#9525=DIRECTION('',(0.,0.,-1.));
#9526=DIRECTION('',(0.,0.,-1.));
#9527=DIRECTION('center_axis',(0.,-1.,0.));
#9528=DIRECTION('ref_axis',(-1.,0.,0.));
#9529=DIRECTION('',(0.,0.,-1.));
#9530=DIRECTION('center_axis',(-1.,0.,0.));
#9531=DIRECTION('ref_axis',(0.,1.,0.));
#9532=DIRECTION('',(0.,0.,-1.));
#9533=DIRECTION('center_axis',(0.,1.,0.));
#9534=DIRECTION('ref_axis',(1.,0.,0.));
#9535=DIRECTION('center_axis',(1.,0.,0.));
#9536=DIRECTION('ref_axis',(0.,-1.,0.));
#9537=DIRECTION('',(0.,0.,-1.));
#9538=DIRECTION('',(0.,0.,-1.));
#9539=DIRECTION('center_axis',(0.,-1.,0.));
#9540=DIRECTION('ref_axis',(-1.,0.,0.));
#9541=DIRECTION('',(0.,0.,-1.));
#9542=DIRECTION('center_axis',(-1.,0.,0.));
#9543=DIRECTION('ref_axis',(0.,1.,0.));
#9544=DIRECTION('',(0.,0.,-1.));
#9545=DIRECTION('center_axis',(0.,1.,0.));
#9546=DIRECTION('ref_axis',(1.,0.,0.));
#9547=DIRECTION('center_axis',(1.,0.,0.));
#9548=DIRECTION('ref_axis',(0.,-1.,0.));
#9549=DIRECTION('',(0.,0.,-1.));
#9550=DIRECTION('',(0.,0.,-1.));
#9551=DIRECTION('center_axis',(0.,-1.,0.));
#9552=DIRECTION('ref_axis',(-1.,0.,0.));
#9553=DIRECTION('',(0.,0.,-1.));
#9554=DIRECTION('center_axis',(-1.,0.,0.));
#9555=DIRECTION('ref_axis',(0.,1.,0.));
#9556=DIRECTION('',(0.,0.,-1.));
#9557=DIRECTION('center_axis',(0.,1.,0.));
#9558=DIRECTION('ref_axis',(1.,0.,0.));
#9559=DIRECTION('center_axis',(1.,0.,0.));
#9560=DIRECTION('ref_axis',(0.,-1.,0.));
#9561=DIRECTION('',(0.,0.,-1.));
#9562=DIRECTION('',(0.,0.,-1.));
#9563=DIRECTION('center_axis',(0.,-1.,0.));
#9564=DIRECTION('ref_axis',(-1.,0.,0.));
#9565=DIRECTION('',(0.,0.,-1.));
#9566=DIRECTION('center_axis',(-1.,0.,0.));
#9567=DIRECTION('ref_axis',(0.,1.,0.));
#9568=DIRECTION('',(0.,0.,-1.));
#9569=DIRECTION('center_axis',(0.,1.,0.));
#9570=DIRECTION('ref_axis',(1.,0.,0.));
#9571=DIRECTION('center_axis',(1.,0.,0.));
#9572=DIRECTION('ref_axis',(0.,-1.,0.));
#9573=DIRECTION('',(0.,0.,-1.));
#9574=DIRECTION('',(0.,0.,-1.));
#9575=DIRECTION('center_axis',(0.,-1.,0.));
#9576=DIRECTION('ref_axis',(-1.,0.,0.));
#9577=DIRECTION('',(0.,0.,-1.));
#9578=DIRECTION('center_axis',(-1.,0.,0.));
#9579=DIRECTION('ref_axis',(0.,1.,0.));
#9580=DIRECTION('',(0.,0.,-1.));
#9581=DIRECTION('center_axis',(0.,1.,0.));
#9582=DIRECTION('ref_axis',(1.,0.,0.));
#9583=DIRECTION('center_axis',(1.,0.,0.));
#9584=DIRECTION('ref_axis',(0.,-1.,0.));
#9585=DIRECTION('',(0.,0.,-1.));
#9586=DIRECTION('',(0.,0.,-1.));
#9587=DIRECTION('center_axis',(0.,-1.,0.));
#9588=DIRECTION('ref_axis',(-1.,0.,0.));
#9589=DIRECTION('',(0.,0.,-1.));
#9590=DIRECTION('center_axis',(-1.,0.,0.));
#9591=DIRECTION('ref_axis',(0.,1.,0.));
#9592=DIRECTION('',(0.,0.,-1.));
#9593=DIRECTION('center_axis',(0.,1.,0.));
#9594=DIRECTION('ref_axis',(1.,0.,0.));
#9595=DIRECTION('center_axis',(1.,0.,0.));
#9596=DIRECTION('ref_axis',(0.,-1.,0.));
#9597=DIRECTION('',(0.,0.,-1.));
#9598=DIRECTION('',(0.,0.,-1.));
#9599=DIRECTION('center_axis',(0.,-1.,0.));
#9600=DIRECTION('ref_axis',(-1.,0.,0.));
#9601=DIRECTION('',(0.,0.,-1.));
#9602=DIRECTION('center_axis',(-1.,0.,0.));
#9603=DIRECTION('ref_axis',(0.,1.,0.));
#9604=DIRECTION('',(0.,0.,-1.));
#9605=DIRECTION('center_axis',(0.,1.,0.));
#9606=DIRECTION('ref_axis',(1.,0.,0.));
#9607=DIRECTION('center_axis',(1.,0.,0.));
#9608=DIRECTION('ref_axis',(0.,-1.,0.));
#9609=DIRECTION('',(0.,0.,-1.));
#9610=DIRECTION('',(0.,0.,-1.));
#9611=DIRECTION('center_axis',(0.,-1.,0.));
#9612=DIRECTION('ref_axis',(-1.,0.,0.));
#9613=DIRECTION('',(0.,0.,-1.));
#9614=DIRECTION('center_axis',(-1.,0.,0.));
#9615=DIRECTION('ref_axis',(0.,1.,0.));
#9616=DIRECTION('',(0.,0.,-1.));
#9617=DIRECTION('center_axis',(0.,1.,0.));
#9618=DIRECTION('ref_axis',(1.,0.,0.));
#9619=DIRECTION('center_axis',(1.,0.,0.));
#9620=DIRECTION('ref_axis',(0.,-1.,0.));
#9621=DIRECTION('',(0.,0.,-1.));
#9622=DIRECTION('',(0.,0.,-1.));
#9623=DIRECTION('center_axis',(0.,-1.,0.));
#9624=DIRECTION('ref_axis',(-1.,0.,0.));
#9625=DIRECTION('',(0.,0.,-1.));
#9626=DIRECTION('center_axis',(-1.,0.,0.));
#9627=DIRECTION('ref_axis',(0.,1.,0.));
#9628=DIRECTION('',(0.,0.,-1.));
#9629=DIRECTION('center_axis',(0.,1.,0.));
#9630=DIRECTION('ref_axis',(1.,0.,0.));
#9631=DIRECTION('center_axis',(1.,0.,0.));
#9632=DIRECTION('ref_axis',(0.,-1.,0.));
#9633=DIRECTION('',(0.,0.,-1.));
#9634=DIRECTION('',(0.,0.,-1.));
#9635=DIRECTION('center_axis',(0.,-1.,0.));
#9636=DIRECTION('ref_axis',(-1.,0.,0.));
#9637=DIRECTION('',(0.,0.,-1.));
#9638=DIRECTION('center_axis',(-1.,0.,0.));
#9639=DIRECTION('ref_axis',(0.,1.,0.));
#9640=DIRECTION('',(0.,0.,-1.));
#9641=DIRECTION('center_axis',(0.,1.,0.));
#9642=DIRECTION('ref_axis',(1.,0.,0.));
#9643=DIRECTION('center_axis',(1.,0.,0.));
#9644=DIRECTION('ref_axis',(0.,-1.,0.));
#9645=DIRECTION('',(0.,0.,-1.));
#9646=DIRECTION('',(0.,0.,-1.));
#9647=DIRECTION('center_axis',(0.,-1.,0.));
#9648=DIRECTION('ref_axis',(-1.,0.,0.));
#9649=DIRECTION('',(0.,0.,-1.));
#9650=DIRECTION('center_axis',(-1.,0.,0.));
#9651=DIRECTION('ref_axis',(0.,1.,0.));
#9652=DIRECTION('',(0.,0.,-1.));
#9653=DIRECTION('center_axis',(0.,1.,0.));
#9654=DIRECTION('ref_axis',(1.,0.,0.));
#9655=DIRECTION('center_axis',(1.,0.,0.));
#9656=DIRECTION('ref_axis',(0.,-1.,0.));
#9657=DIRECTION('',(0.,0.,-1.));
#9658=DIRECTION('',(0.,0.,-1.));
#9659=DIRECTION('center_axis',(0.,-1.,0.));
#9660=DIRECTION('ref_axis',(-1.,0.,0.));
#9661=DIRECTION('',(0.,0.,-1.));
#9662=DIRECTION('center_axis',(-1.,0.,0.));
#9663=DIRECTION('ref_axis',(0.,1.,0.));
#9664=DIRECTION('',(0.,0.,-1.));
#9665=DIRECTION('center_axis',(0.,1.,0.));
#9666=DIRECTION('ref_axis',(1.,0.,0.));
#9667=DIRECTION('center_axis',(1.,0.,0.));
#9668=DIRECTION('ref_axis',(0.,-1.,0.));
#9669=DIRECTION('',(0.,0.,-1.));
#9670=DIRECTION('',(0.,0.,-1.));
#9671=DIRECTION('center_axis',(0.,-1.,0.));
#9672=DIRECTION('ref_axis',(-1.,0.,0.));
#9673=DIRECTION('',(0.,0.,-1.));
#9674=DIRECTION('center_axis',(-1.,0.,0.));
#9675=DIRECTION('ref_axis',(0.,1.,0.));
#9676=DIRECTION('',(0.,0.,-1.));
#9677=DIRECTION('center_axis',(0.,1.,0.));
#9678=DIRECTION('ref_axis',(1.,0.,0.));
#9679=DIRECTION('center_axis',(1.,0.,0.));
#9680=DIRECTION('ref_axis',(0.,-1.,0.));
#9681=DIRECTION('',(0.,0.,-1.));
#9682=DIRECTION('',(0.,0.,-1.));
#9683=DIRECTION('center_axis',(0.,-1.,0.));
#9684=DIRECTION('ref_axis',(-1.,0.,0.));
#9685=DIRECTION('',(0.,0.,-1.));
#9686=DIRECTION('center_axis',(-1.,0.,0.));
#9687=DIRECTION('ref_axis',(0.,1.,0.));
#9688=DIRECTION('',(0.,0.,-1.));
#9689=DIRECTION('center_axis',(0.,1.,0.));
#9690=DIRECTION('ref_axis',(1.,0.,0.));
#9691=DIRECTION('center_axis',(1.,0.,0.));
#9692=DIRECTION('ref_axis',(0.,-1.,0.));
#9693=DIRECTION('',(0.,0.,-1.));
#9694=DIRECTION('',(0.,0.,-1.));
#9695=DIRECTION('center_axis',(0.,-1.,0.));
#9696=DIRECTION('ref_axis',(-1.,0.,0.));
#9697=DIRECTION('',(0.,0.,-1.));
#9698=DIRECTION('center_axis',(-1.,0.,0.));
#9699=DIRECTION('ref_axis',(0.,1.,0.));
#9700=DIRECTION('',(0.,0.,-1.));
#9701=DIRECTION('center_axis',(0.,1.,0.));
#9702=DIRECTION('ref_axis',(1.,0.,0.));
#9703=DIRECTION('center_axis',(1.,0.,0.));
#9704=DIRECTION('ref_axis',(0.,-1.,0.));
#9705=DIRECTION('',(0.,0.,-1.));
#9706=DIRECTION('',(0.,0.,-1.));
#9707=DIRECTION('center_axis',(0.,-1.,0.));
#9708=DIRECTION('ref_axis',(-1.,0.,0.));
#9709=DIRECTION('',(0.,0.,-1.));
#9710=DIRECTION('center_axis',(-1.,0.,0.));
#9711=DIRECTION('ref_axis',(0.,1.,0.));
#9712=DIRECTION('',(0.,0.,-1.));
#9713=DIRECTION('center_axis',(0.,1.,0.));
#9714=DIRECTION('ref_axis',(1.,0.,0.));
#9715=DIRECTION('center_axis',(1.,0.,0.));
#9716=DIRECTION('ref_axis',(0.,-1.,0.));
#9717=DIRECTION('',(0.,0.,-1.));
#9718=DIRECTION('',(0.,0.,-1.));
#9719=DIRECTION('center_axis',(0.,-1.,0.));
#9720=DIRECTION('ref_axis',(-1.,0.,0.));
#9721=DIRECTION('',(0.,0.,-1.));
#9722=DIRECTION('center_axis',(-1.,0.,0.));
#9723=DIRECTION('ref_axis',(0.,1.,0.));
#9724=DIRECTION('',(0.,0.,-1.));
#9725=DIRECTION('center_axis',(0.,1.,0.));
#9726=DIRECTION('ref_axis',(1.,0.,0.));
#9727=DIRECTION('center_axis',(1.,0.,0.));
#9728=DIRECTION('ref_axis',(0.,-1.,0.));
#9729=DIRECTION('',(0.,0.,-1.));
#9730=DIRECTION('',(0.,0.,-1.));
#9731=DIRECTION('center_axis',(0.,-1.,0.));
#9732=DIRECTION('ref_axis',(-1.,0.,0.));
#9733=DIRECTION('',(0.,0.,-1.));
#9734=DIRECTION('center_axis',(-1.,0.,0.));
#9735=DIRECTION('ref_axis',(0.,1.,0.));
#9736=DIRECTION('',(0.,0.,-1.));
#9737=DIRECTION('center_axis',(0.,1.,0.));
#9738=DIRECTION('ref_axis',(1.,0.,0.));
#9739=DIRECTION('center_axis',(1.,0.,0.));
#9740=DIRECTION('ref_axis',(0.,-1.,0.));
#9741=DIRECTION('',(0.,0.,-1.));
#9742=DIRECTION('',(0.,0.,-1.));
#9743=DIRECTION('center_axis',(0.,-1.,0.));
#9744=DIRECTION('ref_axis',(-1.,0.,0.));
#9745=DIRECTION('',(0.,0.,-1.));
#9746=DIRECTION('center_axis',(-1.,0.,0.));
#9747=DIRECTION('ref_axis',(0.,1.,0.));
#9748=DIRECTION('',(0.,0.,-1.));
#9749=DIRECTION('center_axis',(0.,1.,0.));
#9750=DIRECTION('ref_axis',(1.,0.,0.));
#9751=DIRECTION('center_axis',(1.,0.,0.));
#9752=DIRECTION('ref_axis',(0.,-1.,0.));
#9753=DIRECTION('',(0.,0.,-1.));
#9754=DIRECTION('',(0.,0.,-1.));
#9755=DIRECTION('center_axis',(0.,-1.,0.));
#9756=DIRECTION('ref_axis',(-1.,0.,0.));
#9757=DIRECTION('',(0.,0.,-1.));
#9758=DIRECTION('center_axis',(-1.,0.,0.));
#9759=DIRECTION('ref_axis',(0.,1.,0.));
#9760=DIRECTION('',(0.,0.,-1.));
#9761=DIRECTION('center_axis',(0.,1.,0.));
#9762=DIRECTION('ref_axis',(1.,0.,0.));
#9763=DIRECTION('center_axis',(1.,0.,0.));
#9764=DIRECTION('ref_axis',(0.,-1.,0.));
#9765=DIRECTION('',(0.,0.,-1.));
#9766=DIRECTION('',(0.,0.,-1.));
#9767=DIRECTION('center_axis',(0.,-1.,0.));
#9768=DIRECTION('ref_axis',(-1.,0.,0.));
#9769=DIRECTION('',(0.,0.,-1.));
#9770=DIRECTION('center_axis',(-1.,0.,0.));
#9771=DIRECTION('ref_axis',(0.,1.,0.));
#9772=DIRECTION('',(0.,0.,-1.));
#9773=DIRECTION('center_axis',(0.,1.,0.));
#9774=DIRECTION('ref_axis',(1.,0.,0.));
#9775=DIRECTION('center_axis',(1.,0.,0.));
#9776=DIRECTION('ref_axis',(0.,-1.,0.));
#9777=DIRECTION('',(0.,0.,-1.));
#9778=DIRECTION('',(0.,0.,-1.));
#9779=DIRECTION('center_axis',(0.,-1.,0.));
#9780=DIRECTION('ref_axis',(-1.,0.,0.));
#9781=DIRECTION('',(0.,0.,-1.));
#9782=DIRECTION('center_axis',(-1.,0.,0.));
#9783=DIRECTION('ref_axis',(0.,1.,0.));
#9784=DIRECTION('',(0.,0.,-1.));
#9785=DIRECTION('center_axis',(0.,1.,0.));
#9786=DIRECTION('ref_axis',(1.,0.,0.));
#9787=DIRECTION('center_axis',(1.,0.,0.));
#9788=DIRECTION('ref_axis',(0.,-1.,0.));
#9789=DIRECTION('',(0.,0.,-1.));
#9790=DIRECTION('',(0.,0.,-1.));
#9791=DIRECTION('center_axis',(0.,-1.,0.));
#9792=DIRECTION('ref_axis',(-1.,0.,0.));
#9793=DIRECTION('',(0.,0.,-1.));
#9794=DIRECTION('center_axis',(-1.,0.,0.));
#9795=DIRECTION('ref_axis',(0.,1.,0.));
#9796=DIRECTION('',(0.,0.,-1.));
#9797=DIRECTION('center_axis',(0.,1.,0.));
#9798=DIRECTION('ref_axis',(1.,0.,0.));
#9799=DIRECTION('center_axis',(1.,0.,0.));
#9800=DIRECTION('ref_axis',(0.,-1.,0.));
#9801=DIRECTION('',(0.,0.,-1.));
#9802=DIRECTION('',(0.,0.,-1.));
#9803=DIRECTION('center_axis',(0.,-1.,0.));
#9804=DIRECTION('ref_axis',(-1.,0.,0.));
#9805=DIRECTION('',(0.,0.,-1.));
#9806=DIRECTION('center_axis',(-1.,0.,0.));
#9807=DIRECTION('ref_axis',(0.,1.,0.));
#9808=DIRECTION('',(0.,0.,-1.));
#9809=DIRECTION('center_axis',(0.,1.,0.));
#9810=DIRECTION('ref_axis',(1.,0.,0.));
#9811=DIRECTION('center_axis',(1.,0.,0.));
#9812=DIRECTION('ref_axis',(0.,-1.,0.));
#9813=DIRECTION('',(0.,0.,-1.));
#9814=DIRECTION('',(0.,0.,-1.));
#9815=DIRECTION('center_axis',(0.,-1.,0.));
#9816=DIRECTION('ref_axis',(-1.,0.,0.));
#9817=DIRECTION('',(0.,0.,-1.));
#9818=DIRECTION('center_axis',(-1.,0.,0.));
#9819=DIRECTION('ref_axis',(0.,1.,0.));
#9820=DIRECTION('',(0.,0.,-1.));
#9821=DIRECTION('center_axis',(0.,1.,0.));
#9822=DIRECTION('ref_axis',(1.,0.,0.));
#9823=DIRECTION('center_axis',(1.,0.,0.));
#9824=DIRECTION('ref_axis',(0.,-1.,0.));
#9825=DIRECTION('',(0.,0.,-1.));
#9826=DIRECTION('',(0.,0.,-1.));
#9827=DIRECTION('center_axis',(0.,-1.,0.));
#9828=DIRECTION('ref_axis',(-1.,0.,0.));
#9829=DIRECTION('',(0.,0.,-1.));
#9830=DIRECTION('center_axis',(-1.,0.,0.));
#9831=DIRECTION('ref_axis',(0.,1.,0.));
#9832=DIRECTION('',(0.,0.,-1.));
#9833=DIRECTION('center_axis',(0.,1.,0.));
#9834=DIRECTION('ref_axis',(1.,0.,0.));
#9835=DIRECTION('center_axis',(1.,0.,0.));
#9836=DIRECTION('ref_axis',(0.,-1.,0.));
#9837=DIRECTION('',(0.,0.,-1.));
#9838=DIRECTION('',(0.,0.,-1.));
#9839=DIRECTION('center_axis',(0.,-1.,0.));
#9840=DIRECTION('ref_axis',(-1.,0.,0.));
#9841=DIRECTION('',(0.,0.,-1.));
#9842=DIRECTION('center_axis',(-1.,0.,0.));
#9843=DIRECTION('ref_axis',(0.,1.,0.));
#9844=DIRECTION('',(0.,0.,-1.));
#9845=DIRECTION('center_axis',(0.,1.,0.));
#9846=DIRECTION('ref_axis',(1.,0.,0.));
#9847=DIRECTION('center_axis',(1.,0.,0.));
#9848=DIRECTION('ref_axis',(0.,-1.,0.));
#9849=DIRECTION('',(0.,0.,-1.));
#9850=DIRECTION('',(0.,0.,-1.));
#9851=DIRECTION('center_axis',(0.,-1.,0.));
#9852=DIRECTION('ref_axis',(-1.,0.,0.));
#9853=DIRECTION('',(0.,0.,-1.));
#9854=DIRECTION('center_axis',(-1.,0.,0.));
#9855=DIRECTION('ref_axis',(0.,1.,0.));
#9856=DIRECTION('',(0.,0.,-1.));
#9857=DIRECTION('center_axis',(0.,1.,0.));
#9858=DIRECTION('ref_axis',(1.,0.,0.));
#9859=DIRECTION('center_axis',(1.,0.,0.));
#9860=DIRECTION('ref_axis',(0.,-1.,0.));
#9861=DIRECTION('',(0.,0.,-1.));
#9862=DIRECTION('',(0.,0.,-1.));
#9863=DIRECTION('center_axis',(0.,-1.,0.));
#9864=DIRECTION('ref_axis',(-1.,0.,0.));
#9865=DIRECTION('',(0.,0.,-1.));
#9866=DIRECTION('center_axis',(-1.,0.,0.));
#9867=DIRECTION('ref_axis',(0.,1.,0.));
#9868=DIRECTION('',(0.,0.,-1.));
#9869=DIRECTION('center_axis',(0.,1.,0.));
#9870=DIRECTION('ref_axis',(1.,0.,0.));
#9871=DIRECTION('center_axis',(1.,0.,0.));
#9872=DIRECTION('ref_axis',(0.,-1.,0.));
#9873=DIRECTION('',(0.,0.,-1.));
#9874=DIRECTION('',(0.,0.,-1.));
#9875=DIRECTION('center_axis',(0.,-1.,0.));
#9876=DIRECTION('ref_axis',(-1.,0.,0.));
#9877=DIRECTION('',(0.,0.,-1.));
#9878=DIRECTION('center_axis',(-1.,0.,0.));
#9879=DIRECTION('ref_axis',(0.,1.,0.));
#9880=DIRECTION('',(0.,0.,-1.));
#9881=DIRECTION('center_axis',(0.,1.,0.));
#9882=DIRECTION('ref_axis',(1.,0.,0.));
#9883=DIRECTION('center_axis',(1.,0.,0.));
#9884=DIRECTION('ref_axis',(0.,-1.,0.));
#9885=DIRECTION('',(0.,0.,-1.));
#9886=DIRECTION('',(0.,0.,-1.));
#9887=DIRECTION('center_axis',(0.,-1.,0.));
#9888=DIRECTION('ref_axis',(-1.,0.,0.));
#9889=DIRECTION('',(0.,0.,-1.));
#9890=DIRECTION('center_axis',(-1.,0.,0.));
#9891=DIRECTION('ref_axis',(0.,1.,0.));
#9892=DIRECTION('',(0.,0.,-1.));
#9893=DIRECTION('center_axis',(0.,1.,0.));
#9894=DIRECTION('ref_axis',(1.,0.,0.));
#9895=DIRECTION('center_axis',(1.,0.,0.));
#9896=DIRECTION('ref_axis',(0.,-1.,0.));
#9897=DIRECTION('',(0.,0.,-1.));
#9898=DIRECTION('',(0.,0.,-1.));
#9899=DIRECTION('center_axis',(0.,-1.,0.));
#9900=DIRECTION('ref_axis',(-1.,0.,0.));
#9901=DIRECTION('',(0.,0.,-1.));
#9902=DIRECTION('center_axis',(-1.,0.,0.));
#9903=DIRECTION('ref_axis',(0.,1.,0.));
#9904=DIRECTION('',(0.,0.,-1.));
#9905=DIRECTION('center_axis',(0.,1.,0.));
#9906=DIRECTION('ref_axis',(1.,0.,0.));
#9907=DIRECTION('center_axis',(1.,0.,0.));
#9908=DIRECTION('ref_axis',(0.,-1.,0.));
#9909=DIRECTION('',(0.,0.,-1.));
#9910=DIRECTION('',(0.,0.,-1.));
#9911=DIRECTION('center_axis',(0.,-1.,0.));
#9912=DIRECTION('ref_axis',(-1.,0.,0.));
#9913=DIRECTION('',(0.,0.,-1.));
#9914=DIRECTION('center_axis',(-1.,0.,0.));
#9915=DIRECTION('ref_axis',(0.,1.,0.));
#9916=DIRECTION('',(0.,0.,-1.));
#9917=DIRECTION('center_axis',(0.,1.,0.));
#9918=DIRECTION('ref_axis',(1.,0.,0.));
#9919=CARTESIAN_POINT('',(0.,0.,0.));
#9920=CARTESIAN_POINT('Origin',(61.1015085181078,-166.883544873121,60.));
#9921=CARTESIAN_POINT('',(61.1015085181079,-25.217266960854,65.01));
#9922=CARTESIAN_POINT('',(61.1015085181078,-164.883544873121,65.01));
#9923=CARTESIAN_POINT('',(61.1015085181078,-130.966970785525,65.01));
#9924=CARTESIAN_POINT('',(61.1015085181078,-164.883544873121,69.5));
#9925=CARTESIAN_POINT('',(61.1015085181078,-164.883544873121,60.));
#9926=CARTESIAN_POINT('',(61.1015085181079,-25.217266960854,69.5));
#9927=CARTESIAN_POINT('',(61.1015085181078,-130.966975395055,69.5));
#9928=CARTESIAN_POINT('',(61.1015085181079,-25.217266960854,60.));
#9929=CARTESIAN_POINT('Origin',(63.1015085181079,-164.883544873121,60.));
#9930=CARTESIAN_POINT('',(63.1015085181079,-166.883544873121,65.01));
#9931=CARTESIAN_POINT('Origin',(63.1015085181079,-164.883544873121,65.01));
#9932=CARTESIAN_POINT('',(63.1015085181079,-166.883544873121,69.5));
#9933=CARTESIAN_POINT('',(63.1015085181079,-166.883544873121,60.));
#9934=CARTESIAN_POINT('Origin',(63.1015085181079,-164.883544873121,69.5));
#9935=CARTESIAN_POINT('Origin',(397.545419090202,-166.883544873121,60.));
#9936=CARTESIAN_POINT('',(395.545419090202,-166.883544873121,65.01));
#9937=CARTESIAN_POINT('',(313.434441447179,-166.883544873121,65.01));
#9938=CARTESIAN_POINT('',(395.545419090202,-166.883544873121,69.5));
#9939=CARTESIAN_POINT('',(395.545419090202,-166.883544873121,60.));
#9940=CARTESIAN_POINT('',(313.434441447179,-166.883544873121,69.5));
#9941=CARTESIAN_POINT('Origin',(395.545419090202,-164.883544873121,60.));
#9942=CARTESIAN_POINT('',(397.545419090202,-164.883544873121,65.01));
#9943=CARTESIAN_POINT('Origin',(395.545419090202,-164.883544873121,65.01));
#9944=CARTESIAN_POINT('',(397.545419090202,-164.883544873121,69.5));
#9945=CARTESIAN_POINT('',(397.545419090202,-164.883544873121,60.));
#9946=CARTESIAN_POINT('Origin',(395.545419090202,-164.883544873121,69.5));
#9947=CARTESIAN_POINT('Origin',(397.545419090202,-23.217266960854,60.));
#9948=CARTESIAN_POINT('',(397.545419090202,-25.217266960854,65.01));
#9949=CARTESIAN_POINT('',(397.545419090202,-59.1338318293909,65.01));
#9950=CARTESIAN_POINT('',(397.545419090202,-25.217266960854,69.5));
#9951=CARTESIAN_POINT('',(397.545419090202,-25.217266960854,60.));
#9952=CARTESIAN_POINT('',(397.545419090202,-59.1338364389209,69.5));
#9953=CARTESIAN_POINT('Origin',(395.545419090202,-25.217266960854,60.));
#9954=CARTESIAN_POINT('',(395.545419090202,-23.217266960854,65.01));
#9955=CARTESIAN_POINT('Origin',(395.545419090202,-25.217266960854,65.01));
#9956=CARTESIAN_POINT('',(395.545419090202,-23.217266960854,69.5));
#9957=CARTESIAN_POINT('',(395.545419090202,-23.217266960854,60.));
#9958=CARTESIAN_POINT('Origin',(395.545419090202,-25.217266960854,69.5));
#9959=CARTESIAN_POINT('Origin',(61.1015085181079,-23.217266960854,60.));
#9960=CARTESIAN_POINT('',(382.467079716271,-23.217266960854,65.01));
#9961=CARTESIAN_POINT('',(145.212486161131,-23.217266960854,65.01));
#9962=CARTESIAN_POINT('',(382.467079716271,-23.217266960854,69.5));
#9963=CARTESIAN_POINT('',(382.467079716271,-23.217266960854,64.5));
#9964=CARTESIAN_POINT('',(145.212486161131,-23.217266960854,69.5));
#9965=CARTESIAN_POINT('Origin',(382.467079716271,-23.217266960854,64.5));
#9966=CARTESIAN_POINT('',(382.467079716271,-23.727648522734,65.01));
#9967=CARTESIAN_POINT('',(382.467079716271,-59.1338318293909,65.01));
#9968=CARTESIAN_POINT('',(382.467079716271,-23.727648522734,66.51));
#9969=CARTESIAN_POINT('',(382.467079716271,-23.727648522734,65.505));
#9970=CARTESIAN_POINT('',(382.467079716271,-33.2157568468318,66.51));
#9971=CARTESIAN_POINT('',(382.467079716271,-59.2533564216895,66.51));
#9972=CARTESIAN_POINT('',(382.467079716271,-33.2157568468318,71.5));
#9973=CARTESIAN_POINT('',(382.467079716271,-33.2157568468318,64.5));
#9974=CARTESIAN_POINT('',(382.467079716271,-25.217266960854,71.5));
#9975=CARTESIAN_POINT('',(382.467079716271,-59.1338364389209,71.5));
#9976=CARTESIAN_POINT('Origin',(382.467079716271,-25.217266960854,69.5));
#9977=CARTESIAN_POINT('Origin',(63.1015098085127,-25.217248522734,60.));
#9978=CARTESIAN_POINT('',(61.1063892428229,-25.0776278639426,66.51));
#9979=CARTESIAN_POINT('',(63.1015098085127,-23.217248522734,66.51));
#9980=CARTESIAN_POINT('Origin',(63.1015098085127,-25.217248522734,66.51));
#9981=CARTESIAN_POINT('',(63.1015098085127,-23.217248522734,65.01));
#9982=CARTESIAN_POINT('',(63.1015098085127,-23.217248522734,60.));
#9983=CARTESIAN_POINT('',(61.1063892428229,-25.0776278639426,65.01));
#9984=CARTESIAN_POINT('Origin',(63.1015098085127,-25.217248522734,65.01));
#9985=CARTESIAN_POINT('',(61.1063892428229,-25.0776278639426,60.));
#9986=CARTESIAN_POINT('Origin',(61.1063892428228,-23.217248522734,66.51));
#9987=CARTESIAN_POINT('',(361.36027986546,-23.217248522734,66.51));
#9988=CARTESIAN_POINT('',(61.1063892428229,-23.217248522734,66.51));
#9989=CARTESIAN_POINT('',(361.36027986546,-23.217248522734,65.01));
#9990=CARTESIAN_POINT('',(361.36027986546,-23.217248522734,66.51));
#9991=CARTESIAN_POINT('',(61.1063892428229,-23.217248522734,65.01));
#9992=CARTESIAN_POINT('Origin',(361.36027986546,-23.327648522734,66.51));
#9993=CARTESIAN_POINT('',(361.36027986546,-23.3086501110463,66.51));
#9994=CARTESIAN_POINT('',(361.36027986546,-23.3086501110463,65.01));
#9995=CARTESIAN_POINT('',(361.36027986546,-23.3086501110463,66.51));
#9996=CARTESIAN_POINT('',(361.36027986546,-23.0681493168901,65.01));
#9997=CARTESIAN_POINT('',(361.36027986546,-23.217266960854,66.51));
#9998=CARTESIAN_POINT('',(361.36027986546,-23.327648522734,66.51));
#9999=CARTESIAN_POINT('',(361.36027986546,-23.0681493168901,66.51));
#10000=CARTESIAN_POINT('Origin',(366.634269244784,-25.3086501110463,69.51));
#10001=CARTESIAN_POINT('',(361.360363839078,-25.0454560117313,71.4926065837896));
#10002=CARTESIAN_POINT('',(361.360363839078,-25.3086501110463,71.51));
#10003=CARTESIAN_POINT('Origin',(361.360363839078,-25.3086501110463,69.51));
#10004=CARTESIAN_POINT('',(382.456153409139,-25.3086501110463,71.51));
#10005=CARTESIAN_POINT('',(366.634269244784,-25.3086501110463,71.51));
#10006=CARTESIAN_POINT('',(382.456153409139,-23.3086501110463,69.51));
#10007=CARTESIAN_POINT('Origin',(382.456153409139,-25.3086501110463,69.51));
#10008=CARTESIAN_POINT('',(361.360363839078,-23.3086501110463,69.51));
#10009=CARTESIAN_POINT('',(366.634269244784,-23.3086501110463,69.51));
#10010=CARTESIAN_POINT('Origin',(361.360363839078,-25.3086501110463,69.51));
#10011=CARTESIAN_POINT('Origin',(361.36027986546,-23.3086501110463,66.51));
#10012=CARTESIAN_POINT('',(382.456153409139,-23.3086501110463,65.01));
#10013=CARTESIAN_POINT('',(382.456153409139,-23.3086501110463,66.51));
#10014=CARTESIAN_POINT('',(382.456153409139,-23.3086501110463,65.01));
#10015=CARTESIAN_POINT('',(361.360363839078,-23.3086501110463,66.51));
#10016=CARTESIAN_POINT('',(382.456153409139,-23.3086501110463,66.51));
#10017=CARTESIAN_POINT('',(361.360363839078,-23.3086501110463,66.51));
#10018=CARTESIAN_POINT('Origin',(382.456153409139,-23.8086501110463,66.51));
#10019=CARTESIAN_POINT('',(382.456153409139,-33.2157568468318,71.51));
#10020=CARTESIAN_POINT('',(382.456153409139,-33.2157568468318,71.51));
#10021=CARTESIAN_POINT('',(382.456153409139,-33.2157568468318,66.51));
#10022=CARTESIAN_POINT('',(382.456153409139,-33.2157568468318,66.51));
#10023=CARTESIAN_POINT('',(382.456153409139,-23.727648522734,66.51));
#10024=CARTESIAN_POINT('',(382.456153409139,-64.2526013646784,66.51));
#10025=CARTESIAN_POINT('',(382.456153409139,-23.727648522734,65.01));
#10026=CARTESIAN_POINT('',(382.456153409139,-23.727648522734,66.51));
#10027=CARTESIAN_POINT('',(382.456153409139,-23.8086501110463,65.01));
#10028=CARTESIAN_POINT('Origin',(371.908258624108,-28.012203478939,71.51));
#10029=CARTESIAN_POINT('',(361.360363839078,-33.2157568468318,71.51));
#10030=CARTESIAN_POINT('',(361.360363839078,-22.8086501110463,71.51));
#10031=CARTESIAN_POINT('',(361.360363839078,-33.2157568468318,71.51));
#10032=CARTESIAN_POINT('Origin',(361.360363839078,-22.8086501110463,71.51));
#10033=CARTESIAN_POINT('',(361.360363839078,-23.217266960854,69.5));
#10034=CARTESIAN_POINT('Origin',(361.360363839078,-25.217266960854,69.5));
#10035=CARTESIAN_POINT('',(361.360363839078,-23.217266960854,66.51));
#10036=CARTESIAN_POINT('',(361.360363839078,-22.8086501110463,66.51));
#10037=CARTESIAN_POINT('',(361.360363839078,-23.217266960854,64.5));
#10038=CARTESIAN_POINT('Origin',(361.360363839078,-22.8086501110463,66.51));
#10039=CARTESIAN_POINT('',(295.334135492461,-23.217266960854,66.51));
#10040=CARTESIAN_POINT('Origin',(361.360363839078,-22.8086501110463,66.51));
#10041=CARTESIAN_POINT('',(361.360363839078,-25.217266960854,71.5));
#10042=CARTESIAN_POINT('Origin',(361.360363839078,-25.217266960854,69.5));
#10043=CARTESIAN_POINT('',(361.360363839078,-33.2157568468318,71.5));
#10044=CARTESIAN_POINT('',(361.360363839078,-64.1330813819098,71.5));
#10045=CARTESIAN_POINT('',(361.360363839078,-33.2157568468318,66.51));
#10046=CARTESIAN_POINT('Origin',(229.307907145843,-95.289445882525,65.01));
#10047=CARTESIAN_POINT('',(61.1063892428229,-23.727648522734,65.01));
#10048=CARTESIAN_POINT('Origin',(63.1015085181079,-25.217266960854,65.01));
#10049=CARTESIAN_POINT('',(361.443602759076,-72.8876402697881,65.01));
#10050=CARTESIAN_POINT('',(361.443602759076,-74.7394000539284,65.01));
#10051=CARTESIAN_POINT('',(361.443602759076,-85.0144229682267,65.01));
#10052=CARTESIAN_POINT('',(382.329784892951,-74.7394000539284,65.01));
#10053=CARTESIAN_POINT('',(305.818846019397,-74.7394000539284,65.01));
#10054=CARTESIAN_POINT('',(382.329784892951,-68.1207770470432,65.01));
#10055=CARTESIAN_POINT('',(382.329784892951,-64.2806947185407,65.01));
#10056=CARTESIAN_POINT('',(374.271404404401,-60.0598386244637,65.01));
#10057=CARTESIAN_POINT('',(361.443602759076,-47.2279651100588,65.01));
#10058=CARTESIAN_POINT('',(382.329784892951,-52.0014581359133,65.01));
#10059=CARTESIAN_POINT('',(361.443602759076,-68.7097231062988,65.01));
#10060=CARTESIAN_POINT('',(372.18277731422,-57.9705485511546,65.01));
#10061=CARTESIAN_POINT('',(382.329784892951,-47.8235409724238,65.01));
#10062=CARTESIAN_POINT('',(361.443602759076,-47.2279651100588,65.01));
#10063=CARTESIAN_POINT('',(361.443602759076,-47.2279651100588,65.01));
#10064=CARTESIAN_POINT('',(361.443602759076,-85.0144229682267,65.01));
#10065=CARTESIAN_POINT('',(376.413159837508,-57.9180831913564,65.01));
#10066=CARTESIAN_POINT('',(382.329784892951,-63.8347082467995,65.01));
#10067=CARTESIAN_POINT('',(361.443602759076,-42.9485261129247,65.01));
#10068=CARTESIAN_POINT('',(382.329784892951,-52.0014581359133,65.01));
#10069=CARTESIAN_POINT('',(382.329784892951,-64.2806947185407,65.01));
#10070=CARTESIAN_POINT('',(382.329784892951,-52.0014581359133,65.01));
#10071=CARTESIAN_POINT('',(374.324201255763,-55.8291246096117,65.01));
#10072=CARTESIAN_POINT('',(382.329784892951,-47.8235409724238,65.01));
#10073=CARTESIAN_POINT('',(382.329784892951,-47.8235409724238,65.01));
#10074=CARTESIAN_POINT('',(382.329784892951,-33.2719435545564,65.01));
#10075=CARTESIAN_POINT('',(382.329784892951,-64.2806947185407,65.01));
#10076=CARTESIAN_POINT('',(361.443602759076,-33.2719435545564,65.01));
#10077=CARTESIAN_POINT('',(295.375754952459,-33.2719435545564,65.01));
#10078=CARTESIAN_POINT('',(361.443602759076,-42.9485261129247,65.01));
#10079=CARTESIAN_POINT('',(361.443602759076,-85.0144229682267,65.01));
#10080=CARTESIAN_POINT('',(361.443602759076,-42.9485261129247,65.01));
#10081=CARTESIAN_POINT('',(218.000003248453,-52.8580654859367,65.01));
#10082=CARTESIAN_POINT('',(232.541441695374,-52.8580654859367,65.01));
#10083=CARTESIAN_POINT('',(232.541441695374,-52.8580654859367,65.01));
#10084=CARTESIAN_POINT('',(232.541441695374,-38.0000005662441,65.01));
#10085=CARTESIAN_POINT('',(232.541441695374,-38.0000005662441,65.01));
#10086=CARTESIAN_POINT('',(218.000003248453,-38.0000005662441,65.01));
#10087=CARTESIAN_POINT('',(218.000003248453,-38.0000005662441,65.01));
#10088=CARTESIAN_POINT('',(218.000003248453,-52.8580654859367,65.01));
#10089=CARTESIAN_POINT('',(321.765426763932,-134.237171836289,65.01));
#10090=CARTESIAN_POINT('',(336.544123042563,-134.237171836289,65.01));
#10091=CARTESIAN_POINT('',(336.544123042563,-134.237171836289,65.01));
#10092=CARTESIAN_POINT('',(336.544123042563,-119.398399556526,65.01));
#10093=CARTESIAN_POINT('',(336.544123042563,-119.398399556526,65.01));
#10094=CARTESIAN_POINT('',(321.765426763932,-119.398399556526,65.01));
#10095=CARTESIAN_POINT('',(321.765426763932,-119.398399556526,65.01));
#10096=CARTESIAN_POINT('',(321.765426763932,-134.237171836289,65.01));
#10097=CARTESIAN_POINT('',(165.72845025081,-114.806044953012,65.01));
#10098=CARTESIAN_POINT('',(180.280686722502,-114.806044953012,65.01));
#10099=CARTESIAN_POINT('',(180.280686722502,-114.806044953012,65.01));
#10100=CARTESIAN_POINT('',(180.280686722502,-100.25380848132,65.01));
#10101=CARTESIAN_POINT('',(180.280686722502,-100.25380848132,65.01));
#10102=CARTESIAN_POINT('',(165.72845025081,-100.25380848132,65.01));
#10103=CARTESIAN_POINT('',(165.72845025081,-100.25380848132,65.01));
#10104=CARTESIAN_POINT('',(165.72845025081,-114.806044953012,65.01));
#10105=CARTESIAN_POINT('',(108.352619339257,-114.656330162989,65.01));
#10106=CARTESIAN_POINT('',(122.840711394757,-114.656330162989,65.01));
#10107=CARTESIAN_POINT('',(122.840711394757,-114.656330162989,65.01));
#10108=CARTESIAN_POINT('',(122.840711394757,-100.253212254443,65.01));
#10109=CARTESIAN_POINT('',(122.840711394757,-100.253212254443,65.01));
#10110=CARTESIAN_POINT('',(108.352619339257,-100.253212254443,65.01));
#10111=CARTESIAN_POINT('',(108.352619339257,-100.253212254443,65.01));
#10112=CARTESIAN_POINT('',(108.352619339257,-114.656330162989,65.01));
#10113=CARTESIAN_POINT('',(329.055417770186,-76.4503432670207,65.01));
#10114=CARTESIAN_POINT('',(343.96657521966,-76.4503432670207,65.01));
#10115=CARTESIAN_POINT('',(343.96657521966,-76.4503432670207,65.01));
#10116=CARTESIAN_POINT('',(343.96657521966,-61.6601165295918,65.01));
#10117=CARTESIAN_POINT('',(343.96657521966,-61.6601165295918,65.01));
#10118=CARTESIAN_POINT('',(329.055417770186,-61.6601165295918,65.01));
#10119=CARTESIAN_POINT('',(329.055417770186,-61.6601165295918,65.01));
#10120=CARTESIAN_POINT('',(329.055417770186,-76.4503432670207,65.01));
#10121=CARTESIAN_POINT('',(237.000003531575,-52.7806072083762,65.01));
#10122=CARTESIAN_POINT('',(251.73680752986,-52.7806072083762,65.01));
#10123=CARTESIAN_POINT('',(251.73680752986,-52.7806072083762,65.01));
#10124=CARTESIAN_POINT('',(251.73680752986,-38.0000005662441,65.01));
#10125=CARTESIAN_POINT('',(251.73680752986,-38.0000005662441,65.01));
#10126=CARTESIAN_POINT('',(237.000003531575,-38.0000005662441,65.01));
#10127=CARTESIAN_POINT('',(237.000003531575,-38.0000005662441,65.01));
#10128=CARTESIAN_POINT('',(237.000003531575,-52.7806072083762,65.01));
#10129=CARTESIAN_POINT('',(204.171406018411,-114.744528185462,65.01));
#10130=CARTESIAN_POINT('',(218.760009297929,-114.744528185462,65.01));
#10131=CARTESIAN_POINT('',(218.760009297929,-114.744528185462,65.01));
#10132=CARTESIAN_POINT('',(218.760009297929,-100.25380848132,65.01));
#10133=CARTESIAN_POINT('',(218.760009297929,-100.25380848132,65.01));
#10134=CARTESIAN_POINT('',(204.171406018411,-100.25380848132,65.01));
#10135=CARTESIAN_POINT('',(204.171406018411,-100.25380848132,65.01));
#10136=CARTESIAN_POINT('',(204.171406018411,-114.744528185462,65.01));
#10137=CARTESIAN_POINT('',(277.847085148073,-153.283823743701,65.01));
#10138=CARTESIAN_POINT('',(292.579534858284,-153.283823743701,65.01));
#10139=CARTESIAN_POINT('',(292.579534858284,-153.283823743701,65.01));
#10140=CARTESIAN_POINT('',(292.579534858284,-138.561170714793,65.01));
#10141=CARTESIAN_POINT('',(292.579534858284,-138.561170714793,65.01));
#10142=CARTESIAN_POINT('',(277.847085148073,-138.561170714793,65.01));
#10143=CARTESIAN_POINT('',(277.847085148073,-138.561170714793,65.01));
#10144=CARTESIAN_POINT('',(277.847085148073,-153.283823743701,65.01));
#10145=CARTESIAN_POINT('',(333.170663042035,-52.3698202315406,65.01));
#10146=CARTESIAN_POINT('',(345.904197051255,-52.3698202315406,65.01));
#10147=CARTESIAN_POINT('',(345.904197051255,-52.3698202315406,65.01));
#10148=CARTESIAN_POINT('',(345.904197051255,-39.7058683753772,65.01));
#10149=CARTESIAN_POINT('',(345.904197051255,-39.7058683753772,65.01));
#10150=CARTESIAN_POINT('',(333.170663042035,-39.7058683753772,65.01));
#10151=CARTESIAN_POINT('',(333.170663042035,-39.7058683753772,65.01));
#10152=CARTESIAN_POINT('',(333.170663042035,-52.3698202315406,65.01));
#10153=CARTESIAN_POINT('',(367.909902165451,-102.654766516292,65.01));
#10154=CARTESIAN_POINT('',(382.988978449745,-102.654766516292,65.01));
#10155=CARTESIAN_POINT('',(382.988978449745,-102.654766516292,65.01));
#10156=CARTESIAN_POINT('',(382.988978449745,-87.6357662331305,65.01));
#10157=CARTESIAN_POINT('',(382.988978449745,-87.6357662331305,65.01));
#10158=CARTESIAN_POINT('',(367.909902165451,-87.6357662331305,65.01));
#10159=CARTESIAN_POINT('',(367.909902165451,-87.6357662331305,65.01));
#10160=CARTESIAN_POINT('',(367.909902165451,-102.654766516292,65.01));
#10161=CARTESIAN_POINT('',(208.80724470905,-76.5061611852337,65.01));
#10162=CARTESIAN_POINT('',(223.779264025664,-76.5061611852337,65.01));
#10163=CARTESIAN_POINT('',(223.779264025664,-76.5061611852337,65.01));
#10164=CARTESIAN_POINT('',(223.779264025664,-61.6601165295918,65.01));
#10165=CARTESIAN_POINT('',(223.779264025664,-61.6601165295918,65.01));
#10166=CARTESIAN_POINT('',(208.80724470905,-61.6601165295918,65.01));
#10167=CARTESIAN_POINT('',(208.80724470905,-61.6601165295918,65.01));
#10168=CARTESIAN_POINT('',(208.80724470905,-76.5061611852337,65.01));
#10169=CARTESIAN_POINT('',(242.922689749908,-114.830678811182,65.01));
#10170=CARTESIAN_POINT('',(257.618329629325,-114.830678811182,65.01));
#10171=CARTESIAN_POINT('',(257.618329629325,-114.830678811182,65.01));
#10172=CARTESIAN_POINT('',(257.618329629325,-100.25380848132,65.01));
#10173=CARTESIAN_POINT('',(257.618329629325,-100.25380848132,65.01));
#10174=CARTESIAN_POINT('',(242.922689749908,-100.25380848132,65.01));
#10175=CARTESIAN_POINT('',(242.922689749908,-100.25380848132,65.01));
#10176=CARTESIAN_POINT('',(242.922689749908,-114.830678811182,65.01));
#10177=CARTESIAN_POINT('',(113.07507431935,-76.571273979065,65.01));
#10178=CARTESIAN_POINT('',(127.986231768823,-76.571273979065,65.01));
#10179=CARTESIAN_POINT('',(127.986231768823,-76.571273979065,65.01));
#10180=CARTESIAN_POINT('',(127.986231768823,-61.6601165295918,65.01));
#10181=CARTESIAN_POINT('',(127.986231768823,-61.6601165295918,65.01));
#10182=CARTESIAN_POINT('',(113.07507431935,-61.6601165295918,65.01));
#10183=CARTESIAN_POINT('',(113.07507431935,-61.6601165295918,65.01));
#10184=CARTESIAN_POINT('',(113.07507431935,-76.571273979065,65.01));
#10185=CARTESIAN_POINT('',(74.854763942285,-153.094410790358,65.01));
#10186=CARTESIAN_POINT('',(89.5319822311595,-153.094410790358,65.01));
#10187=CARTESIAN_POINT('',(89.5319822311595,-153.094410790358,65.01));
#10188=CARTESIAN_POINT('',(89.5319822311595,-138.417192501484,65.01));
#10189=CARTESIAN_POINT('',(89.5319822311595,-138.417192501484,65.01));
#10190=CARTESIAN_POINT('',(74.854763942285,-138.417192501484,65.01));
#10191=CARTESIAN_POINT('',(74.854763942285,-138.417192501484,65.01));
#10192=CARTESIAN_POINT('',(74.854763942285,-153.094410790358,65.01));
#10193=CARTESIAN_POINT('',(94.0912501322427,-152.870707375435,65.01));
#10194=CARTESIAN_POINT('',(108.445892194988,-152.870707375435,65.01));
#10195=CARTESIAN_POINT('',(108.445892194988,-152.870707375435,65.01));
#10196=CARTESIAN_POINT('',(108.445892194988,-138.417192501484,65.01));
#10197=CARTESIAN_POINT('',(108.445892194988,-138.417192501484,65.01));
#10198=CARTESIAN_POINT('',(94.0912501322427,-138.417192501484,65.01));
#10199=CARTESIAN_POINT('',(94.0912501322427,-138.417192501484,65.01));
#10200=CARTESIAN_POINT('',(94.0912501322427,-152.870707375435,65.01));
#10201=CARTESIAN_POINT('',(299.493680931668,-153.245765833487,65.01));
#10202=CARTESIAN_POINT('',(314.199949136313,-153.245765833487,65.01));
#10203=CARTESIAN_POINT('',(314.199949136313,-153.245765833487,65.01));
#10204=CARTESIAN_POINT('',(314.199949136313,-138.561170714793,65.01));
#10205=CARTESIAN_POINT('',(314.199949136313,-138.561170714793,65.01));
#10206=CARTESIAN_POINT('',(299.493680931668,-138.561170714793,65.01));
#10207=CARTESIAN_POINT('',(299.493680931668,-138.561170714793,65.01));
#10208=CARTESIAN_POINT('',(299.493680931668,-153.245765833487,65.01));
#10209=CARTESIAN_POINT('',(74.8649219730279,-76.3043419273666,65.01));
#10210=CARTESIAN_POINT('',(89.3137286962069,-76.3043419273666,65.01));
#10211=CARTESIAN_POINT('',(89.3137286962069,-76.3043419273666,65.01));
#10212=CARTESIAN_POINT('',(89.3137286962069,-61.918356102984,65.01));
#10213=CARTESIAN_POINT('',(89.3137286962069,-61.918356102984,65.01));
#10214=CARTESIAN_POINT('',(74.8649219730279,-61.918356102984,65.01));
#10215=CARTESIAN_POINT('',(74.8649219730279,-61.918356102984,65.01));
#10216=CARTESIAN_POINT('',(74.8649219730279,-76.3043419273666,65.01));
#10217=CARTESIAN_POINT('',(223.579727879556,-114.723416851216,65.01));
#10218=CARTESIAN_POINT('',(238.263915187603,-114.723416851216,65.01));
#10219=CARTESIAN_POINT('',(238.263915187603,-114.723416851216,65.01));
#10220=CARTESIAN_POINT('',(238.263915187603,-100.25380848132,65.01));
#10221=CARTESIAN_POINT('',(238.263915187603,-100.25380848132,65.01));
#10222=CARTESIAN_POINT('',(223.579727879556,-100.25380848132,65.01));
#10223=CARTESIAN_POINT('',(223.579727879556,-100.25380848132,65.01));
#10224=CARTESIAN_POINT('',(223.579727879556,-114.723416851216,65.01));
#10225=CARTESIAN_POINT('',(141.680246531859,-95.770075879056,65.01));
#10226=CARTESIAN_POINT('',(156.578562011387,-95.770075879056,65.01));
#10227=CARTESIAN_POINT('',(156.578562011387,-95.770075879056,65.01));
#10228=CARTESIAN_POINT('',(156.578562011387,-81.0302531173949,65.01));
#10229=CARTESIAN_POINT('',(156.578562011387,-81.0302531173949,65.01));
#10230=CARTESIAN_POINT('',(141.680246531859,-81.0302531173949,65.01));
#10231=CARTESIAN_POINT('',(141.680246531859,-81.0302531173949,65.01));
#10232=CARTESIAN_POINT('',(141.680246531859,-95.770075879056,65.01));
#10233=CARTESIAN_POINT('',(266.602106738424,-76.6003681850688,65.01));
#10234=CARTESIAN_POINT('',(281.452402320756,-76.6003681850688,65.01));
#10235=CARTESIAN_POINT('',(281.452402320756,-76.6003681850688,65.01));
#10236=CARTESIAN_POINT('',(281.452402320756,-61.6601165295918,65.01));
#10237=CARTESIAN_POINT('',(281.452402320756,-61.6601165295918,65.01));
#10238=CARTESIAN_POINT('',(266.602106738424,-61.6601165295918,65.01));
#10239=CARTESIAN_POINT('',(266.602106738424,-61.6601165295918,65.01));
#10240=CARTESIAN_POINT('',(266.602106738424,-76.6003681850688,65.01));
#10241=CARTESIAN_POINT('',(276.39877166946,-95.7704599406311,65.01));
#10242=CARTESIAN_POINT('',(291.244256243033,-95.7704599406311,65.01));
#10243=CARTESIAN_POINT('',(291.244256243033,-95.7704599406311,65.01));
#10244=CARTESIAN_POINT('',(291.244256243033,-81.0302531173949,65.01));
#10245=CARTESIAN_POINT('',(291.244256243033,-81.0302531173949,65.01));
#10246=CARTESIAN_POINT('',(276.39877166946,-81.0302531173949,65.01));
#10247=CARTESIAN_POINT('',(276.39877166946,-81.0302531173949,65.01));
#10248=CARTESIAN_POINT('',(276.39877166946,-95.7704599406311,65.01));
#10249=CARTESIAN_POINT('',(161.227681735495,-96.0000014305115,65.01));
#10250=CARTESIAN_POINT('',(176.000002622604,-96.0000014305115,65.01));
#10251=CARTESIAN_POINT('',(176.000002622604,-96.0000014305115,65.01));
#10252=CARTESIAN_POINT('',(176.000002622604,-81.0302531173949,65.01));
#10253=CARTESIAN_POINT('',(176.000002622604,-81.0302531173949,65.01));
#10254=CARTESIAN_POINT('',(161.227681735495,-81.0302531173949,65.01));
#10255=CARTESIAN_POINT('',(161.227681735495,-81.0302531173949,65.01));
#10256=CARTESIAN_POINT('',(161.227681735495,-96.0000014305115,65.01));
#10257=CARTESIAN_POINT('',(295.6232610708,-95.8422940662131,65.01));
#10258=CARTESIAN_POINT('',(310.468745644372,-95.8422940662131,65.01));
#10259=CARTESIAN_POINT('',(310.468745644372,-95.8422940662131,65.01));
#10260=CARTESIAN_POINT('',(310.468745644372,-81.0302531173949,65.01));
#10261=CARTESIAN_POINT('',(310.468745644372,-81.0302531173949,65.01));
#10262=CARTESIAN_POINT('',(295.6232610708,-81.0302531173949,65.01));
#10263=CARTESIAN_POINT('',(295.6232610708,-81.0302531173949,65.01));
#10264=CARTESIAN_POINT('',(295.6232610708,-95.8422940662131,65.01));
#10265=CARTESIAN_POINT('',(238.071026745962,-95.5547892573507,65.01));
#10266=CARTESIAN_POINT('',(252.758018601667,-95.5547892573507,65.01));
#10267=CARTESIAN_POINT('',(252.758018601667,-95.5547892573507,65.01));
#10268=CARTESIAN_POINT('',(252.758018601667,-81.0302531173949,65.01));
#10269=CARTESIAN_POINT('',(252.758018601667,-81.0302531173949,65.01));
#10270=CARTESIAN_POINT('',(238.071026745962,-81.0302531173949,65.01));
#10271=CARTESIAN_POINT('',(238.071026745962,-81.0302531173949,65.01));
#10272=CARTESIAN_POINT('',(238.071026745962,-95.5547892573507,65.01));
#10273=CARTESIAN_POINT('',(162.49600375511,-52.6576658619475,65.01));
#10274=CARTESIAN_POINT('',(177.156967440425,-52.6576658619475,65.01));
#10275=CARTESIAN_POINT('',(177.156967440425,-52.6576658619475,65.01));
#10276=CARTESIAN_POINT('',(177.156967440425,-38.0000005662441,65.01));
#10277=CARTESIAN_POINT('',(177.156967440425,-38.0000005662441,65.01));
#10278=CARTESIAN_POINT('',(162.49600375511,-38.0000005662441,65.01));
#10279=CARTESIAN_POINT('',(162.49600375511,-38.0000005662441,65.01));
#10280=CARTESIAN_POINT('',(162.49600375511,-52.6576658619475,65.01));
#10281=CARTESIAN_POINT('',(113.236181586373,-153.031982549053,65.01));
#10282=CARTESIAN_POINT('',(127.711789733917,-153.031982549053,65.01));
#10283=CARTESIAN_POINT('',(127.711789733917,-153.031982549053,65.01));
#10284=CARTESIAN_POINT('',(127.711789733917,-138.417192501484,65.01));
#10285=CARTESIAN_POINT('',(127.711789733917,-138.417192501484,65.01));
#10286=CARTESIAN_POINT('',(113.236181586373,-138.417192501484,65.01));
#10287=CARTESIAN_POINT('',(113.236181586373,-138.417192501484,65.01));
#10288=CARTESIAN_POINT('',(113.236181586373,-153.031982549053,65.01));
#10289=CARTESIAN_POINT('',(305.430164812674,-52.4779713686043,65.01));
#10290=CARTESIAN_POINT('',(318.37244528106,-52.4779713686043,65.01));
#10291=CARTESIAN_POINT('',(318.37244528106,-52.4779713686043,65.01));
#10292=CARTESIAN_POINT('',(318.37244528106,-39.7058683753772,65.01));
#10293=CARTESIAN_POINT('',(318.37244528106,-39.7058683753772,65.01));
#10294=CARTESIAN_POINT('',(305.430164812674,-39.7058683753772,65.01));
#10295=CARTESIAN_POINT('',(305.430164812674,-39.7058683753772,65.01));
#10296=CARTESIAN_POINT('',(305.430164812674,-52.4779713686043,65.01));
#10297=CARTESIAN_POINT('',(328.570485871974,-153.221363446855,65.01));
#10298=CARTESIAN_POINT('',(343.462492799263,-153.221363446855,65.01));
#10299=CARTESIAN_POINT('',(343.462492799263,-153.221363446855,65.01));
#10300=CARTESIAN_POINT('',(343.462492799263,-138.561170714793,65.01));
#10301=CARTESIAN_POINT('',(343.462492799263,-138.561170714793,65.01));
#10302=CARTESIAN_POINT('',(328.570485871974,-138.561170714793,65.01));
#10303=CARTESIAN_POINT('',(328.570485871974,-138.561170714793,65.01));
#10304=CARTESIAN_POINT('',(328.570485871974,-153.221363446855,65.01));
#10305=CARTESIAN_POINT('',(285.836414986709,-76.5228361357667,65.01));
#10306=CARTESIAN_POINT('',(300.686710569041,-76.5228361357667,65.01));
#10307=CARTESIAN_POINT('',(300.686710569041,-76.5228361357667,65.01));
#10308=CARTESIAN_POINT('',(300.686710569041,-61.6601165295918,65.01));
#10309=CARTESIAN_POINT('',(300.686710569041,-61.6601165295918,65.01));
#10310=CARTESIAN_POINT('',(285.836414986709,-61.6601165295918,65.01));
#10311=CARTESIAN_POINT('',(285.836414986709,-61.6601165295918,65.01));
#10312=CARTESIAN_POINT('',(285.836414986709,-76.5228361357667,65.01));
#10313=CARTESIAN_POINT('',(86.7034217978092,-133.823033034316,65.01));
#10314=CARTESIAN_POINT('',(101.229985099706,-133.823033034316,65.01));
#10315=CARTESIAN_POINT('',(101.229985099706,-133.823033034316,65.01));
#10316=CARTESIAN_POINT('',(101.229985099706,-119.324567533776,65.01));
#10317=CARTESIAN_POINT('',(101.229985099706,-119.324567533776,65.01));
#10318=CARTESIAN_POINT('',(86.7034217978092,-119.324567533776,65.01));
#10319=CARTESIAN_POINT('',(86.7034217978092,-119.324567533776,65.01));
#10320=CARTESIAN_POINT('',(86.7034217978092,-133.823033034316,65.01));
#10321=CARTESIAN_POINT('',(127.402750456335,-114.840911686961,65.01));
#10322=CARTESIAN_POINT('',(142.054881149943,-114.840911686961,65.01));
#10323=CARTESIAN_POINT('',(142.054881149943,-114.840911686961,65.01));
#10324=CARTESIAN_POINT('',(142.054881149943,-100.20388800929,65.01));
#10325=CARTESIAN_POINT('',(142.054881149943,-100.20388800929,65.01));
#10326=CARTESIAN_POINT('',(127.402750456335,-100.20388800929,65.01));
#10327=CARTESIAN_POINT('',(127.402750456335,-100.20388800929,65.01));
#10328=CARTESIAN_POINT('',(127.402750456335,-114.840911686961,65.01));
#10329=CARTESIAN_POINT('',(262.11083920006,-114.823608999844,65.01));
#10330=CARTESIAN_POINT('',(276.871308000616,-114.823608999844,65.01));
#10331=CARTESIAN_POINT('',(276.871308000616,-114.823608999844,65.01));
#10332=CARTESIAN_POINT('',(276.871308000616,-100.25380848132,65.01));
#10333=CARTESIAN_POINT('',(276.871308000616,-100.25380848132,65.01));
#10334=CARTESIAN_POINT('',(262.11083920006,-100.25380848132,65.01));
#10335=CARTESIAN_POINT('',(262.11083920006,-100.25380848132,65.01));
#10336=CARTESIAN_POINT('',(262.11083920006,-114.823608999844,65.01));
#10337=CARTESIAN_POINT('',(117.792509652673,-133.920711812117,65.01));
#10338=CARTESIAN_POINT('',(132.339970146884,-133.920711812117,65.01));
#10339=CARTESIAN_POINT('',(132.339970146884,-133.920711812117,65.01));
#10340=CARTESIAN_POINT('',(132.339970146884,-119.324567533776,65.01));
#10341=CARTESIAN_POINT('',(132.339970146884,-119.324567533776,65.01));
#10342=CARTESIAN_POINT('',(117.792509652673,-119.324567533776,65.01));
#10343=CARTESIAN_POINT('',(117.792509652673,-119.324567533776,65.01));
#10344=CARTESIAN_POINT('',(117.792509652673,-133.920711812117,65.01));
#10345=CARTESIAN_POINT('',(180.134905244771,-96.0000014305115,65.01));
#10346=CARTESIAN_POINT('',(195.000002905726,-96.0000014305115,65.01));
#10347=CARTESIAN_POINT('',(195.000002905726,-96.0000014305115,65.01));
#10348=CARTESIAN_POINT('',(195.000002905726,-81.0302531173949,65.01));
#10349=CARTESIAN_POINT('',(195.000002905726,-81.0302531173949,65.01));
#10350=CARTESIAN_POINT('',(180.134905244771,-81.0302531173949,65.01));
#10351=CARTESIAN_POINT('',(180.134905244771,-81.0302531173949,65.01));
#10352=CARTESIAN_POINT('',(180.134905244771,-96.0000014305115,65.01));
#10353=CARTESIAN_POINT('',(271.464920295805,-134.000001996756,65.01));
#10354=CARTESIAN_POINT('',(286.000004261732,-134.000001996756,65.01));
#10355=CARTESIAN_POINT('',(286.000004261732,-134.000001996756,65.01));
#10356=CARTESIAN_POINT('',(286.000004261732,-119.286094186993,65.01));
#10357=CARTESIAN_POINT('',(286.000004261732,-119.286094186993,65.01));
#10358=CARTESIAN_POINT('',(271.464920295805,-119.286094186993,65.01));
#10359=CARTESIAN_POINT('',(271.464920295805,-119.286094186993,65.01));
#10360=CARTESIAN_POINT('',(271.464920295805,-134.000001996756,65.01));
#10361=CARTESIAN_POINT('',(257.188586717294,-96.0000014305115,65.01));
#10362=CARTESIAN_POINT('',(272.000004053116,-96.0000014305115,65.01));
#10363=CARTESIAN_POINT('',(272.000004053116,-96.0000014305115,65.01));
#10364=CARTESIAN_POINT('',(272.000004053116,-81.0302531173949,65.01));
#10365=CARTESIAN_POINT('',(272.000004053116,-81.0302531173949,65.01));
#10366=CARTESIAN_POINT('',(257.188586717294,-81.0302531173949,65.01));
#10367=CARTESIAN_POINT('',(257.188586717294,-81.0302531173949,65.01));
#10368=CARTESIAN_POINT('',(257.188586717294,-96.0000014305115,65.01));
#10369=CARTESIAN_POINT('',(233.060003221185,-133.844978872067,65.01));
#10370=CARTESIAN_POINT('',(247.66231923508,-133.844978872067,65.01));
#10371=CARTESIAN_POINT('',(247.66231923508,-133.844978872067,65.01));
#10372=CARTESIAN_POINT('',(247.66231923508,-119.394375232342,65.01));
#10373=CARTESIAN_POINT('',(247.66231923508,-119.394375232342,65.01));
#10374=CARTESIAN_POINT('',(233.060003221185,-119.394375232342,65.01));
#10375=CARTESIAN_POINT('',(233.060003221185,-119.394375232342,65.01));
#10376=CARTESIAN_POINT('',(233.060003221185,-133.844978872067,65.01));
#10377=CARTESIAN_POINT('',(300.48707815202,-114.95552061132,65.01));
#10378=CARTESIAN_POINT('',(315.323828445084,-114.95552061132,65.01));
#10379=CARTESIAN_POINT('',(315.323828445084,-114.95552061132,65.01));
#10380=CARTESIAN_POINT('',(315.323828445084,-100.25380848132,65.01));
#10381=CARTESIAN_POINT('',(315.323828445084,-100.25380848132,65.01));
#10382=CARTESIAN_POINT('',(300.48707815202,-100.25380848132,65.01));
#10383=CARTESIAN_POINT('',(300.48707815202,-100.25380848132,65.01));
#10384=CARTESIAN_POINT('',(300.48707815202,-114.95552061132,65.01));
#10385=CARTESIAN_POINT('',(194.421968350273,-134.044881163717,65.01));
#10386=CARTESIAN_POINT('',(209.182939383134,-134.044881163717,65.01));
#10387=CARTESIAN_POINT('',(209.182939383134,-134.044881163717,65.01));
#10388=CARTESIAN_POINT('',(209.182939383134,-119.524578136827,65.01));
#10389=CARTESIAN_POINT('',(209.182939383134,-119.524578136827,65.01));
#10390=CARTESIAN_POINT('',(194.421968350273,-119.524578136827,65.01));
#10391=CARTESIAN_POINT('',(194.421968350273,-119.524578136827,65.01));
#10392=CARTESIAN_POINT('',(194.421968350273,-134.044881163717,65.01));
#10393=CARTESIAN_POINT('',(213.569529996222,-133.952104405879,65.01));
#10394=CARTESIAN_POINT('',(228.408775658692,-133.952104405879,65.01));
#10395=CARTESIAN_POINT('',(228.408775658692,-133.952104405879,65.01));
#10396=CARTESIAN_POINT('',(228.408775658692,-119.22277908165,65.01));
#10397=CARTESIAN_POINT('',(228.408775658692,-119.22277908165,65.01));
#10398=CARTESIAN_POINT('',(213.569529996222,-119.22277908165,65.01));
#10399=CARTESIAN_POINT('',(213.569529996222,-119.22277908165,65.01));
#10400=CARTESIAN_POINT('',(213.569529996222,-133.952104405879,65.01));
#10401=CARTESIAN_POINT('',(314.904934233945,-95.4529244280389,65.01));
#10402=CARTESIAN_POINT('',(329.59192608965,-95.4529244280389,65.01));
#10403=CARTESIAN_POINT('',(329.59192608965,-95.4529244280389,65.01));
#10404=CARTESIAN_POINT('',(329.59192608965,-81.0302531173949,65.01));
#10405=CARTESIAN_POINT('',(329.59192608965,-81.0302531173949,65.01));
#10406=CARTESIAN_POINT('',(314.904934233945,-81.0302531173949,65.01));
#10407=CARTESIAN_POINT('',(314.904934233945,-81.0302531173949,65.01));
#10408=CARTESIAN_POINT('',(314.904934233945,-95.4529244280389,65.01));
#10409=CARTESIAN_POINT('',(189.885556825875,-76.4059473660176,65.01));
#10410=CARTESIAN_POINT('',(204.674990541067,-76.4059473660176,65.01));
#10411=CARTESIAN_POINT('',(204.674990541067,-76.4059473660176,65.01));
#10412=CARTESIAN_POINT('',(204.674990541067,-61.6601165295918,65.01));
#10413=CARTESIAN_POINT('',(204.674990541067,-61.6601165295918,65.01));
#10414=CARTESIAN_POINT('',(189.885556825875,-61.6601165295918,65.01));
#10415=CARTESIAN_POINT('',(189.885556825875,-61.6601165295918,65.01));
#10416=CARTESIAN_POINT('',(189.885556825875,-76.4059473660176,65.01));
#10417=CARTESIAN_POINT('',(156.205011608572,-133.935202405467,65.01));
#10418=CARTESIAN_POINT('',(170.646271899715,-133.935202405467,65.01));
#10419=CARTESIAN_POINT('',(170.646271899715,-133.935202405467,65.01));
#10420=CARTESIAN_POINT('',(170.646271899715,-119.362204335636,65.01));
#10421=CARTESIAN_POINT('',(170.646271899715,-119.362204335636,65.01));
#10422=CARTESIAN_POINT('',(156.205011608572,-119.362204335636,65.01));
#10423=CARTESIAN_POINT('',(156.205011608572,-119.362204335636,65.01));
#10424=CARTESIAN_POINT('',(156.205011608572,-133.935202405467,65.01));
#10425=CARTESIAN_POINT('',(281.361367314194,-115.000001713634,65.01));
#10426=CARTESIAN_POINT('',(296.000004410744,-115.000001713634,65.01));
#10427=CARTESIAN_POINT('',(296.000004410744,-115.000001713634,65.01));
#10428=CARTESIAN_POINT('',(296.000004410744,-100.25380848132,65.01));
#10429=CARTESIAN_POINT('',(296.000004410744,-100.25380848132,65.01));
#10430=CARTESIAN_POINT('',(281.361367314194,-100.25380848132,65.01));
#10431=CARTESIAN_POINT('',(281.361367314194,-100.25380848132,65.01));
#10432=CARTESIAN_POINT('',(281.361367314194,-115.000001713634,65.01));
#10433=CARTESIAN_POINT('',(198.568281906467,-52.7634463680539,65.01));
#10434=CARTESIAN_POINT('',(213.398118783785,-52.7634463680539,65.01));
#10435=CARTESIAN_POINT('',(213.398118783785,-52.7634463680539,65.01));
#10436=CARTESIAN_POINT('',(213.398118783785,-38.0000005662441,65.01));
#10437=CARTESIAN_POINT('',(213.398118783785,-38.0000005662441,65.01));
#10438=CARTESIAN_POINT('',(198.568281906467,-38.0000005662441,65.01));
#10439=CARTESIAN_POINT('',(198.568281906467,-38.0000005662441,65.01));
#10440=CARTESIAN_POINT('',(198.568281906467,-52.7634463680539,65.01));
#10441=CARTESIAN_POINT('',(151.504936242796,-76.5606249466003,65.01));
#10442=CARTESIAN_POINT('',(166.294369957987,-76.5606249466003,65.01));
#10443=CARTESIAN_POINT('',(166.294369957987,-76.5606249466003,65.01));
#10444=CARTESIAN_POINT('',(166.294369957987,-61.6601165295918,65.01));
#10445=CARTESIAN_POINT('',(166.294369957987,-61.6601165295918,65.01));
#10446=CARTESIAN_POINT('',(151.504936242796,-61.6601165295918,65.01));
#10447=CARTESIAN_POINT('',(151.504936242796,-61.6601165295918,65.01));
#10448=CARTESIAN_POINT('',(151.504936242796,-76.5606249466003,65.01));
#10449=CARTESIAN_POINT('',(367.227493287233,-153.379772682266,65.01));
#10450=CARTESIAN_POINT('',(382.061052042095,-153.379772682266,65.01));
#10451=CARTESIAN_POINT('',(382.061052042095,-153.379772682266,65.01));
#10452=CARTESIAN_POINT('',(382.061052042095,-138.561170714793,65.01));
#10453=CARTESIAN_POINT('',(382.061052042095,-138.561170714793,65.01));
#10454=CARTESIAN_POINT('',(367.227493287233,-138.561170714793,65.01));
#10455=CARTESIAN_POINT('',(367.227493287233,-138.561170714793,65.01));
#10456=CARTESIAN_POINT('',(367.227493287233,-153.379772682266,65.01));
#10457=CARTESIAN_POINT('',(175.429116702755,-134.000001996756,65.01));
#10458=CARTESIAN_POINT('',(190.000002831221,-134.000001996756,65.01));
#10459=CARTESIAN_POINT('',(190.000002831221,-134.000001996756,65.01));
#10460=CARTESIAN_POINT('',(190.000002831221,-119.362204335636,65.01));
#10461=CARTESIAN_POINT('',(190.000002831221,-119.362204335636,65.01));
#10462=CARTESIAN_POINT('',(175.429116702755,-119.362204335636,65.01));
#10463=CARTESIAN_POINT('',(175.429116702755,-119.362204335636,65.01));
#10464=CARTESIAN_POINT('',(175.429116702755,-134.000001996756,65.01));
#10465=CARTESIAN_POINT('',(304.977704348155,-76.3179638298096,65.01));
#10466=CARTESIAN_POINT('',(320.07144739905,-76.3179638298096,65.01));
#10467=CARTESIAN_POINT('',(320.07144739905,-76.3179638298096,65.01));
#10468=CARTESIAN_POINT('',(320.07144739905,-61.6601165295918,65.01));
#10469=CARTESIAN_POINT('',(320.07144739905,-61.6601165295918,65.01));
#10470=CARTESIAN_POINT('',(304.977704348155,-61.6601165295918,65.01));
#10471=CARTESIAN_POINT('',(304.977704348155,-61.6601165295918,65.01));
#10472=CARTESIAN_POINT('',(304.977704348155,-76.3179638298096,65.01));
#10473=CARTESIAN_POINT('',(134.812793623181,-152.973551717148,65.01));
#10474=CARTESIAN_POINT('',(149.369045827257,-152.973551717148,65.01));
#10475=CARTESIAN_POINT('',(149.369045827257,-152.973551717148,65.01));
#10476=CARTESIAN_POINT('',(149.369045827257,-138.417192501484,65.01));
#10477=CARTESIAN_POINT('',(149.369045827257,-138.417192501484,65.01));
#10478=CARTESIAN_POINT('',(134.812793623181,-138.417192501484,65.01));
#10479=CARTESIAN_POINT('',(134.812793623181,-138.417192501484,65.01));
#10480=CARTESIAN_POINT('',(134.812793623181,-152.973551717148,65.01));
#10481=CARTESIAN_POINT('',(124.000001847744,-53.0000007897615,65.01));
#10482=CARTESIAN_POINT('',(139.000002071261,-53.0000007897615,65.01));
#10483=CARTESIAN_POINT('',(139.000002071261,-53.0000007897615,65.01));
#10484=CARTESIAN_POINT('',(139.000002071261,-38.0000005662441,65.01));
#10485=CARTESIAN_POINT('',(139.000002071261,-38.0000005662441,65.01));
#10486=CARTESIAN_POINT('',(124.000001847744,-38.0000005662441,65.01));
#10487=CARTESIAN_POINT('',(124.000001847744,-38.0000005662441,65.01));
#10488=CARTESIAN_POINT('',(124.000001847744,-53.0000007897615,65.01));
#10489=CARTESIAN_POINT('',(143.354090745023,-52.6520069219814,65.01));
#10490=CARTESIAN_POINT('',(157.951587055077,-52.6520069219814,65.01));
#10491=CARTESIAN_POINT('',(157.951587055077,-52.6520069219814,65.01));
#10492=CARTESIAN_POINT('',(157.951587055077,-38.0000005662441,65.01));
#10493=CARTESIAN_POINT('',(157.951587055077,-38.0000005662441,65.01));
#10494=CARTESIAN_POINT('',(143.354090745023,-38.0000005662441,65.01));
#10495=CARTESIAN_POINT('',(143.354090745023,-38.0000005662441,65.01));
#10496=CARTESIAN_POINT('',(143.354090745023,-52.6520069219814,65.01));
#10497=CARTESIAN_POINT('',(146.641757576498,-114.741308747698,65.01));
#10498=CARTESIAN_POINT('',(161.109909810313,-114.741308747698,65.01));
#10499=CARTESIAN_POINT('',(161.109909810313,-114.741308747698,65.01));
#10500=CARTESIAN_POINT('',(161.109909810313,-100.20388800929,65.01));
#10501=CARTESIAN_POINT('',(161.109909810313,-100.20388800929,65.01));
#10502=CARTESIAN_POINT('',(146.641757576498,-100.20388800929,65.01));
#10503=CARTESIAN_POINT('',(146.641757576498,-100.20388800929,65.01));
#10504=CARTESIAN_POINT('',(146.641757576498,-114.741308747698,65.01));
#10505=CARTESIAN_POINT('',(79.6451930166397,-95.5000014230609,65.01));
#10506=CARTESIAN_POINT('',(94.0000014007092,-95.5000014230609,65.01));
#10507=CARTESIAN_POINT('',(94.0000014007092,-95.5000014230609,65.01));
#10508=CARTESIAN_POINT('',(94.0000014007092,-81.0613413131146,65.01));
#10509=CARTESIAN_POINT('',(94.0000014007092,-81.0613413131146,65.01));
#10510=CARTESIAN_POINT('',(79.6451930166397,-81.0613413131146,65.01));
#10511=CARTESIAN_POINT('',(79.6451930166397,-81.0613413131146,65.01));
#10512=CARTESIAN_POINT('',(79.6451930166397,-95.5000014230609,65.01));
#10513=CARTESIAN_POINT('',(79.3709272699253,-52.3511816136214,65.01));
#10514=CARTESIAN_POINT('',(93.7079632650951,-52.3511816136214,65.01));
#10515=CARTESIAN_POINT('',(93.7079632650951,-52.3511816136214,65.01));
#10516=CARTESIAN_POINT('',(93.7079632650951,-37.9722244605709,65.01));
#10517=CARTESIAN_POINT('',(93.7079632650951,-37.9722244605709,65.01));
#10518=CARTESIAN_POINT('',(79.3709272699253,-37.9722244605709,65.01));
#10519=CARTESIAN_POINT('',(79.3709272699253,-37.9722244605709,65.01));
#10520=CARTESIAN_POINT('',(79.3709272699253,-52.3511816136214,65.01));
#10521=CARTESIAN_POINT('',(347.864552153819,-153.407877429557,65.01));
#10522=CARTESIAN_POINT('',(362.698110908682,-153.407877429557,65.01));
#10523=CARTESIAN_POINT('',(362.698110908682,-153.407877429557,65.01));
#10524=CARTESIAN_POINT('',(362.698110908682,-138.561170714793,65.01));
#10525=CARTESIAN_POINT('',(362.698110908682,-138.561170714793,65.01));
#10526=CARTESIAN_POINT('',(347.864552153819,-138.561170714793,65.01));
#10527=CARTESIAN_POINT('',(347.864552153819,-138.561170714793,65.01));
#10528=CARTESIAN_POINT('',(347.864552153819,-153.407877429557,65.01));
#10529=CARTESIAN_POINT('',(170.957516145115,-76.527671100299,65.01));
#10530=CARTESIAN_POINT('',(185.564364258885,-76.527671100299,65.01));
#10531=CARTESIAN_POINT('',(185.564364258885,-76.527671100299,65.01));
#10532=CARTESIAN_POINT('',(185.564364258885,-61.6601165295918,65.01));
#10533=CARTESIAN_POINT('',(185.564364258885,-61.6601165295918,65.01));
#10534=CARTESIAN_POINT('',(170.957516145115,-61.6601165295918,65.01));
#10535=CARTESIAN_POINT('',(170.957516145115,-61.6601165295918,65.01));
#10536=CARTESIAN_POINT('',(170.957516145115,-76.527671100299,65.01));
#10537=CARTESIAN_POINT('',(199.080058749313,-95.7566873369831,65.01));
#10538=CARTESIAN_POINT('',(214.295359664576,-95.7566873369831,65.01));
#10539=CARTESIAN_POINT('',(214.295359664576,-95.7566873369831,65.01));
#10540=CARTESIAN_POINT('',(214.295359664576,-81.0302531173949,65.01));
#10541=CARTESIAN_POINT('',(214.295359664576,-81.0302531173949,65.01));
#10542=CARTESIAN_POINT('',(199.080058749313,-81.0302531173949,65.01));
#10543=CARTESIAN_POINT('',(199.080058749313,-81.0302531173949,65.01));
#10544=CARTESIAN_POINT('',(199.080058749313,-95.7566873369831,65.01));
#10545=CARTESIAN_POINT('',(252.29018614331,-134.007124336561,65.01));
#10546=CARTESIAN_POINT('',(266.81664597012,-134.007124336561,65.01));
#10547=CARTESIAN_POINT('',(266.81664597012,-134.007124336561,65.01));
#10548=CARTESIAN_POINT('',(266.81664597012,-119.394375232342,65.01));
#10549=CARTESIAN_POINT('',(266.81664597012,-119.394375232342,65.01));
#10550=CARTESIAN_POINT('',(252.29018614331,-119.394375232342,65.01));
#10551=CARTESIAN_POINT('',(252.29018614331,-119.394375232342,65.01));
#10552=CARTESIAN_POINT('',(252.29018614331,-134.007124336561,65.01));
#10553=CARTESIAN_POINT('',(94.2061595028855,-76.303364832298,65.01));
#10554=CARTESIAN_POINT('',(108.625559330436,-76.303364832298,65.01));
#10555=CARTESIAN_POINT('',(108.625559330436,-76.303364832298,65.01));
#10556=CARTESIAN_POINT('',(108.625559330436,-61.918356102984,65.01));
#10557=CARTESIAN_POINT('',(108.625559330436,-61.918356102984,65.01));
#10558=CARTESIAN_POINT('',(94.2061595028855,-61.918356102984,65.01));
#10559=CARTESIAN_POINT('',(94.2061595028855,-61.918356102984,65.01));
#10560=CARTESIAN_POINT('',(94.2061595028855,-76.303364832298,65.01));
#10561=CARTESIAN_POINT('',(81.971500433471,-114.637718864245,65.01));
#10562=CARTESIAN_POINT('',(96.4485219729799,-114.637718864245,65.01));
#10563=CARTESIAN_POINT('',(96.4485219729799,-114.637718864245,65.01));
#10564=CARTESIAN_POINT('',(96.4485219729799,-100.201790521569,65.01));
#10565=CARTESIAN_POINT('',(96.4485219729799,-100.201790521569,65.01));
#10566=CARTESIAN_POINT('',(81.971500433471,-100.201790521569,65.01));
#10567=CARTESIAN_POINT('',(81.971500433471,-100.201790521569,65.01));
#10568=CARTESIAN_POINT('',(81.971500433471,-114.637718864245,65.01));
#10569=CARTESIAN_POINT('',(290.727547148767,-134.13512429894,65.01));
#10570=CARTESIAN_POINT('',(305.336550822213,-134.13512429894,65.01));
#10571=CARTESIAN_POINT('',(305.336550822213,-134.13512429894,65.01));
#10572=CARTESIAN_POINT('',(305.336550822213,-119.570796477707,65.01));
#10573=CARTESIAN_POINT('',(305.336550822213,-119.570796477707,65.01));
#10574=CARTESIAN_POINT('',(290.727547148767,-119.570796477707,65.01));
#10575=CARTESIAN_POINT('',(290.727547148767,-119.570796477707,65.01));
#10576=CARTESIAN_POINT('',(290.727547148767,-134.13512429894,65.01));
#10577=CARTESIAN_POINT('',(132.368286202954,-76.4495502447836,65.01));
#10578=CARTESIAN_POINT('',(147.218581785287,-76.4495502447836,65.01));
#10579=CARTESIAN_POINT('',(147.218581785287,-76.4495502447836,65.01));
#10580=CARTESIAN_POINT('',(147.218581785287,-61.6601165295918,65.01));
#10581=CARTESIAN_POINT('',(147.218581785287,-61.6601165295918,65.01));
#10582=CARTESIAN_POINT('',(132.368286202954,-61.6601165295918,65.01));
#10583=CARTESIAN_POINT('',(132.368286202954,-61.6601165295918,65.01));
#10584=CARTESIAN_POINT('',(132.368286202954,-76.4495502447836,65.01));
#10585=CARTESIAN_POINT('',(326.826178251016,-114.920535054324,65.01));
#10586=CARTESIAN_POINT('',(341.586647051571,-114.920535054324,65.01));
#10587=CARTESIAN_POINT('',(341.586647051571,-114.920535054324,65.01));
#10588=CARTESIAN_POINT('',(341.586647051571,-100.350769985042,65.01));
#10589=CARTESIAN_POINT('',(341.586647051571,-100.350769985042,65.01));
#10590=CARTESIAN_POINT('',(326.826178251016,-100.350769985042,65.01));
#10591=CARTESIAN_POINT('',(326.826178251016,-100.350769985042,65.01));
#10592=CARTESIAN_POINT('',(326.826178251016,-114.920535054324,65.01));
#10593=CARTESIAN_POINT('',(137.002574101517,-134.098306631355,65.01));
#10594=CARTESIAN_POINT('',(151.738353887538,-134.098306631355,65.01));
#10595=CARTESIAN_POINT('',(151.738353887538,-134.098306631355,65.01));
#10596=CARTESIAN_POINT('',(151.738353887538,-119.362204335636,65.01));
#10597=CARTESIAN_POINT('',(151.738353887538,-119.362204335636,65.01));
#10598=CARTESIAN_POINT('',(137.002574101517,-119.362204335636,65.01));
#10599=CARTESIAN_POINT('',(137.002574101517,-119.362204335636,65.01));
#10600=CARTESIAN_POINT('',(137.002574101517,-134.098306631355,65.01));
#10601=CARTESIAN_POINT('',(218.742456107886,-95.6027325637346,65.01));
#10602=CARTESIAN_POINT('',(233.482278869547,-95.6027325637346,65.01));
#10603=CARTESIAN_POINT('',(233.482278869547,-95.6027325637346,65.01));
#10604=CARTESIAN_POINT('',(233.482278869547,-81.0302531173949,65.01));
#10605=CARTESIAN_POINT('',(233.482278869547,-81.0302531173949,65.01));
#10606=CARTESIAN_POINT('',(218.742456107886,-81.0302531173949,65.01));
#10607=CARTESIAN_POINT('',(218.742456107886,-81.0302531173949,65.01));
#10608=CARTESIAN_POINT('',(218.742456107886,-95.6027325637346,65.01));
#10609=CARTESIAN_POINT('',(247.179012303121,-76.6445484310323,65.01));
#10610=CARTESIAN_POINT('',(262.151031619735,-76.6445484310323,65.01));
#10611=CARTESIAN_POINT('',(262.151031619735,-76.6445484310323,65.01));
#10612=CARTESIAN_POINT('',(262.151031619735,-61.6601165295918,65.01));
#10613=CARTESIAN_POINT('',(262.151031619735,-61.6601165295918,65.01));
#10614=CARTESIAN_POINT('',(247.179012303121,-61.6601165295918,65.01));
#10615=CARTESIAN_POINT('',(247.179012303121,-61.6601165295918,65.01));
#10616=CARTESIAN_POINT('',(247.179012303121,-76.6445484310323,65.01));
#10617=CARTESIAN_POINT('',(347.733246967841,-134.17729748395,65.01));
#10618=CARTESIAN_POINT('',(362.752247251002,-134.17729748395,65.01));
#10619=CARTESIAN_POINT('',(362.752247251002,-134.17729748395,65.01));
#10620=CARTESIAN_POINT('',(362.752247251002,-119.398399556526,65.01));
#10621=CARTESIAN_POINT('',(362.752247251002,-119.398399556526,65.01));
#10622=CARTESIAN_POINT('',(347.733246967841,-119.398399556526,65.01));
#10623=CARTESIAN_POINT('',(347.733246967841,-119.398399556526,65.01));
#10624=CARTESIAN_POINT('',(347.733246967841,-134.17729748395,65.01));
#10625=CARTESIAN_POINT('',(334.000004976988,-95.4829944492246,65.01));
#10626=CARTESIAN_POINT('',(348.569970945985,-95.4829944492246,65.01));
#10627=CARTESIAN_POINT('',(348.569970945985,-95.4829944492246,65.01));
#10628=CARTESIAN_POINT('',(348.569970945985,-81.0000012069941,65.01));
#10629=CARTESIAN_POINT('',(348.569970945985,-81.0000012069941,65.01));
#10630=CARTESIAN_POINT('',(334.000004976988,-81.0000012069941,65.01));
#10631=CARTESIAN_POINT('',(334.000004976988,-81.0000012069941,65.01));
#10632=CARTESIAN_POINT('',(334.000004976988,-95.4829944492246,65.01));
#10633=CARTESIAN_POINT('',(185.0418406077,-114.837935963613,65.01));
#10634=CARTESIAN_POINT('',(199.632657214106,-114.837935963613,65.01));
#10635=CARTESIAN_POINT('',(199.632657214106,-114.837935963613,65.01));
#10636=CARTESIAN_POINT('',(199.632657214106,-100.25380848132,65.01));
#10637=CARTESIAN_POINT('',(199.632657214106,-100.25380848132,65.01));
#10638=CARTESIAN_POINT('',(185.0418406077,-100.25380848132,65.01));
#10639=CARTESIAN_POINT('',(185.0418406077,-100.25380848132,65.01));
#10640=CARTESIAN_POINT('',(185.0418406077,-114.837935963613,65.01));
#10641=CARTESIAN_POINT('',(264.290730608636,-52.0000007748604,65.01));
#10642=CARTESIAN_POINT('',(296.000004410744,-52.0000007748604,65.01));
#10643=CARTESIAN_POINT('',(296.000004410744,-52.0000007748604,65.01));
#10644=CARTESIAN_POINT('',(296.000004410744,-38.9899373724879,65.01));
#10645=CARTESIAN_POINT('',(296.000004410744,-38.9899373724879,65.01));
#10646=CARTESIAN_POINT('',(264.290730608636,-38.9899373724879,65.01));
#10647=CARTESIAN_POINT('',(264.290730608636,-38.9899373724879,65.01));
#10648=CARTESIAN_POINT('',(264.290730608636,-52.0000007748604,65.01));
#10649=CARTESIAN_POINT('',(206.108342662916,-153.324310326082,65.01));
#10650=CARTESIAN_POINT('',(221.21322161706,-153.324310326082,65.01));
#10651=CARTESIAN_POINT('',(221.21322161706,-153.324310326082,65.01));
#10652=CARTESIAN_POINT('',(221.21322161706,-138.561170714793,65.01));
#10653=CARTESIAN_POINT('',(221.21322161706,-138.561170714793,65.01));
#10654=CARTESIAN_POINT('',(206.108342662916,-138.561170714793,65.01));
#10655=CARTESIAN_POINT('',(206.108342662916,-138.561170714793,65.01));
#10656=CARTESIAN_POINT('',(206.108342662916,-153.324310326082,65.01));
#10657=CARTESIAN_POINT('',(103.448614622817,-95.5013423172493,65.01));
#10658=CARTESIAN_POINT('',(117.972441614279,-95.5013423172493,65.01));
#10659=CARTESIAN_POINT('',(117.972441614279,-95.5013423172493,65.01));
#10660=CARTESIAN_POINT('',(117.972441614279,-81.009506134139,65.01));
#10661=CARTESIAN_POINT('',(117.972441614279,-81.009506134139,65.01));
#10662=CARTESIAN_POINT('',(103.448614622817,-81.009506134139,65.01));
#10663=CARTESIAN_POINT('',(103.448614622817,-81.009506134139,65.01));
#10664=CARTESIAN_POINT('',(103.448614622817,-95.5013423172493,65.01));
#10665=CARTESIAN_POINT('',(368.000005483627,-121.702152855686,65.01));
#10666=CARTESIAN_POINT('',(382.972716598332,-121.702152855686,65.01));
#10667=CARTESIAN_POINT('',(382.972716598332,-121.702152855686,65.01));
#10668=CARTESIAN_POINT('',(382.972716598332,-107.000001594424,65.01));
#10669=CARTESIAN_POINT('',(382.972716598332,-107.000001594424,65.01));
#10670=CARTESIAN_POINT('',(368.000005483627,-107.000001594424,65.01));
#10671=CARTESIAN_POINT('',(368.000005483627,-107.000001594424,65.01));
#10672=CARTESIAN_POINT('',(368.000005483627,-121.702152855686,65.01));
#10673=CARTESIAN_POINT('',(122.622161719626,-95.5267308863204,65.01));
#10674=CARTESIAN_POINT('',(137.177979519439,-95.5267308863204,65.01));
#10675=CARTESIAN_POINT('',(137.177979519439,-95.5267308863204,65.01));
#10676=CARTESIAN_POINT('',(137.177979519439,-81.009506134139,65.01));
#10677=CARTESIAN_POINT('',(137.177979519439,-81.009506134139,65.01));
#10678=CARTESIAN_POINT('',(122.622161719626,-81.009506134139,65.01));
#10679=CARTESIAN_POINT('',(122.622161719626,-81.009506134139,65.01));
#10680=CARTESIAN_POINT('',(122.622161719626,-95.5267308863204,65.01));
#10681=CARTESIAN_POINT('',(228.087328860657,-76.6170355011312,65.01));
#10682=CARTESIAN_POINT('',(242.937624442989,-76.6170355011312,65.01));
#10683=CARTESIAN_POINT('',(242.937624442989,-76.6170355011312,65.01));
#10684=CARTESIAN_POINT('',(242.937624442989,-61.6601165295918,65.01));
#10685=CARTESIAN_POINT('',(242.937624442989,-61.6601165295918,65.01));
#10686=CARTESIAN_POINT('',(228.087328860657,-61.6601165295918,65.01));
#10687=CARTESIAN_POINT('',(228.087328860657,-61.6601165295918,65.01));
#10688=CARTESIAN_POINT('',(228.087328860657,-76.6170355011312,65.01));
#10689=CARTESIAN_POINT('Origin',(229.307907145843,-95.289445882525,66.51));
#10690=CARTESIAN_POINT('',(63.1015085181079,-23.217266960854,66.51));
#10691=CARTESIAN_POINT('Origin',(63.1015085181079,-25.217266960854,66.51));
#10692=CARTESIAN_POINT('',(295.334135492461,-23.217266960854,66.51));
#10693=CARTESIAN_POINT('Origin',(229.307907145843,-95.289445882525,66.51));
#10694=CARTESIAN_POINT('',(71.0999984040856,-33.2157568468318,66.51));
#10695=CARTESIAN_POINT('',(150.203952774964,-33.2157568468318,66.51));
#10696=CARTESIAN_POINT('',(71.0999984040856,-156.885054987144,66.51));
#10697=CARTESIAN_POINT('',(71.0999984040856,-126.087250434834,66.51));
#10698=CARTESIAN_POINT('',(387.546929204225,-156.885054987144,66.51));
#10699=CARTESIAN_POINT('',(308.427418175034,-156.885054987144,66.51));
#10700=CARTESIAN_POINT('',(387.546929204225,-33.2157568468318,66.51));
#10701=CARTESIAN_POINT('',(387.546929204225,-64.2526013646784,66.51));
#10702=CARTESIAN_POINT('',(305.887493431057,-33.2157568468318,66.51));
#10703=CARTESIAN_POINT('',(61.1063892428229,-23.727648522734,66.51));
#10704=CARTESIAN_POINT('',(361.443602759076,-68.7097231062988,66.51));
#10705=CARTESIAN_POINT('',(361.443602759076,-47.2279651100588,66.51));
#10706=CARTESIAN_POINT('',(361.443602759076,-85.0144229682267,66.51));
#10707=CARTESIAN_POINT('',(372.18277731422,-57.9705485511546,66.51));
#10708=CARTESIAN_POINT('',(361.443602759076,-47.2279651100588,66.51));
#10709=CARTESIAN_POINT('',(382.329784892951,-47.8235409724238,66.51));
#10710=CARTESIAN_POINT('',(361.443602759076,-42.9485261129247,66.51));
#10711=CARTESIAN_POINT('',(374.324201255763,-55.8291246096117,66.51));
#10712=CARTESIAN_POINT('',(361.443602759076,-42.9485261129247,66.51));
#10713=CARTESIAN_POINT('',(361.443602759076,-33.2719435545564,66.51));
#10714=CARTESIAN_POINT('',(361.443602759076,-85.0144229682267,66.51));
#10715=CARTESIAN_POINT('',(382.329784892951,-33.2719435545564,66.51));
#10716=CARTESIAN_POINT('',(295.375754952459,-33.2719435545564,66.51));
#10717=CARTESIAN_POINT('',(382.329784892951,-47.8235409724238,66.51));
#10718=CARTESIAN_POINT('',(382.329784892951,-64.2806947185407,66.51));
#10719=CARTESIAN_POINT('',(382.329784892951,-47.8235409724238,66.51));
#10720=CARTESIAN_POINT('',(374.271404404401,-60.0598386244637,66.51));
#10721=CARTESIAN_POINT('',(361.443602759076,-72.8876402697881,66.51));
#10722=CARTESIAN_POINT('',(382.329784892951,-52.0014581359133,66.51));
#10723=CARTESIAN_POINT('',(382.329784892951,-68.1207770470432,66.51));
#10724=CARTESIAN_POINT('',(361.443602759076,-47.2279651100588,66.51));
#10725=CARTESIAN_POINT('',(382.329784892951,-74.7394000539284,66.51));
#10726=CARTESIAN_POINT('',(382.329784892951,-64.2806947185407,66.51));
#10727=CARTESIAN_POINT('',(361.443602759076,-74.7394000539284,66.51));
#10728=CARTESIAN_POINT('',(305.818846019397,-74.7394000539284,66.51));
#10729=CARTESIAN_POINT('',(361.443602759076,-85.0144229682267,66.51));
#10730=CARTESIAN_POINT('',(232.541441695374,-52.8580654859367,66.51));
#10731=CARTESIAN_POINT('',(218.000003248453,-52.8580654859367,66.51));
#10732=CARTESIAN_POINT('',(232.541441695374,-52.8580654859367,66.51));
#10733=CARTESIAN_POINT('',(218.000003248453,-38.0000005662441,66.51));
#10734=CARTESIAN_POINT('',(218.000003248453,-52.8580654859367,66.51));
#10735=CARTESIAN_POINT('',(232.541441695374,-38.0000005662441,66.51));
#10736=CARTESIAN_POINT('',(218.000003248453,-38.0000005662441,66.51));
#10737=CARTESIAN_POINT('',(232.541441695374,-38.0000005662441,66.51));
#10738=CARTESIAN_POINT('',(336.544123042563,-134.237171836289,66.51));
#10739=CARTESIAN_POINT('',(321.765426763932,-134.237171836289,66.51));
#10740=CARTESIAN_POINT('',(336.544123042563,-134.237171836289,66.51));
#10741=CARTESIAN_POINT('',(321.765426763932,-119.398399556526,66.51));
#10742=CARTESIAN_POINT('',(321.765426763932,-134.237171836289,66.51));
#10743=CARTESIAN_POINT('',(336.544123042563,-119.398399556526,66.51));
#10744=CARTESIAN_POINT('',(321.765426763932,-119.398399556526,66.51));
#10745=CARTESIAN_POINT('',(336.544123042563,-119.398399556526,66.51));
#10746=CARTESIAN_POINT('',(180.280686722502,-114.806044953012,66.51));
#10747=CARTESIAN_POINT('',(165.72845025081,-114.806044953012,66.51));
#10748=CARTESIAN_POINT('',(180.280686722502,-114.806044953012,66.51));
#10749=CARTESIAN_POINT('',(165.72845025081,-100.25380848132,66.51));
#10750=CARTESIAN_POINT('',(165.72845025081,-114.806044953012,66.51));
#10751=CARTESIAN_POINT('',(180.280686722502,-100.25380848132,66.51));
#10752=CARTESIAN_POINT('',(165.72845025081,-100.25380848132,66.51));
#10753=CARTESIAN_POINT('',(180.280686722502,-100.25380848132,66.51));
#10754=CARTESIAN_POINT('',(122.840711394757,-114.656330162989,66.51));
#10755=CARTESIAN_POINT('',(108.352619339257,-114.656330162989,66.51));
#10756=CARTESIAN_POINT('',(122.840711394757,-114.656330162989,66.51));
#10757=CARTESIAN_POINT('',(108.352619339257,-100.253212254443,66.51));
#10758=CARTESIAN_POINT('',(108.352619339257,-114.656330162989,66.51));
#10759=CARTESIAN_POINT('',(122.840711394757,-100.253212254443,66.51));
#10760=CARTESIAN_POINT('',(108.352619339257,-100.253212254443,66.51));
#10761=CARTESIAN_POINT('',(122.840711394757,-100.253212254443,66.51));
#10762=CARTESIAN_POINT('',(343.96657521966,-76.4503432670207,66.51));
#10763=CARTESIAN_POINT('',(329.055417770186,-76.4503432670207,66.51));
#10764=CARTESIAN_POINT('',(343.96657521966,-76.4503432670207,66.51));
#10765=CARTESIAN_POINT('',(329.055417770186,-61.6601165295918,66.51));
#10766=CARTESIAN_POINT('',(329.055417770186,-76.4503432670207,66.51));
#10767=CARTESIAN_POINT('',(343.96657521966,-61.6601165295918,66.51));
#10768=CARTESIAN_POINT('',(329.055417770186,-61.6601165295918,66.51));
#10769=CARTESIAN_POINT('',(343.96657521966,-61.6601165295918,66.51));
#10770=CARTESIAN_POINT('',(251.73680752986,-52.7806072083762,66.51));
#10771=CARTESIAN_POINT('',(237.000003531575,-52.7806072083762,66.51));
#10772=CARTESIAN_POINT('',(251.73680752986,-52.7806072083762,66.51));
#10773=CARTESIAN_POINT('',(237.000003531575,-38.0000005662441,66.51));
#10774=CARTESIAN_POINT('',(237.000003531575,-52.7806072083762,66.51));
#10775=CARTESIAN_POINT('',(251.73680752986,-38.0000005662441,66.51));
#10776=CARTESIAN_POINT('',(237.000003531575,-38.0000005662441,66.51));
#10777=CARTESIAN_POINT('',(251.73680752986,-38.0000005662441,66.51));
#10778=CARTESIAN_POINT('',(218.760009297929,-114.744528185462,66.51));
#10779=CARTESIAN_POINT('',(204.171406018411,-114.744528185462,66.51));
#10780=CARTESIAN_POINT('',(218.760009297929,-114.744528185462,66.51));
#10781=CARTESIAN_POINT('',(204.171406018411,-100.25380848132,66.51));
#10782=CARTESIAN_POINT('',(204.171406018411,-114.744528185462,66.51));
#10783=CARTESIAN_POINT('',(218.760009297929,-100.25380848132,66.51));
#10784=CARTESIAN_POINT('',(204.171406018411,-100.25380848132,66.51));
#10785=CARTESIAN_POINT('',(218.760009297929,-100.25380848132,66.51));
#10786=CARTESIAN_POINT('',(292.579534858284,-153.283823743701,66.51));
#10787=CARTESIAN_POINT('',(277.847085148073,-153.283823743701,66.51));
#10788=CARTESIAN_POINT('',(292.579534858284,-153.283823743701,66.51));
#10789=CARTESIAN_POINT('',(277.847085148073,-138.561170714793,66.51));
#10790=CARTESIAN_POINT('',(277.847085148073,-153.283823743701,66.51));
#10791=CARTESIAN_POINT('',(292.579534858284,-138.561170714793,66.51));
#10792=CARTESIAN_POINT('',(277.847085148073,-138.561170714793,66.51));
#10793=CARTESIAN_POINT('',(292.579534858284,-138.561170714793,66.51));
#10794=CARTESIAN_POINT('',(345.904197051255,-52.3698202315406,66.51));
#10795=CARTESIAN_POINT('',(333.170663042035,-52.3698202315406,66.51));
#10796=CARTESIAN_POINT('',(345.904197051255,-52.3698202315406,66.51));
#10797=CARTESIAN_POINT('',(333.170663042035,-39.7058683753772,66.51));
#10798=CARTESIAN_POINT('',(333.170663042035,-52.3698202315406,66.51));
#10799=CARTESIAN_POINT('',(345.904197051255,-39.7058683753772,66.51));
#10800=CARTESIAN_POINT('',(333.170663042035,-39.7058683753772,66.51));
#10801=CARTESIAN_POINT('',(345.904197051255,-39.7058683753772,66.51));
#10802=CARTESIAN_POINT('',(382.988978449745,-102.654766516292,66.51));
#10803=CARTESIAN_POINT('',(367.909902165451,-102.654766516292,66.51));
#10804=CARTESIAN_POINT('',(382.988978449745,-102.654766516292,66.51));
#10805=CARTESIAN_POINT('',(367.909902165451,-87.6357662331305,66.51));
#10806=CARTESIAN_POINT('',(367.909902165451,-102.654766516292,66.51));
#10807=CARTESIAN_POINT('',(382.988978449745,-87.6357662331305,66.51));
#10808=CARTESIAN_POINT('',(367.909902165451,-87.6357662331305,66.51));
#10809=CARTESIAN_POINT('',(382.988978449745,-87.6357662331305,66.51));
#10810=CARTESIAN_POINT('',(223.779264025664,-76.5061611852337,66.51));
#10811=CARTESIAN_POINT('',(208.80724470905,-76.5061611852337,66.51));
#10812=CARTESIAN_POINT('',(223.779264025664,-76.5061611852337,66.51));
#10813=CARTESIAN_POINT('',(208.80724470905,-61.6601165295918,66.51));
#10814=CARTESIAN_POINT('',(208.80724470905,-76.5061611852337,66.51));
#10815=CARTESIAN_POINT('',(223.779264025664,-61.6601165295918,66.51));
#10816=CARTESIAN_POINT('',(208.80724470905,-61.6601165295918,66.51));
#10817=CARTESIAN_POINT('',(223.779264025664,-61.6601165295918,66.51));
#10818=CARTESIAN_POINT('',(257.618329629325,-114.830678811182,66.51));
#10819=CARTESIAN_POINT('',(242.922689749908,-114.830678811182,66.51));
#10820=CARTESIAN_POINT('',(257.618329629325,-114.830678811182,66.51));
#10821=CARTESIAN_POINT('',(242.922689749908,-100.25380848132,66.51));
#10822=CARTESIAN_POINT('',(242.922689749908,-114.830678811182,66.51));
#10823=CARTESIAN_POINT('',(257.618329629325,-100.25380848132,66.51));
#10824=CARTESIAN_POINT('',(242.922689749908,-100.25380848132,66.51));
#10825=CARTESIAN_POINT('',(257.618329629325,-100.25380848132,66.51));
#10826=CARTESIAN_POINT('',(127.986231768823,-76.571273979065,66.51));
#10827=CARTESIAN_POINT('',(113.07507431935,-76.571273979065,66.51));
#10828=CARTESIAN_POINT('',(127.986231768823,-76.571273979065,66.51));
#10829=CARTESIAN_POINT('',(113.07507431935,-61.6601165295918,66.51));
#10830=CARTESIAN_POINT('',(113.07507431935,-76.571273979065,66.51));
#10831=CARTESIAN_POINT('',(127.986231768823,-61.6601165295918,66.51));
#10832=CARTESIAN_POINT('',(113.07507431935,-61.6601165295918,66.51));
#10833=CARTESIAN_POINT('',(127.986231768823,-61.6601165295918,66.51));
#10834=CARTESIAN_POINT('',(89.5319822311595,-153.094410790358,66.51));
#10835=CARTESIAN_POINT('',(74.854763942285,-153.094410790358,66.51));
#10836=CARTESIAN_POINT('',(89.5319822311595,-153.094410790358,66.51));
#10837=CARTESIAN_POINT('',(74.854763942285,-138.417192501484,66.51));
#10838=CARTESIAN_POINT('',(74.854763942285,-153.094410790358,66.51));
#10839=CARTESIAN_POINT('',(89.5319822311595,-138.417192501484,66.51));
#10840=CARTESIAN_POINT('',(74.854763942285,-138.417192501484,66.51));
#10841=CARTESIAN_POINT('',(89.5319822311595,-138.417192501484,66.51));
#10842=CARTESIAN_POINT('',(108.445892194988,-152.870707375435,66.51));
#10843=CARTESIAN_POINT('',(94.0912501322427,-152.870707375435,66.51));
#10844=CARTESIAN_POINT('',(108.445892194988,-152.870707375435,66.51));
#10845=CARTESIAN_POINT('',(94.0912501322427,-138.417192501484,66.51));
#10846=CARTESIAN_POINT('',(94.0912501322427,-152.870707375435,66.51));
#10847=CARTESIAN_POINT('',(108.445892194988,-138.417192501484,66.51));
#10848=CARTESIAN_POINT('',(94.0912501322427,-138.417192501484,66.51));
#10849=CARTESIAN_POINT('',(108.445892194988,-138.417192501484,66.51));
#10850=CARTESIAN_POINT('',(314.199949136313,-153.245765833487,66.51));
#10851=CARTESIAN_POINT('',(299.493680931668,-153.245765833487,66.51));
#10852=CARTESIAN_POINT('',(314.199949136313,-153.245765833487,66.51));
#10853=CARTESIAN_POINT('',(299.493680931668,-138.561170714793,66.51));
#10854=CARTESIAN_POINT('',(299.493680931668,-153.245765833487,66.51));
#10855=CARTESIAN_POINT('',(314.199949136313,-138.561170714793,66.51));
#10856=CARTESIAN_POINT('',(299.493680931668,-138.561170714793,66.51));
#10857=CARTESIAN_POINT('',(314.199949136313,-138.561170714793,66.51));
#10858=CARTESIAN_POINT('',(89.3137286962069,-76.3043419273666,66.51));
#10859=CARTESIAN_POINT('',(74.8649219730279,-76.3043419273666,66.51));
#10860=CARTESIAN_POINT('',(89.3137286962069,-76.3043419273666,66.51));
#10861=CARTESIAN_POINT('',(74.8649219730279,-61.918356102984,66.51));
#10862=CARTESIAN_POINT('',(74.8649219730279,-76.3043419273666,66.51));
#10863=CARTESIAN_POINT('',(89.3137286962069,-61.918356102984,66.51));
#10864=CARTESIAN_POINT('',(74.8649219730279,-61.918356102984,66.51));
#10865=CARTESIAN_POINT('',(89.3137286962069,-61.918356102984,66.51));
#10866=CARTESIAN_POINT('',(238.263915187603,-114.723416851216,66.51));
#10867=CARTESIAN_POINT('',(223.579727879556,-114.723416851216,66.51));
#10868=CARTESIAN_POINT('',(238.263915187603,-114.723416851216,66.51));
#10869=CARTESIAN_POINT('',(223.579727879556,-100.25380848132,66.51));
#10870=CARTESIAN_POINT('',(223.579727879556,-114.723416851216,66.51));
#10871=CARTESIAN_POINT('',(238.263915187603,-100.25380848132,66.51));
#10872=CARTESIAN_POINT('',(223.579727879556,-100.25380848132,66.51));
#10873=CARTESIAN_POINT('',(238.263915187603,-100.25380848132,66.51));
#10874=CARTESIAN_POINT('',(156.578562011387,-95.770075879056,66.51));
#10875=CARTESIAN_POINT('',(141.680246531859,-95.770075879056,66.51));
#10876=CARTESIAN_POINT('',(156.578562011387,-95.770075879056,66.51));
#10877=CARTESIAN_POINT('',(141.680246531859,-81.0302531173949,66.51));
#10878=CARTESIAN_POINT('',(141.680246531859,-95.770075879056,66.51));
#10879=CARTESIAN_POINT('',(156.578562011387,-81.0302531173949,66.51));
#10880=CARTESIAN_POINT('',(141.680246531859,-81.0302531173949,66.51));
#10881=CARTESIAN_POINT('',(156.578562011387,-81.0302531173949,66.51));
#10882=CARTESIAN_POINT('',(281.452402320756,-76.6003681850688,66.51));
#10883=CARTESIAN_POINT('',(266.602106738424,-76.6003681850688,66.51));
#10884=CARTESIAN_POINT('',(281.452402320756,-76.6003681850688,66.51));
#10885=CARTESIAN_POINT('',(266.602106738424,-61.6601165295918,66.51));
#10886=CARTESIAN_POINT('',(266.602106738424,-76.6003681850688,66.51));
#10887=CARTESIAN_POINT('',(281.452402320756,-61.6601165295918,66.51));
#10888=CARTESIAN_POINT('',(266.602106738424,-61.6601165295918,66.51));
#10889=CARTESIAN_POINT('',(281.452402320756,-61.6601165295918,66.51));
#10890=CARTESIAN_POINT('',(291.244256243033,-95.7704599406311,66.51));
#10891=CARTESIAN_POINT('',(276.39877166946,-95.7704599406311,66.51));
#10892=CARTESIAN_POINT('',(291.244256243033,-95.7704599406311,66.51));
#10893=CARTESIAN_POINT('',(276.39877166946,-81.0302531173949,66.51));
#10894=CARTESIAN_POINT('',(276.39877166946,-95.7704599406311,66.51));
#10895=CARTESIAN_POINT('',(291.244256243033,-81.0302531173949,66.51));
#10896=CARTESIAN_POINT('',(276.39877166946,-81.0302531173949,66.51));
#10897=CARTESIAN_POINT('',(291.244256243033,-81.0302531173949,66.51));
#10898=CARTESIAN_POINT('',(176.000002622604,-96.0000014305115,66.51));
#10899=CARTESIAN_POINT('',(161.227681735495,-96.0000014305115,66.51));
#10900=CARTESIAN_POINT('',(176.000002622604,-96.0000014305115,66.51));
#10901=CARTESIAN_POINT('',(161.227681735495,-81.0302531173949,66.51));
#10902=CARTESIAN_POINT('',(161.227681735495,-96.0000014305115,66.51));
#10903=CARTESIAN_POINT('',(176.000002622604,-81.0302531173949,66.51));
#10904=CARTESIAN_POINT('',(161.227681735495,-81.0302531173949,66.51));
#10905=CARTESIAN_POINT('',(176.000002622604,-81.0302531173949,66.51));
#10906=CARTESIAN_POINT('',(310.468745644372,-95.8422940662131,66.51));
#10907=CARTESIAN_POINT('',(295.6232610708,-95.8422940662131,66.51));
#10908=CARTESIAN_POINT('',(310.468745644372,-95.8422940662131,66.51));
#10909=CARTESIAN_POINT('',(295.6232610708,-81.0302531173949,66.51));
#10910=CARTESIAN_POINT('',(295.6232610708,-95.8422940662131,66.51));
#10911=CARTESIAN_POINT('',(310.468745644372,-81.0302531173949,66.51));
#10912=CARTESIAN_POINT('',(295.6232610708,-81.0302531173949,66.51));
#10913=CARTESIAN_POINT('',(310.468745644372,-81.0302531173949,66.51));
#10914=CARTESIAN_POINT('',(252.758018601667,-95.5547892573507,66.51));
#10915=CARTESIAN_POINT('',(238.071026745962,-95.5547892573507,66.51));
#10916=CARTESIAN_POINT('',(252.758018601667,-95.5547892573507,66.51));
#10917=CARTESIAN_POINT('',(238.071026745962,-81.0302531173949,66.51));
#10918=CARTESIAN_POINT('',(238.071026745962,-95.5547892573507,66.51));
#10919=CARTESIAN_POINT('',(252.758018601667,-81.0302531173949,66.51));
#10920=CARTESIAN_POINT('',(238.071026745962,-81.0302531173949,66.51));
#10921=CARTESIAN_POINT('',(252.758018601667,-81.0302531173949,66.51));
#10922=CARTESIAN_POINT('',(177.156967440425,-52.6576658619475,66.51));
#10923=CARTESIAN_POINT('',(162.49600375511,-52.6576658619475,66.51));
#10924=CARTESIAN_POINT('',(177.156967440425,-52.6576658619475,66.51));
#10925=CARTESIAN_POINT('',(162.49600375511,-38.0000005662441,66.51));
#10926=CARTESIAN_POINT('',(162.49600375511,-52.6576658619475,66.51));
#10927=CARTESIAN_POINT('',(177.156967440425,-38.0000005662441,66.51));
#10928=CARTESIAN_POINT('',(162.49600375511,-38.0000005662441,66.51));
#10929=CARTESIAN_POINT('',(177.156967440425,-38.0000005662441,66.51));
#10930=CARTESIAN_POINT('',(127.711789733917,-153.031982549053,66.51));
#10931=CARTESIAN_POINT('',(113.236181586373,-153.031982549053,66.51));
#10932=CARTESIAN_POINT('',(127.711789733917,-153.031982549053,66.51));
#10933=CARTESIAN_POINT('',(113.236181586373,-138.417192501484,66.51));
#10934=CARTESIAN_POINT('',(113.236181586373,-153.031982549053,66.51));
#10935=CARTESIAN_POINT('',(127.711789733917,-138.417192501484,66.51));
#10936=CARTESIAN_POINT('',(113.236181586373,-138.417192501484,66.51));
#10937=CARTESIAN_POINT('',(127.711789733917,-138.417192501484,66.51));
#10938=CARTESIAN_POINT('',(318.37244528106,-52.4779713686043,66.51));
#10939=CARTESIAN_POINT('',(305.430164812674,-52.4779713686043,66.51));
#10940=CARTESIAN_POINT('',(318.37244528106,-52.4779713686043,66.51));
#10941=CARTESIAN_POINT('',(305.430164812674,-39.7058683753772,66.51));
#10942=CARTESIAN_POINT('',(305.430164812674,-52.4779713686043,66.51));
#10943=CARTESIAN_POINT('',(318.37244528106,-39.7058683753772,66.51));
#10944=CARTESIAN_POINT('',(305.430164812674,-39.7058683753772,66.51));
#10945=CARTESIAN_POINT('',(318.37244528106,-39.7058683753772,66.51));
#10946=CARTESIAN_POINT('',(343.462492799263,-153.221363446855,66.51));
#10947=CARTESIAN_POINT('',(328.570485871974,-153.221363446855,66.51));
#10948=CARTESIAN_POINT('',(343.462492799263,-153.221363446855,66.51));
#10949=CARTESIAN_POINT('',(328.570485871974,-138.561170714793,66.51));
#10950=CARTESIAN_POINT('',(328.570485871974,-153.221363446855,66.51));
#10951=CARTESIAN_POINT('',(343.462492799263,-138.561170714793,66.51));
#10952=CARTESIAN_POINT('',(328.570485871974,-138.561170714793,66.51));
#10953=CARTESIAN_POINT('',(343.462492799263,-138.561170714793,66.51));
#10954=CARTESIAN_POINT('',(300.686710569041,-76.5228361357667,66.51));
#10955=CARTESIAN_POINT('',(285.836414986709,-76.5228361357667,66.51));
#10956=CARTESIAN_POINT('',(300.686710569041,-76.5228361357667,66.51));
#10957=CARTESIAN_POINT('',(285.836414986709,-61.6601165295918,66.51));
#10958=CARTESIAN_POINT('',(285.836414986709,-76.5228361357667,66.51));
#10959=CARTESIAN_POINT('',(300.686710569041,-61.6601165295918,66.51));
#10960=CARTESIAN_POINT('',(285.836414986709,-61.6601165295918,66.51));
#10961=CARTESIAN_POINT('',(300.686710569041,-61.6601165295918,66.51));
#10962=CARTESIAN_POINT('',(101.229985099706,-133.823033034316,66.51));
#10963=CARTESIAN_POINT('',(86.7034217978092,-133.823033034316,66.51));
#10964=CARTESIAN_POINT('',(101.229985099706,-133.823033034316,66.51));
#10965=CARTESIAN_POINT('',(86.7034217978092,-119.324567533776,66.51));
#10966=CARTESIAN_POINT('',(86.7034217978092,-133.823033034316,66.51));
#10967=CARTESIAN_POINT('',(101.229985099706,-119.324567533776,66.51));
#10968=CARTESIAN_POINT('',(86.7034217978092,-119.324567533776,66.51));
#10969=CARTESIAN_POINT('',(101.229985099706,-119.324567533776,66.51));
#10970=CARTESIAN_POINT('',(142.054881149943,-114.840911686961,66.51));
#10971=CARTESIAN_POINT('',(127.402750456335,-114.840911686961,66.51));
#10972=CARTESIAN_POINT('',(142.054881149943,-114.840911686961,66.51));
#10973=CARTESIAN_POINT('',(127.402750456335,-100.20388800929,66.51));
#10974=CARTESIAN_POINT('',(127.402750456335,-114.840911686961,66.51));
#10975=CARTESIAN_POINT('',(142.054881149943,-100.20388800929,66.51));
#10976=CARTESIAN_POINT('',(127.402750456335,-100.20388800929,66.51));
#10977=CARTESIAN_POINT('',(142.054881149943,-100.20388800929,66.51));
#10978=CARTESIAN_POINT('',(276.871308000616,-114.823608999844,66.51));
#10979=CARTESIAN_POINT('',(262.11083920006,-114.823608999844,66.51));
#10980=CARTESIAN_POINT('',(276.871308000616,-114.823608999844,66.51));
#10981=CARTESIAN_POINT('',(262.11083920006,-100.25380848132,66.51));
#10982=CARTESIAN_POINT('',(262.11083920006,-114.823608999844,66.51));
#10983=CARTESIAN_POINT('',(276.871308000616,-100.25380848132,66.51));
#10984=CARTESIAN_POINT('',(262.11083920006,-100.25380848132,66.51));
#10985=CARTESIAN_POINT('',(276.871308000616,-100.25380848132,66.51));
#10986=CARTESIAN_POINT('',(132.339970146884,-133.920711812117,66.51));
#10987=CARTESIAN_POINT('',(117.792509652673,-133.920711812117,66.51));
#10988=CARTESIAN_POINT('',(132.339970146884,-133.920711812117,66.51));
#10989=CARTESIAN_POINT('',(117.792509652673,-119.324567533776,66.51));
#10990=CARTESIAN_POINT('',(117.792509652673,-133.920711812117,66.51));
#10991=CARTESIAN_POINT('',(132.339970146884,-119.324567533776,66.51));
#10992=CARTESIAN_POINT('',(117.792509652673,-119.324567533776,66.51));
#10993=CARTESIAN_POINT('',(132.339970146884,-119.324567533776,66.51));
#10994=CARTESIAN_POINT('',(195.000002905726,-96.0000014305115,66.51));
#10995=CARTESIAN_POINT('',(180.134905244771,-96.0000014305115,66.51));
#10996=CARTESIAN_POINT('',(195.000002905726,-96.0000014305115,66.51));
#10997=CARTESIAN_POINT('',(180.134905244771,-81.0302531173949,66.51));
#10998=CARTESIAN_POINT('',(180.134905244771,-96.0000014305115,66.51));
#10999=CARTESIAN_POINT('',(195.000002905726,-81.0302531173949,66.51));
#11000=CARTESIAN_POINT('',(180.134905244771,-81.0302531173949,66.51));
#11001=CARTESIAN_POINT('',(195.000002905726,-81.0302531173949,66.51));
#11002=CARTESIAN_POINT('',(286.000004261732,-134.000001996756,66.51));
#11003=CARTESIAN_POINT('',(271.464920295805,-134.000001996756,66.51));
#11004=CARTESIAN_POINT('',(286.000004261732,-134.000001996756,66.51));
#11005=CARTESIAN_POINT('',(271.464920295805,-119.286094186993,66.51));
#11006=CARTESIAN_POINT('',(271.464920295805,-134.000001996756,66.51));
#11007=CARTESIAN_POINT('',(286.000004261732,-119.286094186993,66.51));
#11008=CARTESIAN_POINT('',(271.464920295805,-119.286094186993,66.51));
#11009=CARTESIAN_POINT('',(286.000004261732,-119.286094186993,66.51));
#11010=CARTESIAN_POINT('',(272.000004053116,-96.0000014305115,66.51));
#11011=CARTESIAN_POINT('',(257.188586717294,-96.0000014305115,66.51));
#11012=CARTESIAN_POINT('',(272.000004053116,-96.0000014305115,66.51));
#11013=CARTESIAN_POINT('',(257.188586717294,-81.0302531173949,66.51));
#11014=CARTESIAN_POINT('',(257.188586717294,-96.0000014305115,66.51));
#11015=CARTESIAN_POINT('',(272.000004053116,-81.0302531173949,66.51));
#11016=CARTESIAN_POINT('',(257.188586717294,-81.0302531173949,66.51));
#11017=CARTESIAN_POINT('',(272.000004053116,-81.0302531173949,66.51));
#11018=CARTESIAN_POINT('',(247.66231923508,-133.844978872067,66.51));
#11019=CARTESIAN_POINT('',(233.060003221185,-133.844978872067,66.51));
#11020=CARTESIAN_POINT('',(247.66231923508,-133.844978872067,66.51));
#11021=CARTESIAN_POINT('',(233.060003221185,-119.394375232342,66.51));
#11022=CARTESIAN_POINT('',(233.060003221185,-133.844978872067,66.51));
#11023=CARTESIAN_POINT('',(247.66231923508,-119.394375232342,66.51));
#11024=CARTESIAN_POINT('',(233.060003221185,-119.394375232342,66.51));
#11025=CARTESIAN_POINT('',(247.66231923508,-119.394375232342,66.51));
#11026=CARTESIAN_POINT('',(315.323828445084,-114.95552061132,66.51));
#11027=CARTESIAN_POINT('',(300.48707815202,-114.95552061132,66.51));
#11028=CARTESIAN_POINT('',(315.323828445084,-114.95552061132,66.51));
#11029=CARTESIAN_POINT('',(300.48707815202,-100.25380848132,66.51));
#11030=CARTESIAN_POINT('',(300.48707815202,-114.95552061132,66.51));
#11031=CARTESIAN_POINT('',(315.323828445084,-100.25380848132,66.51));
#11032=CARTESIAN_POINT('',(300.48707815202,-100.25380848132,66.51));
#11033=CARTESIAN_POINT('',(315.323828445084,-100.25380848132,66.51));
#11034=CARTESIAN_POINT('',(209.182939383134,-134.044881163717,66.51));
#11035=CARTESIAN_POINT('',(194.421968350273,-134.044881163717,66.51));
#11036=CARTESIAN_POINT('',(209.182939383134,-134.044881163717,66.51));
#11037=CARTESIAN_POINT('',(194.421968350273,-119.524578136827,66.51));
#11038=CARTESIAN_POINT('',(194.421968350273,-134.044881163717,66.51));
#11039=CARTESIAN_POINT('',(209.182939383134,-119.524578136827,66.51));
#11040=CARTESIAN_POINT('',(194.421968350273,-119.524578136827,66.51));
#11041=CARTESIAN_POINT('',(209.182939383134,-119.524578136827,66.51));
#11042=CARTESIAN_POINT('',(228.408775658692,-133.952104405879,66.51));
#11043=CARTESIAN_POINT('',(213.569529996222,-133.952104405879,66.51));
#11044=CARTESIAN_POINT('',(228.408775658692,-133.952104405879,66.51));
#11045=CARTESIAN_POINT('',(213.569529996222,-119.22277908165,66.51));
#11046=CARTESIAN_POINT('',(213.569529996222,-133.952104405879,66.51));
#11047=CARTESIAN_POINT('',(228.408775658692,-119.22277908165,66.51));
#11048=CARTESIAN_POINT('',(213.569529996222,-119.22277908165,66.51));
#11049=CARTESIAN_POINT('',(228.408775658692,-119.22277908165,66.51));
#11050=CARTESIAN_POINT('',(329.59192608965,-95.4529244280389,66.51));
#11051=CARTESIAN_POINT('',(314.904934233945,-95.4529244280389,66.51));
#11052=CARTESIAN_POINT('',(329.59192608965,-95.4529244280389,66.51));
#11053=CARTESIAN_POINT('',(314.904934233945,-81.0302531173949,66.51));
#11054=CARTESIAN_POINT('',(314.904934233945,-95.4529244280389,66.51));
#11055=CARTESIAN_POINT('',(329.59192608965,-81.0302531173949,66.51));
#11056=CARTESIAN_POINT('',(314.904934233945,-81.0302531173949,66.51));
#11057=CARTESIAN_POINT('',(329.59192608965,-81.0302531173949,66.51));
#11058=CARTESIAN_POINT('',(204.674990541067,-76.4059473660176,66.51));
#11059=CARTESIAN_POINT('',(189.885556825875,-76.4059473660176,66.51));
#11060=CARTESIAN_POINT('',(204.674990541067,-76.4059473660176,66.51));
#11061=CARTESIAN_POINT('',(189.885556825875,-61.6601165295918,66.51));
#11062=CARTESIAN_POINT('',(189.885556825875,-76.4059473660176,66.51));
#11063=CARTESIAN_POINT('',(204.674990541067,-61.6601165295918,66.51));
#11064=CARTESIAN_POINT('',(189.885556825875,-61.6601165295918,66.51));
#11065=CARTESIAN_POINT('',(204.674990541067,-61.6601165295918,66.51));
#11066=CARTESIAN_POINT('',(170.646271899715,-133.935202405467,66.51));
#11067=CARTESIAN_POINT('',(156.205011608572,-133.935202405467,66.51));
#11068=CARTESIAN_POINT('',(170.646271899715,-133.935202405467,66.51));
#11069=CARTESIAN_POINT('',(156.205011608572,-119.362204335636,66.51));
#11070=CARTESIAN_POINT('',(156.205011608572,-133.935202405467,66.51));
#11071=CARTESIAN_POINT('',(170.646271899715,-119.362204335636,66.51));
#11072=CARTESIAN_POINT('',(156.205011608572,-119.362204335636,66.51));
#11073=CARTESIAN_POINT('',(170.646271899715,-119.362204335636,66.51));
#11074=CARTESIAN_POINT('',(296.000004410744,-115.000001713634,66.51));
#11075=CARTESIAN_POINT('',(281.361367314194,-115.000001713634,66.51));
#11076=CARTESIAN_POINT('',(296.000004410744,-115.000001713634,66.51));
#11077=CARTESIAN_POINT('',(281.361367314194,-100.25380848132,66.51));
#11078=CARTESIAN_POINT('',(281.361367314194,-115.000001713634,66.51));
#11079=CARTESIAN_POINT('',(296.000004410744,-100.25380848132,66.51));
#11080=CARTESIAN_POINT('',(281.361367314194,-100.25380848132,66.51));
#11081=CARTESIAN_POINT('',(296.000004410744,-100.25380848132,66.51));
#11082=CARTESIAN_POINT('',(213.398118783785,-52.7634463680539,66.51));
#11083=CARTESIAN_POINT('',(198.568281906467,-52.7634463680539,66.51));
#11084=CARTESIAN_POINT('',(213.398118783785,-52.7634463680539,66.51));
#11085=CARTESIAN_POINT('',(198.568281906467,-38.0000005662441,66.51));
#11086=CARTESIAN_POINT('',(198.568281906467,-52.7634463680539,66.51));
#11087=CARTESIAN_POINT('',(213.398118783785,-38.0000005662441,66.51));
#11088=CARTESIAN_POINT('',(198.568281906467,-38.0000005662441,66.51));
#11089=CARTESIAN_POINT('',(213.398118783785,-38.0000005662441,66.51));
#11090=CARTESIAN_POINT('',(166.294369957987,-76.5606249466003,66.51));
#11091=CARTESIAN_POINT('',(151.504936242796,-76.5606249466003,66.51));
#11092=CARTESIAN_POINT('',(166.294369957987,-76.5606249466003,66.51));
#11093=CARTESIAN_POINT('',(151.504936242796,-61.6601165295918,66.51));
#11094=CARTESIAN_POINT('',(151.504936242796,-76.5606249466003,66.51));
#11095=CARTESIAN_POINT('',(166.294369957987,-61.6601165295918,66.51));
#11096=CARTESIAN_POINT('',(151.504936242796,-61.6601165295918,66.51));
#11097=CARTESIAN_POINT('',(166.294369957987,-61.6601165295918,66.51));
#11098=CARTESIAN_POINT('',(382.061052042095,-153.379772682266,66.51));
#11099=CARTESIAN_POINT('',(367.227493287233,-153.379772682266,66.51));
#11100=CARTESIAN_POINT('',(382.061052042095,-153.379772682266,66.51));
#11101=CARTESIAN_POINT('',(367.227493287233,-138.561170714793,66.51));
#11102=CARTESIAN_POINT('',(367.227493287233,-153.379772682266,66.51));
#11103=CARTESIAN_POINT('',(382.061052042095,-138.561170714793,66.51));
#11104=CARTESIAN_POINT('',(367.227493287233,-138.561170714793,66.51));
#11105=CARTESIAN_POINT('',(382.061052042095,-138.561170714793,66.51));
#11106=CARTESIAN_POINT('',(190.000002831221,-134.000001996756,66.51));
#11107=CARTESIAN_POINT('',(175.429116702755,-134.000001996756,66.51));
#11108=CARTESIAN_POINT('',(190.000002831221,-134.000001996756,66.51));
#11109=CARTESIAN_POINT('',(175.429116702755,-119.362204335636,66.51));
#11110=CARTESIAN_POINT('',(175.429116702755,-134.000001996756,66.51));
#11111=CARTESIAN_POINT('',(190.000002831221,-119.362204335636,66.51));
#11112=CARTESIAN_POINT('',(175.429116702755,-119.362204335636,66.51));
#11113=CARTESIAN_POINT('',(190.000002831221,-119.362204335636,66.51));
#11114=CARTESIAN_POINT('',(320.07144739905,-76.3179638298096,66.51));
#11115=CARTESIAN_POINT('',(304.977704348155,-76.3179638298096,66.51));
#11116=CARTESIAN_POINT('',(320.07144739905,-76.3179638298096,66.51));
#11117=CARTESIAN_POINT('',(304.977704348155,-61.6601165295918,66.51));
#11118=CARTESIAN_POINT('',(304.977704348155,-76.3179638298096,66.51));
#11119=CARTESIAN_POINT('',(320.07144739905,-61.6601165295918,66.51));
#11120=CARTESIAN_POINT('',(304.977704348155,-61.6601165295918,66.51));
#11121=CARTESIAN_POINT('',(320.07144739905,-61.6601165295918,66.51));
#11122=CARTESIAN_POINT('',(149.369045827257,-152.973551717148,66.51));
#11123=CARTESIAN_POINT('',(134.812793623181,-152.973551717148,66.51));
#11124=CARTESIAN_POINT('',(149.369045827257,-152.973551717148,66.51));
#11125=CARTESIAN_POINT('',(134.812793623181,-138.417192501484,66.51));
#11126=CARTESIAN_POINT('',(134.812793623181,-152.973551717148,66.51));
#11127=CARTESIAN_POINT('',(149.369045827257,-138.417192501484,66.51));
#11128=CARTESIAN_POINT('',(134.812793623181,-138.417192501484,66.51));
#11129=CARTESIAN_POINT('',(149.369045827257,-138.417192501484,66.51));
#11130=CARTESIAN_POINT('',(139.000002071261,-53.0000007897615,66.51));
#11131=CARTESIAN_POINT('',(124.000001847744,-53.0000007897615,66.51));
#11132=CARTESIAN_POINT('',(139.000002071261,-53.0000007897615,66.51));
#11133=CARTESIAN_POINT('',(124.000001847744,-38.0000005662441,66.51));
#11134=CARTESIAN_POINT('',(124.000001847744,-53.0000007897615,66.51));
#11135=CARTESIAN_POINT('',(139.000002071261,-38.0000005662441,66.51));
#11136=CARTESIAN_POINT('',(124.000001847744,-38.0000005662441,66.51));
#11137=CARTESIAN_POINT('',(139.000002071261,-38.0000005662441,66.51));
#11138=CARTESIAN_POINT('',(157.951587055077,-52.6520069219814,66.51));
#11139=CARTESIAN_POINT('',(143.354090745023,-52.6520069219814,66.51));
#11140=CARTESIAN_POINT('',(157.951587055077,-52.6520069219814,66.51));
#11141=CARTESIAN_POINT('',(143.354090745023,-38.0000005662441,66.51));
#11142=CARTESIAN_POINT('',(143.354090745023,-52.6520069219814,66.51));
#11143=CARTESIAN_POINT('',(157.951587055077,-38.0000005662441,66.51));
#11144=CARTESIAN_POINT('',(143.354090745023,-38.0000005662441,66.51));
#11145=CARTESIAN_POINT('',(157.951587055077,-38.0000005662441,66.51));
#11146=CARTESIAN_POINT('',(161.109909810313,-114.741308747698,66.51));
#11147=CARTESIAN_POINT('',(146.641757576498,-114.741308747698,66.51));
#11148=CARTESIAN_POINT('',(161.109909810313,-114.741308747698,66.51));
#11149=CARTESIAN_POINT('',(146.641757576498,-100.20388800929,66.51));
#11150=CARTESIAN_POINT('',(146.641757576498,-114.741308747698,66.51));
#11151=CARTESIAN_POINT('',(161.109909810313,-100.20388800929,66.51));
#11152=CARTESIAN_POINT('',(146.641757576498,-100.20388800929,66.51));
#11153=CARTESIAN_POINT('',(161.109909810313,-100.20388800929,66.51));
#11154=CARTESIAN_POINT('',(94.0000014007092,-95.5000014230609,66.51));
#11155=CARTESIAN_POINT('',(79.6451930166397,-95.5000014230609,66.51));
#11156=CARTESIAN_POINT('',(94.0000014007092,-95.5000014230609,66.51));
#11157=CARTESIAN_POINT('',(79.6451930166397,-81.0613413131146,66.51));
#11158=CARTESIAN_POINT('',(79.6451930166397,-95.5000014230609,66.51));
#11159=CARTESIAN_POINT('',(94.0000014007092,-81.0613413131146,66.51));
#11160=CARTESIAN_POINT('',(79.6451930166397,-81.0613413131146,66.51));
#11161=CARTESIAN_POINT('',(94.0000014007092,-81.0613413131146,66.51));
#11162=CARTESIAN_POINT('',(93.7079632650951,-52.3511816136214,66.51));
#11163=CARTESIAN_POINT('',(79.3709272699253,-52.3511816136214,66.51));
#11164=CARTESIAN_POINT('',(93.7079632650951,-52.3511816136214,66.51));
#11165=CARTESIAN_POINT('',(79.3709272699253,-37.9722244605709,66.51));
#11166=CARTESIAN_POINT('',(79.3709272699253,-52.3511816136214,66.51));
#11167=CARTESIAN_POINT('',(93.7079632650951,-37.9722244605709,66.51));
#11168=CARTESIAN_POINT('',(79.3709272699253,-37.9722244605709,66.51));
#11169=CARTESIAN_POINT('',(93.7079632650951,-37.9722244605709,66.51));
#11170=CARTESIAN_POINT('',(362.698110908682,-153.407877429557,66.51));
#11171=CARTESIAN_POINT('',(347.864552153819,-153.407877429557,66.51));
#11172=CARTESIAN_POINT('',(362.698110908682,-153.407877429557,66.51));
#11173=CARTESIAN_POINT('',(347.864552153819,-138.561170714793,66.51));
#11174=CARTESIAN_POINT('',(347.864552153819,-153.407877429557,66.51));
#11175=CARTESIAN_POINT('',(362.698110908682,-138.561170714793,66.51));
#11176=CARTESIAN_POINT('',(347.864552153819,-138.561170714793,66.51));
#11177=CARTESIAN_POINT('',(362.698110908682,-138.561170714793,66.51));
#11178=CARTESIAN_POINT('',(185.564364258885,-76.527671100299,66.51));
#11179=CARTESIAN_POINT('',(170.957516145115,-76.527671100299,66.51));
#11180=CARTESIAN_POINT('',(185.564364258885,-76.527671100299,66.51));
#11181=CARTESIAN_POINT('',(170.957516145115,-61.6601165295918,66.51));
#11182=CARTESIAN_POINT('',(170.957516145115,-76.527671100299,66.51));
#11183=CARTESIAN_POINT('',(185.564364258885,-61.6601165295918,66.51));
#11184=CARTESIAN_POINT('',(170.957516145115,-61.6601165295918,66.51));
#11185=CARTESIAN_POINT('',(185.564364258885,-61.6601165295918,66.51));
#11186=CARTESIAN_POINT('',(214.295359664576,-95.7566873369831,66.51));
#11187=CARTESIAN_POINT('',(199.080058749313,-95.7566873369831,66.51));
#11188=CARTESIAN_POINT('',(214.295359664576,-95.7566873369831,66.51));
#11189=CARTESIAN_POINT('',(199.080058749313,-81.0302531173949,66.51));
#11190=CARTESIAN_POINT('',(199.080058749313,-95.7566873369831,66.51));
#11191=CARTESIAN_POINT('',(214.295359664576,-81.0302531173949,66.51));
#11192=CARTESIAN_POINT('',(199.080058749313,-81.0302531173949,66.51));
#11193=CARTESIAN_POINT('',(214.295359664576,-81.0302531173949,66.51));
#11194=CARTESIAN_POINT('',(266.81664597012,-134.007124336561,66.51));
#11195=CARTESIAN_POINT('',(252.29018614331,-134.007124336561,66.51));
#11196=CARTESIAN_POINT('',(266.81664597012,-134.007124336561,66.51));
#11197=CARTESIAN_POINT('',(252.29018614331,-119.394375232342,66.51));
#11198=CARTESIAN_POINT('',(252.29018614331,-134.007124336561,66.51));
#11199=CARTESIAN_POINT('',(266.81664597012,-119.394375232342,66.51));
#11200=CARTESIAN_POINT('',(252.29018614331,-119.394375232342,66.51));
#11201=CARTESIAN_POINT('',(266.81664597012,-119.394375232342,66.51));
#11202=CARTESIAN_POINT('',(108.625559330436,-76.303364832298,66.51));
#11203=CARTESIAN_POINT('',(94.2061595028855,-76.303364832298,66.51));
#11204=CARTESIAN_POINT('',(108.625559330436,-76.303364832298,66.51));
#11205=CARTESIAN_POINT('',(94.2061595028855,-61.918356102984,66.51));
#11206=CARTESIAN_POINT('',(94.2061595028855,-76.303364832298,66.51));
#11207=CARTESIAN_POINT('',(108.625559330436,-61.918356102984,66.51));
#11208=CARTESIAN_POINT('',(94.2061595028855,-61.918356102984,66.51));
#11209=CARTESIAN_POINT('',(108.625559330436,-61.918356102984,66.51));
#11210=CARTESIAN_POINT('',(96.4485219729799,-114.637718864245,66.51));
#11211=CARTESIAN_POINT('',(81.971500433471,-114.637718864245,66.51));
#11212=CARTESIAN_POINT('',(96.4485219729799,-114.637718864245,66.51));
#11213=CARTESIAN_POINT('',(81.971500433471,-100.201790521569,66.51));
#11214=CARTESIAN_POINT('',(81.971500433471,-114.637718864245,66.51));
#11215=CARTESIAN_POINT('',(96.4485219729799,-100.201790521569,66.51));
#11216=CARTESIAN_POINT('',(81.971500433471,-100.201790521569,66.51));
#11217=CARTESIAN_POINT('',(96.4485219729799,-100.201790521569,66.51));
#11218=CARTESIAN_POINT('',(305.336550822213,-134.13512429894,66.51));
#11219=CARTESIAN_POINT('',(290.727547148767,-134.13512429894,66.51));
#11220=CARTESIAN_POINT('',(305.336550822213,-134.13512429894,66.51));
#11221=CARTESIAN_POINT('',(290.727547148767,-119.570796477707,66.51));
#11222=CARTESIAN_POINT('',(290.727547148767,-134.13512429894,66.51));
#11223=CARTESIAN_POINT('',(305.336550822213,-119.570796477707,66.51));
#11224=CARTESIAN_POINT('',(290.727547148767,-119.570796477707,66.51));
#11225=CARTESIAN_POINT('',(305.336550822213,-119.570796477707,66.51));
#11226=CARTESIAN_POINT('',(147.218581785287,-76.4495502447836,66.51));
#11227=CARTESIAN_POINT('',(132.368286202954,-76.4495502447836,66.51));
#11228=CARTESIAN_POINT('',(147.218581785287,-76.4495502447836,66.51));
#11229=CARTESIAN_POINT('',(132.368286202954,-61.6601165295918,66.51));
#11230=CARTESIAN_POINT('',(132.368286202954,-76.4495502447836,66.51));
#11231=CARTESIAN_POINT('',(147.218581785287,-61.6601165295918,66.51));
#11232=CARTESIAN_POINT('',(132.368286202954,-61.6601165295918,66.51));
#11233=CARTESIAN_POINT('',(147.218581785287,-61.6601165295918,66.51));
#11234=CARTESIAN_POINT('',(341.586647051571,-114.920535054324,66.51));
#11235=CARTESIAN_POINT('',(326.826178251016,-114.920535054324,66.51));
#11236=CARTESIAN_POINT('',(341.586647051571,-114.920535054324,66.51));
#11237=CARTESIAN_POINT('',(326.826178251016,-100.350769985042,66.51));
#11238=CARTESIAN_POINT('',(326.826178251016,-114.920535054324,66.51));
#11239=CARTESIAN_POINT('',(341.586647051571,-100.350769985042,66.51));
#11240=CARTESIAN_POINT('',(326.826178251016,-100.350769985042,66.51));
#11241=CARTESIAN_POINT('',(341.586647051571,-100.350769985042,66.51));
#11242=CARTESIAN_POINT('',(151.738353887538,-134.098306631355,66.51));
#11243=CARTESIAN_POINT('',(137.002574101517,-134.098306631355,66.51));
#11244=CARTESIAN_POINT('',(151.738353887538,-134.098306631355,66.51));
#11245=CARTESIAN_POINT('',(137.002574101517,-119.362204335636,66.51));
#11246=CARTESIAN_POINT('',(137.002574101517,-134.098306631355,66.51));
#11247=CARTESIAN_POINT('',(151.738353887538,-119.362204335636,66.51));
#11248=CARTESIAN_POINT('',(137.002574101517,-119.362204335636,66.51));
#11249=CARTESIAN_POINT('',(151.738353887538,-119.362204335636,66.51));
#11250=CARTESIAN_POINT('',(233.482278869547,-95.6027325637346,66.51));
#11251=CARTESIAN_POINT('',(218.742456107886,-95.6027325637346,66.51));
#11252=CARTESIAN_POINT('',(233.482278869547,-95.6027325637346,66.51));
#11253=CARTESIAN_POINT('',(218.742456107886,-81.0302531173949,66.51));
#11254=CARTESIAN_POINT('',(218.742456107886,-95.6027325637346,66.51));
#11255=CARTESIAN_POINT('',(233.482278869547,-81.0302531173949,66.51));
#11256=CARTESIAN_POINT('',(218.742456107886,-81.0302531173949,66.51));
#11257=CARTESIAN_POINT('',(233.482278869547,-81.0302531173949,66.51));
#11258=CARTESIAN_POINT('',(262.151031619735,-76.6445484310323,66.51));
#11259=CARTESIAN_POINT('',(247.179012303121,-76.6445484310323,66.51));
#11260=CARTESIAN_POINT('',(262.151031619735,-76.6445484310323,66.51));
#11261=CARTESIAN_POINT('',(247.179012303121,-61.6601165295918,66.51));
#11262=CARTESIAN_POINT('',(247.179012303121,-76.6445484310323,66.51));
#11263=CARTESIAN_POINT('',(262.151031619735,-61.6601165295918,66.51));
#11264=CARTESIAN_POINT('',(247.179012303121,-61.6601165295918,66.51));
#11265=CARTESIAN_POINT('',(262.151031619735,-61.6601165295918,66.51));
#11266=CARTESIAN_POINT('',(362.752247251002,-134.17729748395,66.51));
#11267=CARTESIAN_POINT('',(347.733246967841,-134.17729748395,66.51));
#11268=CARTESIAN_POINT('',(362.752247251002,-134.17729748395,66.51));
#11269=CARTESIAN_POINT('',(347.733246967841,-119.398399556526,66.51));
#11270=CARTESIAN_POINT('',(347.733246967841,-134.17729748395,66.51));
#11271=CARTESIAN_POINT('',(362.752247251002,-119.398399556526,66.51));
#11272=CARTESIAN_POINT('',(347.733246967841,-119.398399556526,66.51));
#11273=CARTESIAN_POINT('',(362.752247251002,-119.398399556526,66.51));
#11274=CARTESIAN_POINT('',(348.569970945985,-95.4829944492246,66.51));
#11275=CARTESIAN_POINT('',(334.000004976988,-95.4829944492246,66.51));
#11276=CARTESIAN_POINT('',(348.569970945985,-95.4829944492246,66.51));
#11277=CARTESIAN_POINT('',(334.000004976988,-81.0000012069941,66.51));
#11278=CARTESIAN_POINT('',(334.000004976988,-95.4829944492246,66.51));
#11279=CARTESIAN_POINT('',(348.569970945985,-81.0000012069941,66.51));
#11280=CARTESIAN_POINT('',(334.000004976988,-81.0000012069941,66.51));
#11281=CARTESIAN_POINT('',(348.569970945985,-81.0000012069941,66.51));
#11282=CARTESIAN_POINT('',(199.632657214106,-114.837935963613,66.51));
#11283=CARTESIAN_POINT('',(185.0418406077,-114.837935963613,66.51));
#11284=CARTESIAN_POINT('',(199.632657214106,-114.837935963613,66.51));
#11285=CARTESIAN_POINT('',(185.0418406077,-100.25380848132,66.51));
#11286=CARTESIAN_POINT('',(185.0418406077,-114.837935963613,66.51));
#11287=CARTESIAN_POINT('',(199.632657214106,-100.25380848132,66.51));
#11288=CARTESIAN_POINT('',(185.0418406077,-100.25380848132,66.51));
#11289=CARTESIAN_POINT('',(199.632657214106,-100.25380848132,66.51));
#11290=CARTESIAN_POINT('',(296.000004410744,-52.0000007748604,66.51));
#11291=CARTESIAN_POINT('',(264.290730608636,-52.0000007748604,66.51));
#11292=CARTESIAN_POINT('',(296.000004410744,-52.0000007748604,66.51));
#11293=CARTESIAN_POINT('',(264.290730608636,-38.9899373724879,66.51));
#11294=CARTESIAN_POINT('',(264.290730608636,-52.0000007748604,66.51));
#11295=CARTESIAN_POINT('',(296.000004410744,-38.9899373724879,66.51));
#11296=CARTESIAN_POINT('',(264.290730608636,-38.9899373724879,66.51));
#11297=CARTESIAN_POINT('',(296.000004410744,-38.9899373724879,66.51));
#11298=CARTESIAN_POINT('',(221.21322161706,-153.324310326082,66.51));
#11299=CARTESIAN_POINT('',(206.108342662916,-153.324310326082,66.51));
#11300=CARTESIAN_POINT('',(221.21322161706,-153.324310326082,66.51));
#11301=CARTESIAN_POINT('',(206.108342662916,-138.561170714793,66.51));
#11302=CARTESIAN_POINT('',(206.108342662916,-153.324310326082,66.51));
#11303=CARTESIAN_POINT('',(221.21322161706,-138.561170714793,66.51));
#11304=CARTESIAN_POINT('',(206.108342662916,-138.561170714793,66.51));
#11305=CARTESIAN_POINT('',(221.21322161706,-138.561170714793,66.51));
#11306=CARTESIAN_POINT('',(117.972441614279,-95.5013423172493,66.51));
#11307=CARTESIAN_POINT('',(103.448614622817,-95.5013423172493,66.51));
#11308=CARTESIAN_POINT('',(117.972441614279,-95.5013423172493,66.51));
#11309=CARTESIAN_POINT('',(103.448614622817,-81.009506134139,66.51));
#11310=CARTESIAN_POINT('',(103.448614622817,-95.5013423172493,66.51));
#11311=CARTESIAN_POINT('',(117.972441614279,-81.009506134139,66.51));
#11312=CARTESIAN_POINT('',(103.448614622817,-81.009506134139,66.51));
#11313=CARTESIAN_POINT('',(117.972441614279,-81.009506134139,66.51));
#11314=CARTESIAN_POINT('',(382.972716598332,-121.702152855686,66.51));
#11315=CARTESIAN_POINT('',(368.000005483627,-121.702152855686,66.51));
#11316=CARTESIAN_POINT('',(382.972716598332,-121.702152855686,66.51));
#11317=CARTESIAN_POINT('',(368.000005483627,-107.000001594424,66.51));
#11318=CARTESIAN_POINT('',(368.000005483627,-121.702152855686,66.51));
#11319=CARTESIAN_POINT('',(382.972716598332,-107.000001594424,66.51));
#11320=CARTESIAN_POINT('',(368.000005483627,-107.000001594424,66.51));
#11321=CARTESIAN_POINT('',(382.972716598332,-107.000001594424,66.51));
#11322=CARTESIAN_POINT('',(137.177979519439,-95.5267308863204,66.51));
#11323=CARTESIAN_POINT('',(122.622161719626,-95.5267308863204,66.51));
#11324=CARTESIAN_POINT('',(137.177979519439,-95.5267308863204,66.51));
#11325=CARTESIAN_POINT('',(122.622161719626,-81.009506134139,66.51));
#11326=CARTESIAN_POINT('',(122.622161719626,-95.5267308863204,66.51));
#11327=CARTESIAN_POINT('',(137.177979519439,-81.009506134139,66.51));
#11328=CARTESIAN_POINT('',(122.622161719626,-81.009506134139,66.51));
#11329=CARTESIAN_POINT('',(137.177979519439,-81.009506134139,66.51));
#11330=CARTESIAN_POINT('',(242.937624442989,-76.6170355011312,66.51));
#11331=CARTESIAN_POINT('',(228.087328860657,-76.6170355011312,66.51));
#11332=CARTESIAN_POINT('',(242.937624442989,-76.6170355011312,66.51));
#11333=CARTESIAN_POINT('',(228.087328860657,-61.6601165295918,66.51));
#11334=CARTESIAN_POINT('',(228.087328860657,-76.6170355011312,66.51));
#11335=CARTESIAN_POINT('',(242.937624442989,-61.6601165295918,66.51));
#11336=CARTESIAN_POINT('',(228.087328860657,-61.6601165295918,66.51));
#11337=CARTESIAN_POINT('',(242.937624442989,-61.6601165295918,66.51));
#11338=CARTESIAN_POINT('',(382.329784892951,-52.0014581359133,66.51));
#11339=CARTESIAN_POINT('',(376.413159837508,-57.9180831913564,66.51));
#11340=CARTESIAN_POINT('',(382.329784892951,-52.0014581359133,66.51));
#11341=CARTESIAN_POINT('',(382.329784892951,-63.8347082467995,66.51));
#11342=CARTESIAN_POINT('',(382.329784892951,-64.2806947185407,66.51));
#11343=CARTESIAN_POINT('',(361.443602759076,-42.9485261129247,66.51));
#11344=CARTESIAN_POINT('Origin',(63.1015085181079,-25.217266960854,60.));
#11345=CARTESIAN_POINT('',(63.1015085181079,-23.217266960854,69.5));
#11346=CARTESIAN_POINT('Origin',(63.1015085181079,-25.217266960854,69.5));
#11347=CARTESIAN_POINT('',(63.1015085181079,-23.217266960854,60.));
#11348=CARTESIAN_POINT('Origin',(63.1015085181078,-130.966975395055,69.5));
#11349=CARTESIAN_POINT('',(63.1015085181079,-25.217266960854,71.5));
#11350=CARTESIAN_POINT('Origin',(63.1015085181078,-25.217266960854,69.5));
#11351=CARTESIAN_POINT('',(63.1015085181078,-164.883544873121,71.5));
#11352=CARTESIAN_POINT('Origin',(63.1015085181078,-164.883544873121,69.5));
#11353=CARTESIAN_POINT('',(63.1015085181078,-130.966975395055,71.5));
#11354=CARTESIAN_POINT('Origin',(63.1015085181079,-164.883544873121,69.5));
#11355=CARTESIAN_POINT('Origin',(63.1015085181079,-164.883544873121,69.5));
#11356=CARTESIAN_POINT('Origin',(63.1015085181079,-25.217266960854,69.5));
#11357=CARTESIAN_POINT('Origin',(63.1015085181079,-25.217266960854,69.5));
#11358=CARTESIAN_POINT('Origin',(61.1015085181079,-23.217266960854,60.));
#11359=CARTESIAN_POINT('',(145.212486161131,-23.217266960854,69.5));
#11360=CARTESIAN_POINT('Origin',(145.212486161131,-25.217266960854,69.5));
#11361=CARTESIAN_POINT('',(145.212486161131,-25.217266960854,71.5));
#11362=CARTESIAN_POINT('Origin',(229.323463804155,-95.0504059169877,71.5));
#11363=CARTESIAN_POINT('',(395.545419090202,-164.883544873121,71.5));
#11364=CARTESIAN_POINT('',(313.434441447179,-164.883544873121,71.5));
#11365=CARTESIAN_POINT('',(395.545419090202,-25.217266960854,71.5));
#11366=CARTESIAN_POINT('',(395.545419090202,-59.1338364389209,71.5));
#11367=CARTESIAN_POINT('',(145.212486161131,-25.217266960854,71.5));
#11368=CARTESIAN_POINT('',(387.546929204225,-33.2157568468318,71.5));
#11369=CARTESIAN_POINT('',(150.21173110412,-33.2157568468318,71.5));
#11370=CARTESIAN_POINT('',(387.546929204225,-156.885054987144,71.5));
#11371=CARTESIAN_POINT('',(387.546929204225,-64.1330813819098,71.5));
#11372=CARTESIAN_POINT('',(71.0999984040856,-156.885054987144,71.5));
#11373=CARTESIAN_POINT('',(308.43519650419,-156.885054987144,71.5));
#11374=CARTESIAN_POINT('',(71.0999984040856,-33.2157568468318,71.5));
#11375=CARTESIAN_POINT('',(71.0999984040856,-125.967730452066,71.5));
#11376=CARTESIAN_POINT('',(150.21173110412,-33.2157568468318,71.5));
#11377=CARTESIAN_POINT('Origin',(313.434441447179,-164.883544873121,69.5));
#11378=CARTESIAN_POINT('Origin',(395.545419090202,-164.883544873121,69.5));
#11379=CARTESIAN_POINT('Origin',(145.212486161131,-25.217266960854,69.5));
#11380=CARTESIAN_POINT('Origin',(395.545419090202,-25.217266960854,69.5));
#11381=CARTESIAN_POINT('Origin',(395.545419090202,-25.217266960854,69.5));
#11382=CARTESIAN_POINT('Origin',(395.545419090202,-25.217266960854,69.5));
#11383=CARTESIAN_POINT('Origin',(395.545419090202,-59.1338364389209,69.5));
#11384=CARTESIAN_POINT('Origin',(395.545419090202,-164.883544873121,69.5));
#11385=CARTESIAN_POINT('Origin',(395.545419090202,-164.883544873121,69.5));
#11386=CARTESIAN_POINT('Origin',(382.467079716271,-33.2157568468318,64.5));
#11387=CARTESIAN_POINT('',(387.546929204225,-33.2157568468318,64.5));
#11388=CARTESIAN_POINT('Origin',(387.546929204225,-33.2157568468318,64.5));
#11389=CARTESIAN_POINT('',(387.546929204225,-156.885054987144,64.5));
#11390=CARTESIAN_POINT('Origin',(387.546929204225,-156.885054987144,64.5));
#11391=CARTESIAN_POINT('',(71.0999984040856,-156.885054987144,64.5));
#11392=CARTESIAN_POINT('Origin',(71.0999984040856,-156.885054987144,64.5));
#11393=CARTESIAN_POINT('',(71.0999984040856,-33.2157568468318,64.5));
#11394=CARTESIAN_POINT('Origin',(71.0999984040856,-33.2157568468318,64.5));
#11395=CARTESIAN_POINT('Origin',(382.456153409139,-23.727648522734,66.51));
#11396=CARTESIAN_POINT('Origin',(361.443602759076,-68.7097231062988,66.51));
#11397=CARTESIAN_POINT('',(372.18277731422,-57.9705485511546,66.51));
#11398=CARTESIAN_POINT('',(361.443602759076,-68.7097231062988,66.51));
#11399=CARTESIAN_POINT('Origin',(382.329784892951,-52.0014581359133,66.51));
#11400=CARTESIAN_POINT('',(374.271404404401,-60.0598386244637,66.51));
#11401=CARTESIAN_POINT('',(361.443602759076,-72.8876402697881,66.51));
#11402=CARTESIAN_POINT('Origin',(361.443602759076,-68.7097231062988,66.51));
#11403=CARTESIAN_POINT('',(374.324201255763,-55.8291246096117,66.51));
#11404=CARTESIAN_POINT('',(382.329784892951,-47.8235409724238,66.51));
#11405=CARTESIAN_POINT('Origin',(382.329784892951,-52.0014581359133,66.51));
#11406=CARTESIAN_POINT('',(376.413159837508,-57.9180831913564,66.51));
#11407=CARTESIAN_POINT('',(382.329784892951,-52.0014581359133,66.51));
#11408=CARTESIAN_POINT('Origin',(361.443602759076,-74.7394000539284,66.51));
#11409=CARTESIAN_POINT('',(361.443602759076,-47.2279651100589,66.51));
#11410=CARTESIAN_POINT('Origin',(361.443602759076,-74.7394000539284,66.51));
#11411=CARTESIAN_POINT('',(361.443602759076,-74.7394000539284,66.51));
#11412=CARTESIAN_POINT('Origin',(382.329784892951,-33.2719435545564,66.51));
#11413=CARTESIAN_POINT('',(382.329784892951,-63.8347082467996,66.51));
#11414=CARTESIAN_POINT('Origin',(382.329784892951,-33.2719435545564,66.51));
#11415=CARTESIAN_POINT('',(382.329784892951,-33.2719435545564,66.51));
#11416=CARTESIAN_POINT('Origin',(361.443602759076,-42.9485261129247,66.51));
#11417=CARTESIAN_POINT('Origin',(382.329784892951,-68.1207770470432,66.51));
#11418=CARTESIAN_POINT('',(382.329784892951,-68.1207770470432,66.51));
#11419=CARTESIAN_POINT('Origin',(361.443602759076,-42.9485261129247,66.51));
#11420=CARTESIAN_POINT('',(361.443602759076,-42.9485261129247,66.51));
#11421=CARTESIAN_POINT('Origin',(382.329784892951,-68.1207770470432,66.51));
#11422=CARTESIAN_POINT('Origin',(382.329784892951,-33.2719435545564,66.51));
#11423=CARTESIAN_POINT('',(382.329784892951,-74.7394000539284,66.51));
#11424=CARTESIAN_POINT('Origin',(361.443602759076,-74.7394000539284,66.51));
#11425=CARTESIAN_POINT('',(361.443602759076,-33.2719435545564,66.51));
#11426=CARTESIAN_POINT('Origin',(361.443602759076,-33.2719435545564,66.51));
#11427=CARTESIAN_POINT('Origin',(382.329784892951,-74.7394000539284,66.51));
#11428=CARTESIAN_POINT('Origin',(228.087328860657,-61.6601165295918,66.51));
#11429=CARTESIAN_POINT('',(228.087328860657,-76.6170355011312,66.51));
#11430=CARTESIAN_POINT('',(228.087328860657,-61.6601165295918,66.51));
#11431=CARTESIAN_POINT('Origin',(242.937624442989,-61.6601165295918,66.51));
#11432=CARTESIAN_POINT('',(242.937624442989,-61.6601165295918,66.51));
#11433=CARTESIAN_POINT('Origin',(242.937624442989,-76.6170355011312,66.51));
#11434=CARTESIAN_POINT('',(242.937624442989,-76.6170355011312,66.51));
#11435=CARTESIAN_POINT('Origin',(228.087328860657,-76.6170355011312,66.51));
#11436=CARTESIAN_POINT('Origin',(122.622161719626,-81.009506134139,66.51));
#11437=CARTESIAN_POINT('',(122.622161719626,-95.5267308863204,66.51));
#11438=CARTESIAN_POINT('',(122.622161719626,-81.009506134139,66.51));
#11439=CARTESIAN_POINT('Origin',(137.177979519439,-81.009506134139,66.51));
#11440=CARTESIAN_POINT('',(137.177979519439,-81.009506134139,66.51));
#11441=CARTESIAN_POINT('Origin',(137.177979519439,-95.5267308863204,66.51));
#11442=CARTESIAN_POINT('',(137.177979519439,-95.5267308863204,66.51));
#11443=CARTESIAN_POINT('Origin',(122.622161719626,-95.5267308863204,66.51));
#11444=CARTESIAN_POINT('Origin',(368.000005483627,-107.000001594424,66.51));
#11445=CARTESIAN_POINT('',(368.000005483627,-121.702152855686,66.51));
#11446=CARTESIAN_POINT('',(368.000005483627,-107.000001594424,66.51));
#11447=CARTESIAN_POINT('Origin',(382.972716598332,-107.000001594424,66.51));
#11448=CARTESIAN_POINT('',(382.972716598332,-107.000001594424,66.51));
#11449=CARTESIAN_POINT('Origin',(382.972716598332,-121.702152855686,66.51));
#11450=CARTESIAN_POINT('',(382.972716598332,-121.702152855686,66.51));
#11451=CARTESIAN_POINT('Origin',(368.000005483627,-121.702152855686,66.51));
#11452=CARTESIAN_POINT('Origin',(103.448614622817,-81.009506134139,66.51));
#11453=CARTESIAN_POINT('',(103.448614622817,-95.5013423172493,66.51));
#11454=CARTESIAN_POINT('',(103.448614622817,-81.009506134139,66.51));
#11455=CARTESIAN_POINT('Origin',(117.972441614279,-81.009506134139,66.51));
#11456=CARTESIAN_POINT('',(117.972441614279,-81.009506134139,66.51));
#11457=CARTESIAN_POINT('Origin',(117.972441614279,-95.5013423172493,66.51));
#11458=CARTESIAN_POINT('',(117.972441614279,-95.5013423172493,66.51));
#11459=CARTESIAN_POINT('Origin',(103.448614622817,-95.5013423172493,66.51));
#11460=CARTESIAN_POINT('Origin',(206.108342662916,-138.561170714793,66.51));
#11461=CARTESIAN_POINT('',(206.108342662916,-153.324310326082,66.51));
#11462=CARTESIAN_POINT('',(206.108342662916,-138.561170714793,66.51));
#11463=CARTESIAN_POINT('Origin',(221.21322161706,-138.561170714793,66.51));
#11464=CARTESIAN_POINT('',(221.21322161706,-138.561170714793,66.51));
#11465=CARTESIAN_POINT('Origin',(221.21322161706,-153.324310326082,66.51));
#11466=CARTESIAN_POINT('',(221.21322161706,-153.324310326082,66.51));
#11467=CARTESIAN_POINT('Origin',(206.108342662916,-153.324310326082,66.51));
#11468=CARTESIAN_POINT('Origin',(264.290730608636,-38.9899373724879,66.51));
#11469=CARTESIAN_POINT('',(264.290730608636,-52.0000007748604,66.51));
#11470=CARTESIAN_POINT('',(264.290730608636,-38.9899373724879,66.51));
#11471=CARTESIAN_POINT('Origin',(296.000004410744,-38.9899373724879,66.51));
#11472=CARTESIAN_POINT('',(296.000004410744,-38.9899373724879,66.51));
#11473=CARTESIAN_POINT('Origin',(296.000004410744,-52.0000007748604,66.51));
#11474=CARTESIAN_POINT('',(296.000004410744,-52.0000007748604,66.51));
#11475=CARTESIAN_POINT('Origin',(264.290730608636,-52.0000007748604,66.51));
#11476=CARTESIAN_POINT('Origin',(185.0418406077,-100.25380848132,66.51));
#11477=CARTESIAN_POINT('',(185.0418406077,-114.837935963613,66.51));
#11478=CARTESIAN_POINT('',(185.0418406077,-100.25380848132,66.51));
#11479=CARTESIAN_POINT('Origin',(199.632657214106,-100.25380848132,66.51));
#11480=CARTESIAN_POINT('',(199.632657214106,-100.25380848132,66.51));
#11481=CARTESIAN_POINT('Origin',(199.632657214106,-114.837935963613,66.51));
#11482=CARTESIAN_POINT('',(199.632657214106,-114.837935963613,66.51));
#11483=CARTESIAN_POINT('Origin',(185.0418406077,-114.837935963613,66.51));
#11484=CARTESIAN_POINT('Origin',(334.000004976988,-81.0000012069941,66.51));
#11485=CARTESIAN_POINT('',(334.000004976988,-95.4829944492246,66.51));
#11486=CARTESIAN_POINT('',(334.000004976988,-81.0000012069941,66.51));
#11487=CARTESIAN_POINT('Origin',(348.569970945985,-81.0000012069941,66.51));
#11488=CARTESIAN_POINT('',(348.569970945985,-81.0000012069941,66.51));
#11489=CARTESIAN_POINT('Origin',(348.569970945985,-95.4829944492246,66.51));
#11490=CARTESIAN_POINT('',(348.569970945985,-95.4829944492246,66.51));
#11491=CARTESIAN_POINT('Origin',(334.000004976988,-95.4829944492246,66.51));
#11492=CARTESIAN_POINT('Origin',(347.733246967841,-119.398399556526,66.51));
#11493=CARTESIAN_POINT('',(347.733246967841,-134.17729748395,66.51));
#11494=CARTESIAN_POINT('',(347.733246967841,-119.398399556526,66.51));
#11495=CARTESIAN_POINT('Origin',(362.752247251002,-119.398399556526,66.51));
#11496=CARTESIAN_POINT('',(362.752247251002,-119.398399556526,66.51));
#11497=CARTESIAN_POINT('Origin',(362.752247251002,-134.17729748395,66.51));
#11498=CARTESIAN_POINT('',(362.752247251002,-134.17729748395,66.51));
#11499=CARTESIAN_POINT('Origin',(347.733246967841,-134.17729748395,66.51));
#11500=CARTESIAN_POINT('Origin',(247.179012303121,-61.6601165295918,66.51));
#11501=CARTESIAN_POINT('',(247.179012303121,-76.6445484310323,66.51));
#11502=CARTESIAN_POINT('',(247.179012303121,-61.6601165295918,66.51));
#11503=CARTESIAN_POINT('Origin',(262.151031619735,-61.6601165295918,66.51));
#11504=CARTESIAN_POINT('',(262.151031619735,-61.6601165295918,66.51));
#11505=CARTESIAN_POINT('Origin',(262.151031619735,-76.6445484310323,66.51));
#11506=CARTESIAN_POINT('',(262.151031619735,-76.6445484310323,66.51));
#11507=CARTESIAN_POINT('Origin',(247.179012303121,-76.6445484310323,66.51));
#11508=CARTESIAN_POINT('Origin',(218.742456107886,-81.0302531173949,66.51));
#11509=CARTESIAN_POINT('',(218.742456107886,-95.6027325637346,66.51));
#11510=CARTESIAN_POINT('',(218.742456107886,-81.0302531173949,66.51));
#11511=CARTESIAN_POINT('Origin',(233.482278869547,-81.0302531173949,66.51));
#11512=CARTESIAN_POINT('',(233.482278869547,-81.0302531173949,66.51));
#11513=CARTESIAN_POINT('Origin',(233.482278869547,-95.6027325637346,66.51));
#11514=CARTESIAN_POINT('',(233.482278869547,-95.6027325637346,66.51));
#11515=CARTESIAN_POINT('Origin',(218.742456107886,-95.6027325637346,66.51));
#11516=CARTESIAN_POINT('Origin',(137.002574101517,-119.362204335636,66.51));
#11517=CARTESIAN_POINT('',(137.002574101517,-134.098306631355,66.51));
#11518=CARTESIAN_POINT('',(137.002574101517,-119.362204335636,66.51));
#11519=CARTESIAN_POINT('Origin',(151.738353887538,-119.362204335636,66.51));
#11520=CARTESIAN_POINT('',(151.738353887538,-119.362204335636,66.51));
#11521=CARTESIAN_POINT('Origin',(151.738353887538,-134.098306631355,66.51));
#11522=CARTESIAN_POINT('',(151.738353887538,-134.098306631355,66.51));
#11523=CARTESIAN_POINT('Origin',(137.002574101517,-134.098306631355,66.51));
#11524=CARTESIAN_POINT('Origin',(326.826178251016,-100.350769985042,66.51));
#11525=CARTESIAN_POINT('',(326.826178251016,-114.920535054324,66.51));
#11526=CARTESIAN_POINT('',(326.826178251016,-100.350769985042,66.51));
#11527=CARTESIAN_POINT('Origin',(341.586647051571,-100.350769985042,66.51));
#11528=CARTESIAN_POINT('',(341.586647051571,-100.350769985042,66.51));
#11529=CARTESIAN_POINT('Origin',(341.586647051571,-114.920535054324,66.51));
#11530=CARTESIAN_POINT('',(341.586647051571,-114.920535054324,66.51));
#11531=CARTESIAN_POINT('Origin',(326.826178251016,-114.920535054324,66.51));
#11532=CARTESIAN_POINT('Origin',(132.368286202954,-61.6601165295918,66.51));
#11533=CARTESIAN_POINT('',(132.368286202954,-76.4495502447836,66.51));
#11534=CARTESIAN_POINT('',(132.368286202954,-61.6601165295918,66.51));
#11535=CARTESIAN_POINT('Origin',(147.218581785287,-61.6601165295918,66.51));
#11536=CARTESIAN_POINT('',(147.218581785287,-61.6601165295918,66.51));
#11537=CARTESIAN_POINT('Origin',(147.218581785287,-76.4495502447836,66.51));
#11538=CARTESIAN_POINT('',(147.218581785287,-76.4495502447836,66.51));
#11539=CARTESIAN_POINT('Origin',(132.368286202954,-76.4495502447836,66.51));
#11540=CARTESIAN_POINT('Origin',(290.727547148767,-119.570796477707,66.51));
#11541=CARTESIAN_POINT('',(290.727547148767,-134.13512429894,66.51));
#11542=CARTESIAN_POINT('',(290.727547148767,-119.570796477707,66.51));
#11543=CARTESIAN_POINT('Origin',(305.336550822213,-119.570796477707,66.51));
#11544=CARTESIAN_POINT('',(305.336550822213,-119.570796477707,66.51));
#11545=CARTESIAN_POINT('Origin',(305.336550822213,-134.13512429894,66.51));
#11546=CARTESIAN_POINT('',(305.336550822213,-134.13512429894,66.51));
#11547=CARTESIAN_POINT('Origin',(290.727547148767,-134.13512429894,66.51));
#11548=CARTESIAN_POINT('Origin',(81.971500433471,-100.201790521569,66.51));
#11549=CARTESIAN_POINT('',(81.971500433471,-114.637718864245,66.51));
#11550=CARTESIAN_POINT('',(81.971500433471,-100.201790521569,66.51));
#11551=CARTESIAN_POINT('Origin',(96.4485219729799,-100.201790521569,66.51));
#11552=CARTESIAN_POINT('',(96.4485219729799,-100.201790521569,66.51));
#11553=CARTESIAN_POINT('Origin',(96.4485219729799,-114.637718864245,66.51));
#11554=CARTESIAN_POINT('',(96.4485219729799,-114.637718864245,66.51));
#11555=CARTESIAN_POINT('Origin',(81.971500433471,-114.637718864245,66.51));
#11556=CARTESIAN_POINT('Origin',(94.2061595028855,-61.918356102984,66.51));
#11557=CARTESIAN_POINT('',(94.2061595028855,-76.303364832298,66.51));
#11558=CARTESIAN_POINT('',(94.2061595028855,-61.918356102984,66.51));
#11559=CARTESIAN_POINT('Origin',(108.625559330436,-61.918356102984,66.51));
#11560=CARTESIAN_POINT('',(108.625559330436,-61.918356102984,66.51));
#11561=CARTESIAN_POINT('Origin',(108.625559330436,-76.303364832298,66.51));
#11562=CARTESIAN_POINT('',(108.625559330436,-76.303364832298,66.51));
#11563=CARTESIAN_POINT('Origin',(94.2061595028855,-76.303364832298,66.51));
#11564=CARTESIAN_POINT('Origin',(252.29018614331,-119.394375232342,66.51));
#11565=CARTESIAN_POINT('',(252.29018614331,-134.007124336561,66.51));
#11566=CARTESIAN_POINT('',(252.29018614331,-119.394375232342,66.51));
#11567=CARTESIAN_POINT('Origin',(266.81664597012,-119.394375232342,66.51));
#11568=CARTESIAN_POINT('',(266.81664597012,-119.394375232342,66.51));
#11569=CARTESIAN_POINT('Origin',(266.81664597012,-134.007124336561,66.51));
#11570=CARTESIAN_POINT('',(266.81664597012,-134.007124336561,66.51));
#11571=CARTESIAN_POINT('Origin',(252.29018614331,-134.007124336561,66.51));
#11572=CARTESIAN_POINT('Origin',(199.080058749313,-81.0302531173949,66.51));
#11573=CARTESIAN_POINT('',(199.080058749313,-95.7566873369831,66.51));
#11574=CARTESIAN_POINT('',(199.080058749313,-81.0302531173949,66.51));
#11575=CARTESIAN_POINT('Origin',(214.295359664576,-81.0302531173949,66.51));
#11576=CARTESIAN_POINT('',(214.295359664576,-81.0302531173949,66.51));
#11577=CARTESIAN_POINT('Origin',(214.295359664576,-95.7566873369831,66.51));
#11578=CARTESIAN_POINT('',(214.295359664576,-95.7566873369831,66.51));
#11579=CARTESIAN_POINT('Origin',(199.080058749313,-95.7566873369831,66.51));
#11580=CARTESIAN_POINT('Origin',(170.957516145115,-61.6601165295918,66.51));
#11581=CARTESIAN_POINT('',(170.957516145115,-76.527671100299,66.51));
#11582=CARTESIAN_POINT('',(170.957516145115,-61.6601165295918,66.51));
#11583=CARTESIAN_POINT('Origin',(185.564364258885,-61.6601165295918,66.51));
#11584=CARTESIAN_POINT('',(185.564364258885,-61.6601165295918,66.51));
#11585=CARTESIAN_POINT('Origin',(185.564364258885,-76.527671100299,66.51));
#11586=CARTESIAN_POINT('',(185.564364258885,-76.527671100299,66.51));
#11587=CARTESIAN_POINT('Origin',(170.957516145115,-76.527671100299,66.51));
#11588=CARTESIAN_POINT('Origin',(347.864552153819,-138.561170714793,66.51));
#11589=CARTESIAN_POINT('',(347.864552153819,-153.407877429557,66.51));
#11590=CARTESIAN_POINT('',(347.864552153819,-138.561170714793,66.51));
#11591=CARTESIAN_POINT('Origin',(362.698110908682,-138.561170714793,66.51));
#11592=CARTESIAN_POINT('',(362.698110908682,-138.561170714793,66.51));
#11593=CARTESIAN_POINT('Origin',(362.698110908682,-153.407877429557,66.51));
#11594=CARTESIAN_POINT('',(362.698110908682,-153.407877429557,66.51));
#11595=CARTESIAN_POINT('Origin',(347.864552153819,-153.407877429557,66.51));
#11596=CARTESIAN_POINT('Origin',(79.3709272699253,-37.9722244605709,66.51));
#11597=CARTESIAN_POINT('',(79.3709272699253,-52.3511816136214,66.51));
#11598=CARTESIAN_POINT('',(79.3709272699253,-37.9722244605709,66.51));
#11599=CARTESIAN_POINT('Origin',(93.7079632650951,-37.9722244605709,66.51));
#11600=CARTESIAN_POINT('',(93.7079632650951,-37.9722244605709,66.51));
#11601=CARTESIAN_POINT('Origin',(93.7079632650951,-52.3511816136214,66.51));
#11602=CARTESIAN_POINT('',(93.7079632650951,-52.3511816136214,66.51));
#11603=CARTESIAN_POINT('Origin',(79.3709272699253,-52.3511816136214,66.51));
#11604=CARTESIAN_POINT('Origin',(79.6451930166397,-81.0613413131146,66.51));
#11605=CARTESIAN_POINT('',(79.6451930166397,-95.5000014230609,66.51));
#11606=CARTESIAN_POINT('',(79.6451930166397,-81.0613413131146,66.51));
#11607=CARTESIAN_POINT('Origin',(94.0000014007092,-81.0613413131146,66.51));
#11608=CARTESIAN_POINT('',(94.0000014007092,-81.0613413131146,66.51));
#11609=CARTESIAN_POINT('Origin',(94.0000014007092,-95.5000014230609,66.51));
#11610=CARTESIAN_POINT('',(94.0000014007092,-95.5000014230609,66.51));
#11611=CARTESIAN_POINT('Origin',(79.6451930166397,-95.5000014230609,66.51));
#11612=CARTESIAN_POINT('Origin',(146.641757576498,-100.20388800929,66.51));
#11613=CARTESIAN_POINT('',(146.641757576498,-114.741308747698,66.51));
#11614=CARTESIAN_POINT('',(146.641757576498,-100.20388800929,66.51));
#11615=CARTESIAN_POINT('Origin',(161.109909810313,-100.20388800929,66.51));
#11616=CARTESIAN_POINT('',(161.109909810313,-100.20388800929,66.51));
#11617=CARTESIAN_POINT('Origin',(161.109909810313,-114.741308747698,66.51));
#11618=CARTESIAN_POINT('',(161.109909810313,-114.741308747698,66.51));
#11619=CARTESIAN_POINT('Origin',(146.641757576498,-114.741308747698,66.51));
#11620=CARTESIAN_POINT('Origin',(143.354090745023,-38.0000005662441,66.51));
#11621=CARTESIAN_POINT('',(143.354090745023,-52.6520069219814,66.51));
#11622=CARTESIAN_POINT('',(143.354090745023,-38.0000005662441,66.51));
#11623=CARTESIAN_POINT('Origin',(157.951587055077,-38.0000005662441,66.51));
#11624=CARTESIAN_POINT('',(157.951587055077,-38.0000005662441,66.51));
#11625=CARTESIAN_POINT('Origin',(157.951587055077,-52.6520069219814,66.51));
#11626=CARTESIAN_POINT('',(157.951587055077,-52.6520069219814,66.51));
#11627=CARTESIAN_POINT('Origin',(143.354090745023,-52.6520069219814,66.51));
#11628=CARTESIAN_POINT('Origin',(124.000001847744,-38.0000005662441,66.51));
#11629=CARTESIAN_POINT('',(124.000001847744,-53.0000007897615,66.51));
#11630=CARTESIAN_POINT('',(124.000001847744,-38.0000005662441,66.51));
#11631=CARTESIAN_POINT('Origin',(139.000002071261,-38.0000005662441,66.51));
#11632=CARTESIAN_POINT('',(139.000002071261,-38.0000005662441,66.51));
#11633=CARTESIAN_POINT('Origin',(139.000002071261,-53.0000007897615,66.51));
#11634=CARTESIAN_POINT('',(139.000002071261,-53.0000007897615,66.51));
#11635=CARTESIAN_POINT('Origin',(124.000001847744,-53.0000007897615,66.51));
#11636=CARTESIAN_POINT('Origin',(134.812793623181,-138.417192501484,66.51));
#11637=CARTESIAN_POINT('',(134.812793623181,-152.973551717148,66.51));
#11638=CARTESIAN_POINT('',(134.812793623181,-138.417192501484,66.51));
#11639=CARTESIAN_POINT('Origin',(149.369045827257,-138.417192501484,66.51));
#11640=CARTESIAN_POINT('',(149.369045827257,-138.417192501484,66.51));
#11641=CARTESIAN_POINT('Origin',(149.369045827257,-152.973551717148,66.51));
#11642=CARTESIAN_POINT('',(149.369045827257,-152.973551717148,66.51));
#11643=CARTESIAN_POINT('Origin',(134.812793623181,-152.973551717148,66.51));
#11644=CARTESIAN_POINT('Origin',(304.977704348155,-61.6601165295918,66.51));
#11645=CARTESIAN_POINT('',(304.977704348155,-76.3179638298096,66.51));
#11646=CARTESIAN_POINT('',(304.977704348155,-61.6601165295918,66.51));
#11647=CARTESIAN_POINT('Origin',(320.07144739905,-61.6601165295918,66.51));
#11648=CARTESIAN_POINT('',(320.07144739905,-61.6601165295918,66.51));
#11649=CARTESIAN_POINT('Origin',(320.07144739905,-76.3179638298096,66.51));
#11650=CARTESIAN_POINT('',(320.07144739905,-76.3179638298096,66.51));
#11651=CARTESIAN_POINT('Origin',(304.977704348155,-76.3179638298096,66.51));
#11652=CARTESIAN_POINT('Origin',(175.429116702755,-119.362204335636,66.51));
#11653=CARTESIAN_POINT('',(175.429116702755,-134.000001996756,66.51));
#11654=CARTESIAN_POINT('',(175.429116702755,-119.362204335636,66.51));
#11655=CARTESIAN_POINT('Origin',(190.000002831221,-119.362204335636,66.51));
#11656=CARTESIAN_POINT('',(190.000002831221,-119.362204335636,66.51));
#11657=CARTESIAN_POINT('Origin',(190.000002831221,-134.000001996756,66.51));
#11658=CARTESIAN_POINT('',(190.000002831221,-134.000001996756,66.51));
#11659=CARTESIAN_POINT('Origin',(175.429116702755,-134.000001996756,66.51));
#11660=CARTESIAN_POINT('Origin',(367.227493287233,-138.561170714793,66.51));
#11661=CARTESIAN_POINT('',(367.227493287233,-153.379772682266,66.51));
#11662=CARTESIAN_POINT('',(367.227493287233,-138.561170714793,66.51));
#11663=CARTESIAN_POINT('Origin',(382.061052042095,-138.561170714793,66.51));
#11664=CARTESIAN_POINT('',(382.061052042095,-138.561170714793,66.51));
#11665=CARTESIAN_POINT('Origin',(382.061052042095,-153.379772682266,66.51));
#11666=CARTESIAN_POINT('',(382.061052042095,-153.379772682266,66.51));
#11667=CARTESIAN_POINT('Origin',(367.227493287233,-153.379772682266,66.51));
#11668=CARTESIAN_POINT('Origin',(151.504936242796,-61.6601165295918,66.51));
#11669=CARTESIAN_POINT('',(151.504936242796,-76.5606249466003,66.51));
#11670=CARTESIAN_POINT('',(151.504936242796,-61.6601165295918,66.51));
#11671=CARTESIAN_POINT('Origin',(166.294369957987,-61.6601165295918,66.51));
#11672=CARTESIAN_POINT('',(166.294369957987,-61.6601165295918,66.51));
#11673=CARTESIAN_POINT('Origin',(166.294369957987,-76.5606249466003,66.51));
#11674=CARTESIAN_POINT('',(166.294369957987,-76.5606249466003,66.51));
#11675=CARTESIAN_POINT('Origin',(151.504936242796,-76.5606249466003,66.51));
#11676=CARTESIAN_POINT('Origin',(198.568281906467,-38.0000005662441,66.51));
#11677=CARTESIAN_POINT('',(198.568281906467,-52.7634463680539,66.51));
#11678=CARTESIAN_POINT('',(198.568281906467,-38.0000005662441,66.51));
#11679=CARTESIAN_POINT('Origin',(213.398118783785,-38.0000005662441,66.51));
#11680=CARTESIAN_POINT('',(213.398118783785,-38.0000005662441,66.51));
#11681=CARTESIAN_POINT('Origin',(213.398118783785,-52.7634463680539,66.51));
#11682=CARTESIAN_POINT('',(213.398118783785,-52.7634463680539,66.51));
#11683=CARTESIAN_POINT('Origin',(198.568281906467,-52.7634463680539,66.51));
#11684=CARTESIAN_POINT('Origin',(281.361367314194,-100.25380848132,66.51));
#11685=CARTESIAN_POINT('',(281.361367314194,-115.000001713634,66.51));
#11686=CARTESIAN_POINT('',(281.361367314194,-100.25380848132,66.51));
#11687=CARTESIAN_POINT('Origin',(296.000004410744,-100.25380848132,66.51));
#11688=CARTESIAN_POINT('',(296.000004410744,-100.25380848132,66.51));
#11689=CARTESIAN_POINT('Origin',(296.000004410744,-115.000001713634,66.51));
#11690=CARTESIAN_POINT('',(296.000004410744,-115.000001713634,66.51));
#11691=CARTESIAN_POINT('Origin',(281.361367314194,-115.000001713634,66.51));
#11692=CARTESIAN_POINT('Origin',(156.205011608572,-119.362204335636,66.51));
#11693=CARTESIAN_POINT('',(156.205011608572,-133.935202405467,66.51));
#11694=CARTESIAN_POINT('',(156.205011608572,-119.362204335636,66.51));
#11695=CARTESIAN_POINT('Origin',(170.646271899715,-119.362204335636,66.51));
#11696=CARTESIAN_POINT('',(170.646271899715,-119.362204335636,66.51));
#11697=CARTESIAN_POINT('Origin',(170.646271899715,-133.935202405467,66.51));
#11698=CARTESIAN_POINT('',(170.646271899715,-133.935202405467,66.51));
#11699=CARTESIAN_POINT('Origin',(156.205011608572,-133.935202405467,66.51));
#11700=CARTESIAN_POINT('Origin',(189.885556825875,-61.6601165295918,66.51));
#11701=CARTESIAN_POINT('',(189.885556825875,-76.4059473660176,66.51));
#11702=CARTESIAN_POINT('',(189.885556825875,-61.6601165295918,66.51));
#11703=CARTESIAN_POINT('Origin',(204.674990541067,-61.6601165295918,66.51));
#11704=CARTESIAN_POINT('',(204.674990541067,-61.6601165295918,66.51));
#11705=CARTESIAN_POINT('Origin',(204.674990541067,-76.4059473660176,66.51));
#11706=CARTESIAN_POINT('',(204.674990541067,-76.4059473660176,66.51));
#11707=CARTESIAN_POINT('Origin',(189.885556825875,-76.4059473660176,66.51));
#11708=CARTESIAN_POINT('Origin',(314.904934233945,-81.0302531173949,66.51));
#11709=CARTESIAN_POINT('',(314.904934233945,-95.4529244280389,66.51));
#11710=CARTESIAN_POINT('',(314.904934233945,-81.0302531173949,66.51));
#11711=CARTESIAN_POINT('Origin',(329.59192608965,-81.0302531173949,66.51));
#11712=CARTESIAN_POINT('',(329.59192608965,-81.0302531173949,66.51));
#11713=CARTESIAN_POINT('Origin',(329.59192608965,-95.4529244280389,66.51));
#11714=CARTESIAN_POINT('',(329.59192608965,-95.4529244280389,66.51));
#11715=CARTESIAN_POINT('Origin',(314.904934233945,-95.4529244280389,66.51));
#11716=CARTESIAN_POINT('Origin',(213.569529996222,-119.22277908165,66.51));
#11717=CARTESIAN_POINT('',(213.569529996222,-133.952104405879,66.51));
#11718=CARTESIAN_POINT('',(213.569529996222,-119.22277908165,66.51));
#11719=CARTESIAN_POINT('Origin',(228.408775658692,-119.22277908165,66.51));
#11720=CARTESIAN_POINT('',(228.408775658692,-119.22277908165,66.51));
#11721=CARTESIAN_POINT('Origin',(228.408775658692,-133.952104405879,66.51));
#11722=CARTESIAN_POINT('',(228.408775658692,-133.952104405879,66.51));
#11723=CARTESIAN_POINT('Origin',(213.569529996222,-133.952104405879,66.51));
#11724=CARTESIAN_POINT('Origin',(194.421968350273,-119.524578136827,66.51));
#11725=CARTESIAN_POINT('',(194.421968350273,-134.044881163717,66.51));
#11726=CARTESIAN_POINT('',(194.421968350273,-119.524578136827,66.51));
#11727=CARTESIAN_POINT('Origin',(209.182939383134,-119.524578136827,66.51));
#11728=CARTESIAN_POINT('',(209.182939383134,-119.524578136827,66.51));
#11729=CARTESIAN_POINT('Origin',(209.182939383134,-134.044881163717,66.51));
#11730=CARTESIAN_POINT('',(209.182939383134,-134.044881163717,66.51));
#11731=CARTESIAN_POINT('Origin',(194.421968350273,-134.044881163717,66.51));
#11732=CARTESIAN_POINT('Origin',(300.48707815202,-100.25380848132,66.51));
#11733=CARTESIAN_POINT('',(300.48707815202,-114.95552061132,66.51));
#11734=CARTESIAN_POINT('',(300.48707815202,-100.25380848132,66.51));
#11735=CARTESIAN_POINT('Origin',(315.323828445084,-100.25380848132,66.51));
#11736=CARTESIAN_POINT('',(315.323828445084,-100.25380848132,66.51));
#11737=CARTESIAN_POINT('Origin',(315.323828445084,-114.95552061132,66.51));
#11738=CARTESIAN_POINT('',(315.323828445084,-114.95552061132,66.51));
#11739=CARTESIAN_POINT('Origin',(300.48707815202,-114.95552061132,66.51));
#11740=CARTESIAN_POINT('Origin',(233.060003221185,-119.394375232342,66.51));
#11741=CARTESIAN_POINT('',(233.060003221185,-133.844978872067,66.51));
#11742=CARTESIAN_POINT('',(233.060003221185,-119.394375232342,66.51));
#11743=CARTESIAN_POINT('Origin',(247.66231923508,-119.394375232342,66.51));
#11744=CARTESIAN_POINT('',(247.66231923508,-119.394375232342,66.51));
#11745=CARTESIAN_POINT('Origin',(247.66231923508,-133.844978872067,66.51));
#11746=CARTESIAN_POINT('',(247.66231923508,-133.844978872067,66.51));
#11747=CARTESIAN_POINT('Origin',(233.060003221185,-133.844978872067,66.51));
#11748=CARTESIAN_POINT('Origin',(257.188586717294,-81.0302531173949,66.51));
#11749=CARTESIAN_POINT('',(257.188586717294,-96.0000014305115,66.51));
#11750=CARTESIAN_POINT('',(257.188586717294,-81.0302531173949,66.51));
#11751=CARTESIAN_POINT('Origin',(272.000004053116,-81.0302531173949,66.51));
#11752=CARTESIAN_POINT('',(272.000004053116,-81.0302531173949,66.51));
#11753=CARTESIAN_POINT('Origin',(272.000004053116,-96.0000014305115,66.51));
#11754=CARTESIAN_POINT('',(272.000004053116,-96.0000014305115,66.51));
#11755=CARTESIAN_POINT('Origin',(257.188586717294,-96.0000014305115,66.51));
#11756=CARTESIAN_POINT('Origin',(271.464920295805,-119.286094186993,66.51));
#11757=CARTESIAN_POINT('',(271.464920295805,-134.000001996756,66.51));
#11758=CARTESIAN_POINT('',(271.464920295805,-119.286094186993,66.51));
#11759=CARTESIAN_POINT('Origin',(286.000004261732,-119.286094186993,66.51));
#11760=CARTESIAN_POINT('',(286.000004261732,-119.286094186993,66.51));
#11761=CARTESIAN_POINT('Origin',(286.000004261732,-134.000001996756,66.51));
#11762=CARTESIAN_POINT('',(286.000004261732,-134.000001996756,66.51));
#11763=CARTESIAN_POINT('Origin',(271.464920295805,-134.000001996756,66.51));
#11764=CARTESIAN_POINT('Origin',(180.134905244771,-81.0302531173949,66.51));
#11765=CARTESIAN_POINT('',(180.134905244771,-96.0000014305115,66.51));
#11766=CARTESIAN_POINT('',(180.134905244771,-81.0302531173949,66.51));
#11767=CARTESIAN_POINT('Origin',(195.000002905726,-81.0302531173949,66.51));
#11768=CARTESIAN_POINT('',(195.000002905726,-81.0302531173949,66.51));
#11769=CARTESIAN_POINT('Origin',(195.000002905726,-96.0000014305115,66.51));
#11770=CARTESIAN_POINT('',(195.000002905726,-96.0000014305115,66.51));
#11771=CARTESIAN_POINT('Origin',(180.134905244771,-96.0000014305115,66.51));
#11772=CARTESIAN_POINT('Origin',(117.792509652673,-119.324567533776,66.51));
#11773=CARTESIAN_POINT('',(117.792509652673,-133.920711812117,66.51));
#11774=CARTESIAN_POINT('',(117.792509652673,-119.324567533776,66.51));
#11775=CARTESIAN_POINT('Origin',(132.339970146884,-119.324567533776,66.51));
#11776=CARTESIAN_POINT('',(132.339970146884,-119.324567533776,66.51));
#11777=CARTESIAN_POINT('Origin',(132.339970146884,-133.920711812117,66.51));
#11778=CARTESIAN_POINT('',(132.339970146884,-133.920711812117,66.51));
#11779=CARTESIAN_POINT('Origin',(117.792509652673,-133.920711812117,66.51));
#11780=CARTESIAN_POINT('Origin',(262.11083920006,-100.25380848132,66.51));
#11781=CARTESIAN_POINT('',(262.11083920006,-114.823608999844,66.51));
#11782=CARTESIAN_POINT('',(262.11083920006,-100.25380848132,66.51));
#11783=CARTESIAN_POINT('Origin',(276.871308000616,-100.25380848132,66.51));
#11784=CARTESIAN_POINT('',(276.871308000616,-100.25380848132,66.51));
#11785=CARTESIAN_POINT('Origin',(276.871308000616,-114.823608999844,66.51));
#11786=CARTESIAN_POINT('',(276.871308000616,-114.823608999844,66.51));
#11787=CARTESIAN_POINT('Origin',(262.11083920006,-114.823608999844,66.51));
#11788=CARTESIAN_POINT('Origin',(127.402750456335,-100.20388800929,66.51));
#11789=CARTESIAN_POINT('',(127.402750456335,-114.840911686961,66.51));
#11790=CARTESIAN_POINT('',(127.402750456335,-100.20388800929,66.51));
#11791=CARTESIAN_POINT('Origin',(142.054881149943,-100.20388800929,66.51));
#11792=CARTESIAN_POINT('',(142.054881149943,-100.20388800929,66.51));
#11793=CARTESIAN_POINT('Origin',(142.054881149943,-114.840911686961,66.51));
#11794=CARTESIAN_POINT('',(142.054881149943,-114.840911686961,66.51));
#11795=CARTESIAN_POINT('Origin',(127.402750456335,-114.840911686961,66.51));
#11796=CARTESIAN_POINT('Origin',(86.7034217978092,-119.324567533776,66.51));
#11797=CARTESIAN_POINT('',(86.7034217978092,-133.823033034316,66.51));
#11798=CARTESIAN_POINT('',(86.7034217978092,-119.324567533776,66.51));
#11799=CARTESIAN_POINT('Origin',(101.229985099706,-119.324567533776,66.51));
#11800=CARTESIAN_POINT('',(101.229985099706,-119.324567533776,66.51));
#11801=CARTESIAN_POINT('Origin',(101.229985099706,-133.823033034316,66.51));
#11802=CARTESIAN_POINT('',(101.229985099706,-133.823033034316,66.51));
#11803=CARTESIAN_POINT('Origin',(86.7034217978092,-133.823033034316,66.51));
#11804=CARTESIAN_POINT('Origin',(285.836414986709,-61.6601165295918,66.51));
#11805=CARTESIAN_POINT('',(285.836414986709,-76.5228361357667,66.51));
#11806=CARTESIAN_POINT('',(285.836414986709,-61.6601165295918,66.51));
#11807=CARTESIAN_POINT('Origin',(300.686710569041,-61.6601165295918,66.51));
#11808=CARTESIAN_POINT('',(300.686710569041,-61.6601165295918,66.51));
#11809=CARTESIAN_POINT('Origin',(300.686710569041,-76.5228361357667,66.51));
#11810=CARTESIAN_POINT('',(300.686710569041,-76.5228361357667,66.51));
#11811=CARTESIAN_POINT('Origin',(285.836414986709,-76.5228361357667,66.51));
#11812=CARTESIAN_POINT('Origin',(328.570485871974,-138.561170714793,66.51));
#11813=CARTESIAN_POINT('',(328.570485871974,-153.221363446855,66.51));
#11814=CARTESIAN_POINT('',(328.570485871974,-138.561170714793,66.51));
#11815=CARTESIAN_POINT('Origin',(343.462492799263,-138.561170714793,66.51));
#11816=CARTESIAN_POINT('',(343.462492799263,-138.561170714793,66.51));
#11817=CARTESIAN_POINT('Origin',(343.462492799263,-153.221363446855,66.51));
#11818=CARTESIAN_POINT('',(343.462492799263,-153.221363446855,66.51));
#11819=CARTESIAN_POINT('Origin',(328.570485871974,-153.221363446855,66.51));
#11820=CARTESIAN_POINT('Origin',(305.430164812674,-39.7058683753772,66.51));
#11821=CARTESIAN_POINT('',(305.430164812674,-52.4779713686043,66.51));
#11822=CARTESIAN_POINT('',(305.430164812674,-39.7058683753772,66.51));
#11823=CARTESIAN_POINT('Origin',(318.37244528106,-39.7058683753772,66.51));
#11824=CARTESIAN_POINT('',(318.37244528106,-39.7058683753772,66.51));
#11825=CARTESIAN_POINT('Origin',(318.37244528106,-52.4779713686043,66.51));
#11826=CARTESIAN_POINT('',(318.37244528106,-52.4779713686043,66.51));
#11827=CARTESIAN_POINT('Origin',(305.430164812674,-52.4779713686043,66.51));
#11828=CARTESIAN_POINT('Origin',(113.236181586373,-138.417192501484,66.51));
#11829=CARTESIAN_POINT('',(113.236181586373,-153.031982549053,66.51));
#11830=CARTESIAN_POINT('',(113.236181586373,-138.417192501484,66.51));
#11831=CARTESIAN_POINT('Origin',(127.711789733917,-138.417192501484,66.51));
#11832=CARTESIAN_POINT('',(127.711789733917,-138.417192501484,66.51));
#11833=CARTESIAN_POINT('Origin',(127.711789733917,-153.031982549053,66.51));
#11834=CARTESIAN_POINT('',(127.711789733917,-153.031982549053,66.51));
#11835=CARTESIAN_POINT('Origin',(113.236181586373,-153.031982549053,66.51));
#11836=CARTESIAN_POINT('Origin',(162.49600375511,-38.0000005662441,66.51));
#11837=CARTESIAN_POINT('',(162.49600375511,-52.6576658619475,66.51));
#11838=CARTESIAN_POINT('',(162.49600375511,-38.0000005662441,66.51));
#11839=CARTESIAN_POINT('Origin',(177.156967440425,-38.0000005662441,66.51));
#11840=CARTESIAN_POINT('',(177.156967440425,-38.0000005662441,66.51));
#11841=CARTESIAN_POINT('Origin',(177.156967440425,-52.6576658619475,66.51));
#11842=CARTESIAN_POINT('',(177.156967440425,-52.6576658619475,66.51));
#11843=CARTESIAN_POINT('Origin',(162.49600375511,-52.6576658619475,66.51));
#11844=CARTESIAN_POINT('Origin',(238.071026745962,-81.0302531173949,66.51));
#11845=CARTESIAN_POINT('',(238.071026745962,-95.5547892573507,66.51));
#11846=CARTESIAN_POINT('',(238.071026745962,-81.0302531173949,66.51));
#11847=CARTESIAN_POINT('Origin',(252.758018601667,-81.0302531173949,66.51));
#11848=CARTESIAN_POINT('',(252.758018601667,-81.0302531173949,66.51));
#11849=CARTESIAN_POINT('Origin',(252.758018601667,-95.5547892573507,66.51));
#11850=CARTESIAN_POINT('',(252.758018601667,-95.5547892573507,66.51));
#11851=CARTESIAN_POINT('Origin',(238.071026745962,-95.5547892573507,66.51));
#11852=CARTESIAN_POINT('Origin',(295.6232610708,-81.0302531173949,66.51));
#11853=CARTESIAN_POINT('',(295.6232610708,-95.8422940662131,66.51));
#11854=CARTESIAN_POINT('',(295.6232610708,-81.0302531173949,66.51));
#11855=CARTESIAN_POINT('Origin',(310.468745644372,-81.0302531173949,66.51));
#11856=CARTESIAN_POINT('',(310.468745644372,-81.0302531173949,66.51));
#11857=CARTESIAN_POINT('Origin',(310.468745644372,-95.8422940662131,66.51));
#11858=CARTESIAN_POINT('',(310.468745644372,-95.8422940662131,66.51));
#11859=CARTESIAN_POINT('Origin',(295.6232610708,-95.8422940662131,66.51));
#11860=CARTESIAN_POINT('Origin',(161.227681735495,-81.0302531173949,66.51));
#11861=CARTESIAN_POINT('',(161.227681735495,-96.0000014305115,66.51));
#11862=CARTESIAN_POINT('',(161.227681735495,-81.0302531173949,66.51));
#11863=CARTESIAN_POINT('Origin',(176.000002622604,-81.0302531173949,66.51));
#11864=CARTESIAN_POINT('',(176.000002622604,-81.0302531173949,66.51));
#11865=CARTESIAN_POINT('Origin',(176.000002622604,-96.0000014305115,66.51));
#11866=CARTESIAN_POINT('',(176.000002622604,-96.0000014305115,66.51));
#11867=CARTESIAN_POINT('Origin',(161.227681735495,-96.0000014305115,66.51));
#11868=CARTESIAN_POINT('Origin',(276.39877166946,-81.0302531173949,66.51));
#11869=CARTESIAN_POINT('',(276.39877166946,-95.7704599406311,66.51));
#11870=CARTESIAN_POINT('',(276.39877166946,-81.0302531173949,66.51));
#11871=CARTESIAN_POINT('Origin',(291.244256243033,-81.0302531173949,66.51));
#11872=CARTESIAN_POINT('',(291.244256243033,-81.0302531173949,66.51));
#11873=CARTESIAN_POINT('Origin',(291.244256243033,-95.7704599406311,66.51));
#11874=CARTESIAN_POINT('',(291.244256243033,-95.7704599406311,66.51));
#11875=CARTESIAN_POINT('Origin',(276.39877166946,-95.7704599406311,66.51));
#11876=CARTESIAN_POINT('Origin',(266.602106738424,-61.6601165295918,66.51));
#11877=CARTESIAN_POINT('',(266.602106738424,-76.6003681850688,66.51));
#11878=CARTESIAN_POINT('',(266.602106738424,-61.6601165295918,66.51));
#11879=CARTESIAN_POINT('Origin',(281.452402320756,-61.6601165295918,66.51));
#11880=CARTESIAN_POINT('',(281.452402320756,-61.6601165295918,66.51));
#11881=CARTESIAN_POINT('Origin',(281.452402320756,-76.6003681850688,66.51));
#11882=CARTESIAN_POINT('',(281.452402320756,-76.6003681850688,66.51));
#11883=CARTESIAN_POINT('Origin',(266.602106738424,-76.6003681850688,66.51));
#11884=CARTESIAN_POINT('Origin',(141.680246531859,-81.0302531173949,66.51));
#11885=CARTESIAN_POINT('',(141.680246531859,-95.770075879056,66.51));
#11886=CARTESIAN_POINT('',(141.680246531859,-81.0302531173949,66.51));
#11887=CARTESIAN_POINT('Origin',(156.578562011387,-81.0302531173949,66.51));
#11888=CARTESIAN_POINT('',(156.578562011387,-81.0302531173949,66.51));
#11889=CARTESIAN_POINT('Origin',(156.578562011387,-95.770075879056,66.51));
#11890=CARTESIAN_POINT('',(156.578562011387,-95.770075879056,66.51));
#11891=CARTESIAN_POINT('Origin',(141.680246531859,-95.770075879056,66.51));
#11892=CARTESIAN_POINT('Origin',(223.579727879556,-100.25380848132,66.51));
#11893=CARTESIAN_POINT('',(223.579727879556,-114.723416851216,66.51));
#11894=CARTESIAN_POINT('',(223.579727879556,-100.25380848132,66.51));
#11895=CARTESIAN_POINT('Origin',(238.263915187603,-100.25380848132,66.51));
#11896=CARTESIAN_POINT('',(238.263915187603,-100.25380848132,66.51));
#11897=CARTESIAN_POINT('Origin',(238.263915187603,-114.723416851216,66.51));
#11898=CARTESIAN_POINT('',(238.263915187603,-114.723416851216,66.51));
#11899=CARTESIAN_POINT('Origin',(223.579727879556,-114.723416851216,66.51));
#11900=CARTESIAN_POINT('Origin',(74.8649219730279,-61.918356102984,66.51));
#11901=CARTESIAN_POINT('',(74.8649219730279,-76.3043419273666,66.51));
#11902=CARTESIAN_POINT('',(74.8649219730279,-61.918356102984,66.51));
#11903=CARTESIAN_POINT('Origin',(89.3137286962069,-61.918356102984,66.51));
#11904=CARTESIAN_POINT('',(89.3137286962069,-61.918356102984,66.51));
#11905=CARTESIAN_POINT('Origin',(89.3137286962069,-76.3043419273666,66.51));
#11906=CARTESIAN_POINT('',(89.3137286962069,-76.3043419273666,66.51));
#11907=CARTESIAN_POINT('Origin',(74.8649219730279,-76.3043419273666,66.51));
#11908=CARTESIAN_POINT('Origin',(299.493680931668,-138.561170714793,66.51));
#11909=CARTESIAN_POINT('',(299.493680931668,-153.245765833487,66.51));
#11910=CARTESIAN_POINT('',(299.493680931668,-138.561170714793,66.51));
#11911=CARTESIAN_POINT('Origin',(314.199949136313,-138.561170714793,66.51));
#11912=CARTESIAN_POINT('',(314.199949136313,-138.561170714793,66.51));
#11913=CARTESIAN_POINT('Origin',(314.199949136313,-153.245765833487,66.51));
#11914=CARTESIAN_POINT('',(314.199949136313,-153.245765833487,66.51));
#11915=CARTESIAN_POINT('Origin',(299.493680931668,-153.245765833487,66.51));
#11916=CARTESIAN_POINT('Origin',(94.0912501322427,-138.417192501484,66.51));
#11917=CARTESIAN_POINT('',(94.0912501322427,-152.870707375435,66.51));
#11918=CARTESIAN_POINT('',(94.0912501322427,-138.417192501484,66.51));
#11919=CARTESIAN_POINT('Origin',(108.445892194988,-138.417192501484,66.51));
#11920=CARTESIAN_POINT('',(108.445892194988,-138.417192501484,66.51));
#11921=CARTESIAN_POINT('Origin',(108.445892194988,-152.870707375435,66.51));
#11922=CARTESIAN_POINT('',(108.445892194988,-152.870707375435,66.51));
#11923=CARTESIAN_POINT('Origin',(94.0912501322427,-152.870707375435,66.51));
#11924=CARTESIAN_POINT('Origin',(74.854763942285,-138.417192501484,66.51));
#11925=CARTESIAN_POINT('',(74.854763942285,-153.094410790358,66.51));
#11926=CARTESIAN_POINT('',(74.854763942285,-138.417192501484,66.51));
#11927=CARTESIAN_POINT('Origin',(89.5319822311595,-138.417192501484,66.51));
#11928=CARTESIAN_POINT('',(89.5319822311595,-138.417192501484,66.51));
#11929=CARTESIAN_POINT('Origin',(89.5319822311595,-153.094410790358,66.51));
#11930=CARTESIAN_POINT('',(89.5319822311595,-153.094410790358,66.51));
#11931=CARTESIAN_POINT('Origin',(74.854763942285,-153.094410790358,66.51));
#11932=CARTESIAN_POINT('Origin',(113.07507431935,-61.6601165295918,66.51));
#11933=CARTESIAN_POINT('',(113.07507431935,-76.571273979065,66.51));
#11934=CARTESIAN_POINT('',(113.07507431935,-61.6601165295918,66.51));
#11935=CARTESIAN_POINT('Origin',(127.986231768823,-61.6601165295918,66.51));
#11936=CARTESIAN_POINT('',(127.986231768823,-61.6601165295918,66.51));
#11937=CARTESIAN_POINT('Origin',(127.986231768823,-76.571273979065,66.51));
#11938=CARTESIAN_POINT('',(127.986231768823,-76.571273979065,66.51));
#11939=CARTESIAN_POINT('Origin',(113.07507431935,-76.571273979065,66.51));
#11940=CARTESIAN_POINT('Origin',(242.922689749908,-100.25380848132,66.51));
#11941=CARTESIAN_POINT('',(242.922689749908,-114.830678811182,66.51));
#11942=CARTESIAN_POINT('',(242.922689749908,-100.25380848132,66.51));
#11943=CARTESIAN_POINT('Origin',(257.618329629325,-100.25380848132,66.51));
#11944=CARTESIAN_POINT('',(257.618329629325,-100.25380848132,66.51));
#11945=CARTESIAN_POINT('Origin',(257.618329629325,-114.830678811182,66.51));
#11946=CARTESIAN_POINT('',(257.618329629325,-114.830678811182,66.51));
#11947=CARTESIAN_POINT('Origin',(242.922689749908,-114.830678811182,66.51));
#11948=CARTESIAN_POINT('Origin',(208.80724470905,-61.6601165295918,66.51));
#11949=CARTESIAN_POINT('',(208.80724470905,-76.5061611852337,66.51));
#11950=CARTESIAN_POINT('',(208.80724470905,-61.6601165295918,66.51));
#11951=CARTESIAN_POINT('Origin',(223.779264025664,-61.6601165295918,66.51));
#11952=CARTESIAN_POINT('',(223.779264025664,-61.6601165295918,66.51));
#11953=CARTESIAN_POINT('Origin',(223.779264025664,-76.5061611852337,66.51));
#11954=CARTESIAN_POINT('',(223.779264025664,-76.5061611852337,66.51));
#11955=CARTESIAN_POINT('Origin',(208.80724470905,-76.5061611852337,66.51));
#11956=CARTESIAN_POINT('Origin',(367.909902165451,-87.6357662331305,66.51));
#11957=CARTESIAN_POINT('',(367.909902165451,-102.654766516292,66.51));
#11958=CARTESIAN_POINT('',(367.909902165451,-87.6357662331305,66.51));
#11959=CARTESIAN_POINT('Origin',(382.988978449745,-87.6357662331305,66.51));
#11960=CARTESIAN_POINT('',(382.988978449745,-87.6357662331305,66.51));
#11961=CARTESIAN_POINT('Origin',(382.988978449745,-102.654766516292,66.51));
#11962=CARTESIAN_POINT('',(382.988978449745,-102.654766516292,66.51));
#11963=CARTESIAN_POINT('Origin',(367.909902165451,-102.654766516292,66.51));
#11964=CARTESIAN_POINT('Origin',(333.170663042035,-39.7058683753772,66.51));
#11965=CARTESIAN_POINT('',(333.170663042035,-52.3698202315406,66.51));
#11966=CARTESIAN_POINT('',(333.170663042035,-39.7058683753772,66.51));
#11967=CARTESIAN_POINT('Origin',(345.904197051255,-39.7058683753772,66.51));
#11968=CARTESIAN_POINT('',(345.904197051255,-39.7058683753772,66.51));
#11969=CARTESIAN_POINT('Origin',(345.904197051255,-52.3698202315406,66.51));
#11970=CARTESIAN_POINT('',(345.904197051255,-52.3698202315406,66.51));
#11971=CARTESIAN_POINT('Origin',(333.170663042035,-52.3698202315406,66.51));
#11972=CARTESIAN_POINT('Origin',(277.847085148073,-138.561170714793,66.51));
#11973=CARTESIAN_POINT('',(277.847085148073,-153.283823743701,66.51));
#11974=CARTESIAN_POINT('',(277.847085148073,-138.561170714793,66.51));
#11975=CARTESIAN_POINT('Origin',(292.579534858284,-138.561170714793,66.51));
#11976=CARTESIAN_POINT('',(292.579534858284,-138.561170714793,66.51));
#11977=CARTESIAN_POINT('Origin',(292.579534858284,-153.283823743701,66.51));
#11978=CARTESIAN_POINT('',(292.579534858284,-153.283823743701,66.51));
#11979=CARTESIAN_POINT('Origin',(277.847085148073,-153.283823743701,66.51));
#11980=CARTESIAN_POINT('Origin',(204.171406018411,-100.25380848132,66.51));
#11981=CARTESIAN_POINT('',(204.171406018411,-114.744528185462,66.51));
#11982=CARTESIAN_POINT('',(204.171406018411,-100.25380848132,66.51));
#11983=CARTESIAN_POINT('Origin',(218.760009297929,-100.25380848132,66.51));
#11984=CARTESIAN_POINT('',(218.760009297929,-100.25380848132,66.51));
#11985=CARTESIAN_POINT('Origin',(218.760009297929,-114.744528185462,66.51));
#11986=CARTESIAN_POINT('',(218.760009297929,-114.744528185462,66.51));
#11987=CARTESIAN_POINT('Origin',(204.171406018411,-114.744528185462,66.51));
#11988=CARTESIAN_POINT('Origin',(237.000003531575,-38.0000005662441,66.51));
#11989=CARTESIAN_POINT('',(237.000003531575,-52.7806072083762,66.51));
#11990=CARTESIAN_POINT('',(237.000003531575,-38.0000005662441,66.51));
#11991=CARTESIAN_POINT('Origin',(251.73680752986,-38.0000005662441,66.51));
#11992=CARTESIAN_POINT('',(251.73680752986,-38.0000005662441,66.51));
#11993=CARTESIAN_POINT('Origin',(251.73680752986,-52.7806072083762,66.51));
#11994=CARTESIAN_POINT('',(251.73680752986,-52.7806072083762,66.51));
#11995=CARTESIAN_POINT('Origin',(237.000003531575,-52.7806072083762,66.51));
#11996=CARTESIAN_POINT('Origin',(329.055417770186,-61.6601165295918,66.51));
#11997=CARTESIAN_POINT('',(329.055417770186,-76.4503432670207,66.51));
#11998=CARTESIAN_POINT('',(329.055417770186,-61.6601165295918,66.51));
#11999=CARTESIAN_POINT('Origin',(343.96657521966,-61.6601165295918,66.51));
#12000=CARTESIAN_POINT('',(343.96657521966,-61.6601165295918,66.51));
#12001=CARTESIAN_POINT('Origin',(343.96657521966,-76.4503432670207,66.51));
#12002=CARTESIAN_POINT('',(343.96657521966,-76.4503432670207,66.51));
#12003=CARTESIAN_POINT('Origin',(329.055417770186,-76.4503432670207,66.51));
#12004=CARTESIAN_POINT('Origin',(108.352619339257,-100.253212254443,66.51));
#12005=CARTESIAN_POINT('',(108.352619339257,-114.656330162989,66.51));
#12006=CARTESIAN_POINT('',(108.352619339257,-100.253212254443,66.51));
#12007=CARTESIAN_POINT('Origin',(122.840711394757,-100.253212254443,66.51));
#12008=CARTESIAN_POINT('',(122.840711394757,-100.253212254443,66.51));
#12009=CARTESIAN_POINT('Origin',(122.840711394757,-114.656330162989,66.51));
#12010=CARTESIAN_POINT('',(122.840711394757,-114.656330162989,66.51));
#12011=CARTESIAN_POINT('Origin',(108.352619339257,-114.656330162989,66.51));
#12012=CARTESIAN_POINT('Origin',(165.72845025081,-100.25380848132,66.51));
#12013=CARTESIAN_POINT('',(165.72845025081,-114.806044953012,66.51));
#12014=CARTESIAN_POINT('',(165.72845025081,-100.25380848132,66.51));
#12015=CARTESIAN_POINT('Origin',(180.280686722502,-100.25380848132,66.51));
#12016=CARTESIAN_POINT('',(180.280686722502,-100.25380848132,66.51));
#12017=CARTESIAN_POINT('Origin',(180.280686722502,-114.806044953012,66.51));
#12018=CARTESIAN_POINT('',(180.280686722502,-114.806044953012,66.51));
#12019=CARTESIAN_POINT('Origin',(165.72845025081,-114.806044953012,66.51));
#12020=CARTESIAN_POINT('Origin',(321.765426763932,-119.398399556526,66.51));
#12021=CARTESIAN_POINT('',(321.765426763932,-134.237171836289,66.51));
#12022=CARTESIAN_POINT('',(321.765426763932,-119.398399556526,66.51));
#12023=CARTESIAN_POINT('Origin',(336.544123042563,-119.398399556526,66.51));
#12024=CARTESIAN_POINT('',(336.544123042563,-119.398399556526,66.51));
#12025=CARTESIAN_POINT('Origin',(336.544123042563,-134.237171836289,66.51));
#12026=CARTESIAN_POINT('',(336.544123042563,-134.237171836289,66.51));
#12027=CARTESIAN_POINT('Origin',(321.765426763932,-134.237171836289,66.51));
#12028=CARTESIAN_POINT('Origin',(218.000003248453,-38.0000005662441,66.51));
#12029=CARTESIAN_POINT('',(218.000003248453,-52.8580654859367,66.51));
#12030=CARTESIAN_POINT('',(218.000003248453,-38.0000005662441,66.51));
#12031=CARTESIAN_POINT('Origin',(232.541441695374,-38.0000005662441,66.51));
#12032=CARTESIAN_POINT('',(232.541441695374,-38.0000005662441,66.51));
#12033=CARTESIAN_POINT('Origin',(232.541441695374,-52.8580654859367,66.51));
#12034=CARTESIAN_POINT('',(232.541441695374,-52.8580654859367,66.51));
#12035=CARTESIAN_POINT('Origin',(218.000003248453,-52.8580654859367,66.51));
#12036=UNCERTAINTY_MEASURE_WITH_UNIT(LENGTH_MEASURE(0.01),#12040,
'DISTANCE_ACCURACY_VALUE',
'Maximum model space distance between geometric entities at asserted c
onnectivities');
#12037=UNCERTAINTY_MEASURE_WITH_UNIT(LENGTH_MEASURE(0.01),#12040,
'DISTANCE_ACCURACY_VALUE',
'Maximum model space distance between geometric entities at asserted c
onnectivities');
#12038=(
GEOMETRIC_REPRESENTATION_CONTEXT(3)
GLOBAL_UNCERTAINTY_ASSIGNED_CONTEXT((#12036))
GLOBAL_UNIT_ASSIGNED_CONTEXT((#12040,#12041,#12042))
REPRESENTATION_CONTEXT('','3D')
);
#12039=(
GEOMETRIC_REPRESENTATION_CONTEXT(3)
GLOBAL_UNCERTAINTY_ASSIGNED_CONTEXT((#12037))
GLOBAL_UNIT_ASSIGNED_CONTEXT((#12040,#12041,#12042))
REPRESENTATION_CONTEXT('','3D')
);
#12040=(
LENGTH_UNIT()
NAMED_UNIT(*)
SI_UNIT(.MILLI.,.METRE.)
);
#12041=(
NAMED_UNIT(*)
PLANE_ANGLE_UNIT()
SI_UNIT($,.RADIAN.)
);
#12042=(
NAMED_UNIT(*)
SI_UNIT($,.STERADIAN.)
SOLID_ANGLE_UNIT()
);
#12043=SHAPE_DEFINITION_REPRESENTATION(#12044,#12045);
#12044=PRODUCT_DEFINITION_SHAPE('',$,#12047);
#12045=SHAPE_REPRESENTATION('',(#7732),#12038);
#12046=PRODUCT_DEFINITION_CONTEXT('part definition',#12051,'design');
#12047=PRODUCT_DEFINITION('pcb3d 1','actual 67% keyboard',#12048,#12046);
#12048=PRODUCT_DEFINITION_FORMATION('',$,#12053);
#12049=PRODUCT_RELATED_PRODUCT_CATEGORY('actual 67% keyboard',
'actual 67% keyboard',(#12053));
#12050=APPLICATION_PROTOCOL_DEFINITION('international standard',
'automotive_design',2009,#12051);
#12051=APPLICATION_CONTEXT(
'Core Data for Automotive Mechanical Design Process');
#12052=PRODUCT_CONTEXT('part definition',#12051,'mechanical');
#12053=PRODUCT('pcb3d 1','actual 67% keyboard',
'KiCad electronic assembly',(#12052));
#12054=PRESENTATION_STYLE_ASSIGNMENT((#12055));
#12055=SURFACE_STYLE_USAGE(.BOTH.,#12056);
#12056=SURFACE_SIDE_STYLE('',(#12057));
#12057=SURFACE_STYLE_FILL_AREA(#12058);
#12058=FILL_AREA_STYLE('Steel - Satin',(#12059));
#12059=FILL_AREA_STYLE_COLOUR('Steel - Satin',#12060);
#12060=COLOUR_RGB('Steel - Satin',0.627450980392157,0.627450980392157,0.627450980392157);
ENDSEC;
END-ISO-10303-21;
